=== pke_chain start Thu Sep 10 21:19:56 EDT 2026 ===
device cuda torch 2.10.0+cu130
train 19,625,263 val 432,739  eval 200x400 = 80,000 positions
  size s100: HF96 HS40 E40 FL1 -> 84.8KB
  size s170: HF152 HS64 E48 FL1 -> 172.3KB
  size s260: HF208 HS80 E56 FL1 -> 282.4KB
  size s360: HF272 HS96 E64 FL1 -> 437.4KB

=== PHASE base (train-to-convergence, patience 8) ===
  RUN  gru/base_s100/seed0 (train-to-convergence B=512 L=96)
    [base_s100] step 1000 lr 2.50e-03 plateau mon 5.532 best 5.532@1000 since 0 (121s)
    [base_s100] step 2000 lr 2.50e-03 plateau mon 4.842 best 4.842@2000 since 0 (262s)
    [base_s100] step 3000 lr 2.50e-03 plateau mon 4.619 best 4.619@3000 since 0 (406s)
    [base_s100] step 4000 lr 2.50e-03 plateau mon 4.534 best 4.534@4000 since 0 (546s)
    [base_s100] step 5000 lr 2.50e-03 plateau mon 4.488 best 4.488@5000 since 0 (691s)
    [base_s100] step 6000 lr 2.50e-03 plateau mon 4.452 best 4.452@6000 since 0 (831s)
    [base_s100] step 7000 lr 2.50e-03 plateau mon 4.417 best 4.417@7000 since 0 (976s)
    [base_s100] step 8000 lr 2.50e-03 plateau mon 4.414 best 4.414@8000 since 0 (1116s)
    [base_s100] step 9000 lr 2.50e-03 plateau mon 4.416 best 4.414@8000 since 1 (1261s)
    [base_s100] step 10000 lr 2.50e-03 plateau mon 4.398 best 4.398@10000 since 0 (1402s)
    [base_s100] step 11000 lr 2.50e-03 plateau mon 4.388 best 4.388@11000 since 0 (1546s)
    [base_s100] step 12000 lr 2.50e-03 plateau mon 4.383 best 4.383@12000 since 0 (1687s)
    [base_s100] step 13000 lr 2.50e-03 plateau mon 4.380 best 4.380@13000 since 0 (1830s)
    [base_s100] step 14000 lr 2.50e-03 plateau mon 4.369 best 4.369@14000 since 0 (1973s)
    [base_s100] step 15000 lr 2.50e-03 plateau mon 4.356 best 4.356@15000 since 0 (2114s)
    [base_s100] step 16000 lr 2.50e-03 plateau mon 4.345 best 4.345@16000 since 0 (2259s)
    [base_s100] step 17000 lr 2.50e-03 plateau mon 4.330 best 4.330@17000 since 0 (2411s)
    [base_s100] step 18000 lr 2.50e-03 plateau mon 4.343 best 4.330@17000 since 1 (2575s)
    [base_s100] step 19000 lr 2.50e-03 plateau mon 4.324 best 4.324@19000 since 0 (2722s)
    [base_s100] step 20000 lr 2.50e-03 plateau mon 4.337 best 4.324@19000 since 1 (2858s)
    [base_s100] step 21000 lr 2.50e-03 plateau mon 4.324 best 4.324@19000 since 2 (3009s)
    [base_s100] step 22000 lr 2.50e-03 plateau mon 4.317 best 4.317@22000 since 0 (3142s)
    [base_s100] step 23000 lr 2.50e-03 plateau mon 4.306 best 4.306@23000 since 0 (3286s)
    [base_s100] step 24000 lr 2.50e-03 plateau mon 4.306 best 4.306@23000 since 1 (3425s)
    [base_s100] step 25000 lr 2.50e-03 plateau mon 4.313 best 4.306@23000 since 2 (3558s)
    [base_s100] step 26000 lr 2.50e-03 plateau mon 4.305 best 4.306@23000 since 3 (3697s)
    [base_s100] step 27000 lr 2.50e-03 plateau mon 4.316 best 4.306@23000 since 4 (3828s)
    [base_s100] step 28000 lr 2.50e-03 plateau mon 4.296 best 4.296@28000 since 0 (3972s)
    [base_s100] step 29000 lr 2.50e-03 plateau mon 4.296 best 4.296@28000 since 1 (4137s)
    [base_s100] step 30000 lr 2.50e-03 plateau mon 4.300 best 4.296@28000 since 2 (4274s)
    [base_s100] step 31000 lr 2.50e-03 plateau mon 4.295 best 4.296@28000 since 3 (4405s)
    [base_s100] step 32000 lr 2.50e-03 plateau mon 4.283 best 4.283@32000 since 0 (4534s)
    [base_s100] step 33000 lr 2.50e-03 plateau mon 4.272 best 4.272@33000 since 0 (4663s)
    [base_s100] step 34000 lr 2.50e-03 plateau mon 4.279 best 4.272@33000 since 1 (4792s)
    [base_s100] step 35000 lr 2.50e-03 plateau mon 4.288 best 4.272@33000 since 2 (4924s)
    [base_s100] step 36000 lr 2.50e-03 plateau mon 4.275 best 4.272@33000 since 3 (5053s)
    [base_s100] step 37000 lr 2.50e-03 plateau mon 4.276 best 4.272@33000 since 4 (5182s)
    [base_s100] step 38000 lr 2.50e-03 plateau mon 4.278 best 4.272@33000 since 5 (5312s)
    [base_s100] step 39000 lr 2.50e-03 plateau mon 4.262 best 4.262@39000 since 0 (5442s)
    [base_s100] step 40000 lr 2.50e-03 plateau mon 4.271 best 4.262@39000 since 1 (5573s)
    [base_s100] step 41000 lr 2.50e-03 plateau mon 4.272 best 4.262@39000 since 2 (5702s)
    [base_s100] step 42000 lr 2.50e-03 plateau mon 4.256 best 4.256@42000 since 0 (5833s)
    [base_s100] step 43000 lr 2.50e-03 plateau mon 4.291 best 4.256@42000 since 1 (5970s)
    [base_s100] step 44000 lr 2.50e-03 plateau mon 4.273 best 4.256@42000 since 2 (6102s)
    [base_s100] step 45000 lr 2.50e-03 plateau mon 4.261 best 4.256@42000 since 3 (6239s)
    [base_s100] step 46000 lr 2.50e-03 plateau mon 4.258 best 4.256@42000 since 4 (6380s)
    [base_s100] step 47000 lr 2.50e-03 plateau mon 4.267 best 4.256@42000 since 5 (6513s)
    [base_s100] step 48000 lr 2.50e-03 plateau mon 4.271 best 4.256@42000 since 6 (6658s)
    [base_s100] step 49000 lr 2.50e-03 plateau mon 4.262 best 4.256@42000 since 7 (6793s)
    [base_s100] step 50000 lr 2.50e-03 plateau mon 4.272 best 4.256@42000 since 8 (6918s)
    [base_s100] -> DECAY triggered at step 50000
    [base_s100] step 51000 lr 2.26e-03 decay mon 4.249 best 4.249@51000 since 0 (7046s)
    [base_s100] step 52000 lr 1.64e-03 decay mon 4.243 best 4.243@52000 since 0 (7174s)
    [base_s100] step 53000 lr 8.78e-04 decay mon 4.216 best 4.216@53000 since 0 (7301s)
    [base_s100] step 54000 lr 2.57e-04 decay mon 4.207 best 4.207@54000 since 0 (7429s)
    [base_s100] step 55000 lr 2.00e-05 decay mon 4.207 best 4.207@54000 since 1 (7552s)
C:\Users\Timeroot\AppData\Local\Packages\PythonSoftwareFoundation.Python.3.13_qbz5n2kfra8p0\LocalCache\local-packages\Python313\site-packages\torch\nn\modules\rnn.py:1415: UserWarning: RNN module weights are not part of single contiguous chunk of memory. This means they need to be compacted at every call, possibly greatly increasing memory usage. To compact weights again call flatten_parameters(). (Triggered internally at C:\actions-runner\_work\pytorch\pytorch\pytorch\aten\src\ATen\native\cudnn\RNN.cpp:1480.)
  result = _VF.gru(
  DONE gru/base_s100/seed0: 84.8KB (i8 70.0+pke 0.00+f32 14.7) float 4.245 int8 ppl 4.248 t1 0.576 t3 0.780 | best@54000 decayed mon 4.207 [appended]
  RUN  gru/base_s170/seed0 (train-to-convergence B=512 L=96)
    [base_s170] step 1000 lr 2.50e-03 plateau mon 4.826 best 4.826@1000 since 0 (135s)
    [base_s170] step 2000 lr 2.50e-03 plateau mon 4.319 best 4.319@2000 since 0 (274s)
    [base_s170] step 3000 lr 2.50e-03 plateau mon 4.188 best 4.188@3000 since 0 (417s)
    [base_s170] step 4000 lr 2.50e-03 plateau mon 4.136 best 4.136@4000 since 0 (553s)
    [base_s170] step 5000 lr 2.50e-03 plateau mon 4.078 best 4.078@5000 since 0 (695s)
    [base_s170] step 6000 lr 2.50e-03 plateau mon 4.052 best 4.052@6000 since 0 (834s)
    [base_s170] step 7000 lr 2.50e-03 plateau mon 4.012 best 4.012@7000 since 0 (976s)
    [base_s170] step 8000 lr 2.50e-03 plateau mon 3.995 best 3.995@8000 since 0 (1115s)
    [base_s170] step 9000 lr 2.50e-03 plateau mon 3.991 best 3.991@9000 since 0 (1253s)
    [base_s170] step 10000 lr 2.50e-03 plateau mon 3.958 best 3.958@10000 since 0 (1400s)
    [base_s170] step 11000 lr 2.50e-03 plateau mon 3.981 best 3.958@10000 since 1 (1546s)
    [base_s170] step 12000 lr 2.50e-03 plateau mon 3.954 best 3.954@12000 since 0 (1691s)
    [base_s170] step 13000 lr 2.50e-03 plateau mon 3.950 best 3.950@13000 since 0 (1833s)
    [base_s170] step 14000 lr 2.50e-03 plateau mon 3.930 best 3.930@14000 since 0 (1982s)
    [base_s170] step 15000 lr 2.50e-03 plateau mon 3.926 best 3.926@15000 since 0 (2125s)
    [base_s170] step 16000 lr 2.50e-03 plateau mon 3.933 best 3.926@15000 since 1 (2271s)
    [base_s170] step 17000 lr 2.50e-03 plateau mon 3.905 best 3.905@17000 since 0 (2410s)
    [base_s170] step 18000 lr 2.50e-03 plateau mon 3.900 best 3.900@18000 since 0 (2552s)
    [base_s170] step 19000 lr 2.50e-03 plateau mon 3.889 best 3.889@19000 since 0 (2694s)
    [base_s170] step 20000 lr 2.50e-03 plateau mon 3.888 best 3.889@19000 since 1 (2835s)
    [base_s170] step 21000 lr 2.50e-03 plateau mon 3.910 best 3.889@19000 since 2 (2977s)
    [base_s170] step 22000 lr 2.50e-03 plateau mon 3.907 best 3.889@19000 since 3 (3118s)
    [base_s170] step 23000 lr 2.50e-03 plateau mon 3.898 best 3.889@19000 since 4 (3259s)
    [base_s170] step 24000 lr 2.50e-03 plateau mon 3.907 best 3.889@19000 since 5 (3401s)
    [base_s170] step 25000 lr 2.50e-03 plateau mon 3.895 best 3.889@19000 since 6 (3542s)
    [base_s170] step 26000 lr 2.50e-03 plateau mon 3.875 best 3.875@26000 since 0 (3683s)
    [base_s170] step 27000 lr 2.50e-03 plateau mon 3.876 best 3.875@26000 since 1 (3825s)
    [base_s170] step 28000 lr 2.50e-03 plateau mon 3.881 best 3.875@26000 since 2 (3967s)
    [base_s170] step 29000 lr 2.50e-03 plateau mon 3.900 best 3.875@26000 since 3 (4108s)
    [base_s170] step 30000 lr 2.50e-03 plateau mon 3.869 best 3.869@30000 since 0 (4250s)
    [base_s170] step 31000 lr 2.50e-03 plateau mon 3.850 best 3.850@31000 since 0 (4391s)
    [base_s170] step 32000 lr 2.50e-03 plateau mon 3.888 best 3.850@31000 since 1 (4533s)
    [base_s170] step 33000 lr 2.50e-03 plateau mon 3.878 best 3.850@31000 since 2 (4674s)
    [base_s170] step 34000 lr 2.50e-03 plateau mon 3.885 best 3.850@31000 since 3 (4816s)
    [base_s170] step 35000 lr 2.50e-03 plateau mon 3.881 best 3.850@31000 since 4 (4957s)
    [base_s170] step 36000 lr 2.50e-03 plateau mon 3.870 best 3.850@31000 since 5 (5099s)
    [base_s170] step 37000 lr 2.50e-03 plateau mon 3.854 best 3.850@31000 since 6 (5239s)
    [base_s170] step 38000 lr 2.50e-03 plateau mon 3.859 best 3.850@31000 since 7 (5380s)
    [base_s170] step 39000 lr 2.50e-03 plateau mon 3.854 best 3.850@31000 since 8 (5523s)
    [base_s170] -> DECAY triggered at step 39000
    [base_s170] step 40000 lr 2.26e-03 decay mon 3.855 best 3.850@31000 since 9 (5663s)
    [base_s170] step 41000 lr 1.64e-03 decay mon 3.825 best 3.825@41000 since 0 (5804s)
    [base_s170] step 42000 lr 8.78e-04 decay mon 3.813 best 3.813@42000 since 0 (5947s)
    [base_s170] step 43000 lr 2.57e-04 decay mon 3.804 best 3.804@43000 since 0 (6089s)
    [base_s170] step 44000 lr 2.00e-05 decay mon 3.794 best 3.794@44000 since 0 (6230s)
  DONE gru/base_s170/seed0: 172.3KB (i8 153.5+pke 0.00+f32 18.8) float 3.764 int8 ppl 3.767 t1 0.608 t3 0.802 | best@44000 decayed mon 3.794 [appended]
  RUN  gru/base_s260/seed0 (train-to-convergence B=512 L=96)
    [base_s260] step 1000 lr 2.50e-03 plateau mon 4.769 best 4.769@1000 since 0 (156s)
    [base_s260] step 2000 lr 2.50e-03 plateau mon 4.285 best 4.285@2000 since 0 (308s)
    [base_s260] step 3000 lr 2.50e-03 plateau mon 4.157 best 4.157@3000 since 0 (457s)
    [base_s260] step 4000 lr 2.50e-03 plateau mon 4.101 best 4.101@4000 since 0 (606s)
    [base_s260] step 5000 lr 2.50e-03 plateau mon 4.049 best 4.049@5000 since 0 (755s)
    [base_s260] step 6000 lr 2.50e-03 plateau mon 4.029 best 4.029@6000 since 0 (904s)
    [base_s260] step 7000 lr 2.50e-03 plateau mon 4.011 best 4.011@7000 since 0 (1051s)
    [base_s260] step 8000 lr 2.50e-03 plateau mon 3.996 best 3.996@8000 since 0 (1201s)
    [base_s260] step 9000 lr 2.50e-03 plateau mon 4.000 best 3.996@8000 since 1 (1349s)
    [base_s260] step 10000 lr 2.50e-03 plateau mon 3.977 best 3.977@10000 since 0 (1497s)
    [base_s260] step 11000 lr 2.50e-03 plateau mon 3.979 best 3.977@10000 since 1 (1645s)
    [base_s260] step 12000 lr 2.50e-03 plateau mon 3.957 best 3.957@12000 since 0 (1793s)
    [base_s260] step 13000 lr 2.50e-03 plateau mon 3.963 best 3.957@12000 since 1 (1942s)
    [base_s260] step 14000 lr 2.50e-03 plateau mon 3.961 best 3.957@12000 since 2 (2089s)
    [base_s260] step 15000 lr 2.50e-03 plateau mon 3.955 best 3.955@15000 since 0 (2238s)
    [base_s260] step 16000 lr 2.50e-03 plateau mon 3.963 best 3.955@15000 since 1 (2387s)
    [base_s260] step 17000 lr 2.50e-03 plateau mon 3.956 best 3.955@15000 since 2 (2534s)
    [base_s260] step 18000 lr 2.50e-03 plateau mon 3.936 best 3.936@18000 since 0 (2682s)
    [base_s260] step 19000 lr 2.50e-03 plateau mon 3.953 best 3.936@18000 since 1 (2830s)
    [base_s260] step 20000 lr 2.50e-03 plateau mon 3.925 best 3.925@20000 since 0 (2978s)
    [base_s260] step 21000 lr 2.50e-03 plateau mon 3.934 best 3.925@20000 since 1 (3126s)
    [base_s260] step 22000 lr 2.50e-03 plateau mon 3.940 best 3.925@20000 since 2 (3274s)
    [base_s260] step 23000 lr 2.50e-03 plateau mon 3.941 best 3.925@20000 since 3 (3423s)
    [base_s260] step 24000 lr 2.50e-03 plateau mon 3.931 best 3.925@20000 since 4 (3572s)
    [base_s260] step 25000 lr 2.50e-03 plateau mon 3.938 best 3.925@20000 since 5 (3720s)
    [base_s260] step 26000 lr 2.50e-03 plateau mon 3.924 best 3.925@20000 since 6 (3869s)
    [base_s260] step 27000 lr 2.50e-03 plateau mon 3.913 best 3.913@27000 since 0 (4012s)
    [base_s260] step 28000 lr 2.50e-03 plateau mon 3.917 best 3.913@27000 since 1 (4153s)
    [base_s260] step 29000 lr 2.50e-03 plateau mon 3.932 best 3.913@27000 since 2 (4291s)
    [base_s260] step 30000 lr 2.50e-03 plateau mon 3.942 best 3.913@27000 since 3 (4430s)
    [base_s260] step 31000 lr 2.50e-03 plateau mon 3.926 best 3.913@27000 since 4 (4571s)
    [base_s260] step 32000 lr 2.50e-03 plateau mon 3.930 best 3.913@27000 since 5 (4710s)
    [base_s260] step 33000 lr 2.50e-03 plateau mon 3.905 best 3.905@33000 since 0 (47407s)
    [base_s260] step 34000 lr 2.50e-03 plateau mon 3.921 best 3.905@33000 since 1 (47552s)
    [base_s260] step 35000 lr 2.50e-03 plateau mon 3.929 best 3.905@33000 since 2 (47698s)
    [base_s260] step 36000 lr 2.50e-03 plateau mon 3.910 best 3.905@33000 since 3 (47847s)
    [base_s260] step 37000 lr 2.50e-03 plateau mon 3.921 best 3.905@33000 since 4 (47999s)
    [base_s260] step 38000 lr 2.50e-03 plateau mon 3.921 best 3.905@33000 since 5 (48151s)
    [base_s260] step 39000 lr 2.50e-03 plateau mon 3.937 best 3.905@33000 since 6 (48304s)
    [base_s260] step 40000 lr 2.50e-03 plateau mon 3.922 best 3.905@33000 since 7 (48459s)
    [base_s260] step 41000 lr 2.50e-03 plateau mon 3.890 best 3.890@41000 since 0 (48612s)
    [base_s260] step 42000 lr 2.50e-03 plateau mon 3.902 best 3.890@41000 since 1 (48766s)
    [base_s260] step 43000 lr 2.50e-03 plateau mon 3.917 best 3.890@41000 since 2 (48922s)
    [base_s260] step 44000 lr 2.50e-03 plateau mon 3.909 best 3.890@41000 since 3 (49075s)
    [base_s260] step 45000 lr 2.50e-03 plateau mon 3.916 best 3.890@41000 since 4 (49230s)
    [base_s260] step 46000 lr 2.50e-03 plateau mon 3.911 best 3.890@41000 since 5 (49385s)
    [base_s260] step 47000 lr 2.50e-03 plateau mon 3.891 best 3.890@41000 since 6 (49540s)
    [base_s260] step 48000 lr 2.50e-03 plateau mon 3.893 best 3.890@41000 since 7 (49694s)
    [base_s260] step 49000 lr 2.50e-03 plateau mon 3.916 best 3.890@41000 since 8 (49850s)
    [base_s260] -> DECAY triggered at step 49000
    [base_s260] step 50000 lr 2.26e-03 decay mon 3.903 best 3.890@41000 since 9 (50004s)
    [base_s260] step 51000 lr 1.64e-03 decay mon 3.875 best 3.875@51000 since 0 (50159s)
    [base_s260] step 52000 lr 8.78e-04 decay mon 3.846 best 3.846@52000 since 0 (50315s)
    [base_s260] step 53000 lr 2.57e-04 decay mon 3.826 best 3.826@53000 since 0 (50471s)
    [base_s260] step 54000 lr 2.00e-05 decay mon 3.819 best 3.819@54000 since 0 (50626s)
  DONE gru/base_s260/seed0: 282.4KB (i8 259.6+pke 0.00+f32 22.8) float 3.536 int8 ppl 3.538 t1 0.625 t3 0.812 | best@54000 decayed mon 3.819 [appended]
  RUN  gru/base_s360/seed0 (train-to-convergence B=512 L=96)
    [base_s360] step 1000 lr 2.50e-03 plateau mon 4.318 best 4.318@1000 since 0 (162s)
    [base_s360] step 2000 lr 2.50e-03 plateau mon 3.932 best 3.932@2000 since 0 (323s)
    [base_s360] step 3000 lr 2.50e-03 plateau mon 3.783 best 3.783@3000 since 0 (485s)
    [base_s360] step 4000 lr 2.50e-03 plateau mon 3.731 best 3.731@4000 since 0 (649s)
    [base_s360] step 5000 lr 2.50e-03 plateau mon 3.680 best 3.680@5000 since 0 (813s)
    [base_s360] step 6000 lr 2.50e-03 plateau mon 3.656 best 3.656@6000 since 0 (976s)
    [base_s360] step 7000 lr 2.50e-03 plateau mon 3.652 best 3.652@7000 since 0 (1139s)
    [base_s360] step 8000 lr 2.50e-03 plateau mon 3.643 best 3.643@8000 since 0 (1303s)
    [base_s360] step 9000 lr 2.50e-03 plateau mon 3.644 best 3.643@8000 since 1 (1467s)
    [base_s360] step 10000 lr 2.50e-03 plateau mon 3.605 best 3.605@10000 since 0 (1628s)
    [base_s360] step 11000 lr 2.50e-03 plateau mon 3.647 best 3.605@10000 since 1 (1793s)
    [base_s360] step 12000 lr 2.50e-03 plateau mon 3.599 best 3.599@12000 since 0 (1959s)
    [base_s360] step 13000 lr 2.50e-03 plateau mon 3.605 best 3.599@12000 since 1 (2118s)
    [base_s360] step 14000 lr 2.50e-03 plateau mon 3.597 best 3.599@12000 since 2 (2274s)
    [base_s360] step 15000 lr 2.50e-03 plateau mon 3.606 best 3.599@12000 since 3 (2440s)
    [base_s360] step 16000 lr 2.50e-03 plateau mon 3.624 best 3.599@12000 since 4 (2609s)
    [base_s360] step 17000 lr 2.50e-03 plateau mon 3.596 best 3.596@17000 since 0 (2776s)
    [base_s360] step 18000 lr 2.50e-03 plateau mon 3.586 best 3.586@18000 since 0 (2945s)
    [base_s360] step 19000 lr 2.50e-03 plateau mon 3.595 best 3.586@18000 since 1 (3113s)
    [base_s360] step 20000 lr 2.50e-03 plateau mon 3.599 best 3.586@18000 since 2 (3283s)
    [base_s360] step 21000 lr 2.50e-03 plateau mon 3.588 best 3.586@18000 since 3 (3451s)
    [base_s360] step 22000 lr 2.50e-03 plateau mon 3.582 best 3.582@22000 since 0 (3619s)
    [base_s360] step 23000 lr 2.50e-03 plateau mon 3.584 best 3.582@22000 since 1 (3788s)
    [base_s360] step 24000 lr 2.50e-03 plateau mon 3.582 best 3.582@22000 since 2 (3957s)
    [base_s360] step 25000 lr 2.50e-03 plateau mon 3.607 best 3.582@22000 since 3 (4127s)
    [base_s360] step 26000 lr 2.50e-03 plateau mon 3.588 best 3.582@22000 since 4 (4296s)
    [base_s360] step 27000 lr 2.50e-03 plateau mon 3.609 best 3.582@22000 since 5 (4465s)
    [base_s360] step 28000 lr 2.50e-03 plateau mon 3.584 best 3.582@22000 since 6 (4634s)
    [base_s360] step 29000 lr 2.50e-03 plateau mon 3.579 best 3.579@29000 since 0 (4804s)
    [base_s360] step 30000 lr 2.50e-03 plateau mon 3.597 best 3.579@29000 since 1 (4974s)
    [base_s360] step 31000 lr 2.50e-03 plateau mon 3.586 best 3.579@29000 since 2 (5143s)
    [base_s360] step 32000 lr 2.50e-03 plateau mon 3.599 best 3.579@29000 since 3 (5312s)
    [base_s360] step 33000 lr 2.50e-03 plateau mon 3.600 best 3.579@29000 since 4 (5481s)
    [base_s360] step 34000 lr 2.50e-03 plateau mon 3.570 best 3.570@34000 since 0 (5650s)
    [base_s360] step 35000 lr 2.50e-03 plateau mon 3.594 best 3.570@34000 since 1 (5820s)
    [base_s360] step 36000 lr 2.50e-03 plateau mon 3.583 best 3.570@34000 since 2 (5990s)
    [base_s360] step 37000 lr 2.50e-03 plateau mon 3.588 best 3.570@34000 since 3 (6159s)
    [base_s360] step 38000 lr 2.50e-03 plateau mon 3.583 best 3.570@34000 since 4 (6328s)
    [base_s360] step 39000 lr 2.50e-03 plateau mon 3.583 best 3.570@34000 since 5 (6497s)
    [base_s360] step 40000 lr 2.50e-03 plateau mon 3.582 best 3.570@34000 since 6 (6667s)
    [base_s360] step 41000 lr 2.50e-03 plateau mon 3.566 best 3.566@41000 since 0 (6836s)
    [base_s360] step 42000 lr 2.50e-03 plateau mon 3.583 best 3.566@41000 since 1 (7005s)
    [base_s360] step 43000 lr 2.50e-03 plateau mon 3.575 best 3.566@41000 since 2 (7175s)
    [base_s360] step 44000 lr 2.50e-03 plateau mon 3.567 best 3.566@41000 since 3 (7344s)
    [base_s360] step 45000 lr 2.50e-03 plateau mon 3.597 best 3.566@41000 since 4 (7514s)
    [base_s360] step 46000 lr 2.50e-03 plateau mon 3.561 best 3.561@46000 since 0 (7683s)
    [base_s360] step 47000 lr 2.50e-03 plateau mon 3.553 best 3.553@47000 since 0 (7852s)
    [base_s360] step 48000 lr 2.50e-03 plateau mon 3.569 best 3.553@47000 since 1 (8022s)
    [base_s360] step 49000 lr 2.50e-03 plateau mon 3.549 best 3.549@49000 since 0 (8191s)
    [base_s360] step 50000 lr 2.50e-03 plateau mon 3.567 best 3.549@49000 since 1 (8361s)
    [base_s360] step 51000 lr 2.50e-03 plateau mon 3.569 best 3.549@49000 since 2 (8530s)
    [base_s360] step 52000 lr 2.50e-03 plateau mon 3.568 best 3.549@49000 since 3 (8699s)
    [base_s360] step 53000 lr 2.50e-03 plateau mon 3.583 best 3.549@49000 since 4 (8868s)
    [base_s360] step 54000 lr 2.50e-03 plateau mon 3.562 best 3.549@49000 since 5 (9036s)
    [base_s360] step 55000 lr 2.50e-03 plateau mon 3.561 best 3.549@49000 since 6 (9205s)
    [base_s360] step 56000 lr 2.50e-03 plateau mon 3.565 best 3.549@49000 since 7 (9374s)
    [base_s360] step 57000 lr 2.50e-03 plateau mon 3.566 best 3.549@49000 since 8 (9544s)
    [base_s360] -> DECAY triggered at step 57000
    [base_s360] step 58000 lr 2.26e-03 decay mon 3.550 best 3.549@49000 since 9 (9714s)
    [base_s360] step 59000 lr 1.64e-03 decay mon 3.526 best 3.526@59000 since 0 (9884s)
    [base_s360] step 60000 lr 8.78e-04 decay mon 3.508 best 3.508@60000 since 0 (10053s)
    [base_s360] step 61000 lr 2.57e-04 decay mon 3.476 best 3.476@61000 since 0 (10223s)
    [base_s360] step 62000 lr 2.00e-05 decay mon 3.464 best 3.464@62000 since 0 (10393s)
  DONE gru/base_s360/seed0: 437.4KB (i8 410.5+pke 0.00+f32 26.9) float 3.342 int8 ppl 3.350 t1 0.639 t3 0.823 | best@62000 decayed mon 3.464 [appended]
run_pke: all requested work complete.
device cuda torch 2.10.0+cu130
train 19,625,263 val 432,739  eval 200x400 = 80,000 positions

=== PHASE fmlp (train-to-convergence, patience 8) ===
  RUN  gru/replace_fmlp_k7_D4_HfkD_s170/seed0 (train-to-convergence B=512 L=96)
    [replace_fmlp_k7_D4_HfkD_s170] step 1000 lr 2.50e-03 plateau mon 6.485 best 6.485@1000 since 0 (149s)
    [replace_fmlp_k7_D4_HfkD_s170] step 2000 lr 2.50e-03 plateau mon 5.310 best 5.310@2000 since 0 (313s)
    [replace_fmlp_k7_D4_HfkD_s170] step 3000 lr 2.50e-03 plateau mon 4.977 best 4.977@3000 since 0 (473s)
    [replace_fmlp_k7_D4_HfkD_s170] step 4000 lr 2.50e-03 plateau mon 4.807 best 4.807@4000 since 0 (631s)
    [replace_fmlp_k7_D4_HfkD_s170] step 5000 lr 2.50e-03 plateau mon 4.735 best 4.735@5000 since 0 (793s)
    [replace_fmlp_k7_D4_HfkD_s170] step 6000 lr 2.50e-03 plateau mon 4.646 best 4.646@6000 since 0 (953s)
    [replace_fmlp_k7_D4_HfkD_s170] step 7000 lr 2.50e-03 plateau mon 4.593 best 4.593@7000 since 0 (1111s)
    [replace_fmlp_k7_D4_HfkD_s170] step 8000 lr 2.50e-03 plateau mon 4.566 best 4.566@8000 since 0 (1270s)
    [replace_fmlp_k7_D4_HfkD_s170] step 9000 lr 2.50e-03 plateau mon 4.507 best 4.507@9000 since 0 (1429s)
    [replace_fmlp_k7_D4_HfkD_s170] step 10000 lr 2.50e-03 plateau mon 4.475 best 4.475@10000 since 0 (13667s)
    [replace_fmlp_k7_D4_HfkD_s170] step 11000 lr 2.50e-03 plateau mon 4.436 best 4.436@11000 since 0 (13812s)
    [replace_fmlp_k7_D4_HfkD_s170] step 12000 lr 2.50e-03 plateau mon 4.428 best 4.428@12000 since 0 (13964s)
    [replace_fmlp_k7_D4_HfkD_s170] step 13000 lr 2.50e-03 plateau mon 4.404 best 4.404@13000 since 0 (14124s)
    [replace_fmlp_k7_D4_HfkD_s170] step 14000 lr 2.50e-03 plateau mon 4.399 best 4.399@14000 since 0 (14284s)
    [replace_fmlp_k7_D4_HfkD_s170] step 15000 lr 2.50e-03 plateau mon 4.358 best 4.358@15000 since 0 (14453s)
    [replace_fmlp_k7_D4_HfkD_s170] step 16000 lr 2.50e-03 plateau mon 4.364 best 4.358@15000 since 1 (14624s)
    [replace_fmlp_k7_D4_HfkD_s170] step 17000 lr 2.50e-03 plateau mon 4.337 best 4.337@17000 since 0 (14796s)
    [replace_fmlp_k7_D4_HfkD_s170] step 18000 lr 2.50e-03 plateau mon 4.333 best 4.333@18000 since 0 (15081s)
    [replace_fmlp_k7_D4_HfkD_s170] step 19000 lr 2.50e-03 plateau mon 4.312 best 4.312@19000 since 0 (15278s)
    [replace_fmlp_k7_D4_HfkD_s170] step 20000 lr 2.50e-03 plateau mon 4.329 best 4.312@19000 since 1 (15472s)
    [replace_fmlp_k7_D4_HfkD_s170] step 21000 lr 2.50e-03 plateau mon 4.314 best 4.312@19000 since 2 (15662s)
    [replace_fmlp_k7_D4_HfkD_s170] step 22000 lr 2.50e-03 plateau mon 4.296 best 4.296@22000 since 0 (15854s)
    [replace_fmlp_k7_D4_HfkD_s170] step 23000 lr 2.50e-03 plateau mon 4.268 best 4.268@23000 since 0 (16043s)
    [replace_fmlp_k7_D4_HfkD_s170] step 24000 lr 2.50e-03 plateau mon 4.271 best 4.268@23000 since 1 (16234s)
    [replace_fmlp_k7_D4_HfkD_s170] step 25000 lr 2.50e-03 plateau mon 4.280 best 4.268@23000 since 2 (16422s)
    [replace_fmlp_k7_D4_HfkD_s170] step 26000 lr 2.50e-03 plateau mon 4.263 best 4.263@26000 since 0 (16607s)
    [replace_fmlp_k7_D4_HfkD_s170] step 27000 lr 2.50e-03 plateau mon 4.269 best 4.263@26000 since 1 (16773s)
    [replace_fmlp_k7_D4_HfkD_s170] step 28000 lr 2.50e-03 plateau mon 4.279 best 4.263@26000 since 2 (16934s)
    [replace_fmlp_k7_D4_HfkD_s170] step 29000 lr 2.50e-03 plateau mon 4.246 best 4.246@29000 since 0 (17088s)
    [replace_fmlp_k7_D4_HfkD_s170] step 30000 lr 2.50e-03 plateau mon 4.249 best 4.246@29000 since 1 (17240s)
    [replace_fmlp_k7_D4_HfkD_s170] step 31000 lr 2.50e-03 plateau mon 4.238 best 4.238@31000 since 0 (17393s)
    [replace_fmlp_k7_D4_HfkD_s170] step 32000 lr 2.50e-03 plateau mon 4.235 best 4.235@32000 since 0 (17547s)
    [replace_fmlp_k7_D4_HfkD_s170] step 33000 lr 2.50e-03 plateau mon 4.229 best 4.229@33000 since 0 (17701s)
    [replace_fmlp_k7_D4_HfkD_s170] step 34000 lr 2.50e-03 plateau mon 4.227 best 4.229@33000 since 1 (17857s)
    [replace_fmlp_k7_D4_HfkD_s170] step 35000 lr 2.50e-03 plateau mon 4.231 best 4.229@33000 since 2 (18012s)
    [replace_fmlp_k7_D4_HfkD_s170] step 36000 lr 2.50e-03 plateau mon 4.228 best 4.229@33000 since 3 (18167s)
    [replace_fmlp_k7_D4_HfkD_s170] step 37000 lr 2.50e-03 plateau mon 4.236 best 4.229@33000 since 4 (18323s)
    [replace_fmlp_k7_D4_HfkD_s170] step 38000 lr 2.50e-03 plateau mon 4.225 best 4.225@38000 since 0 (18478s)
    [replace_fmlp_k7_D4_HfkD_s170] step 39000 lr 2.50e-03 plateau mon 4.220 best 4.220@39000 since 0 (18632s)
    [replace_fmlp_k7_D4_HfkD_s170] step 40000 lr 2.50e-03 plateau mon 4.218 best 4.220@39000 since 1 (18786s)
    [replace_fmlp_k7_D4_HfkD_s170] step 41000 lr 2.50e-03 plateau mon 4.211 best 4.211@41000 since 0 (18940s)
    [replace_fmlp_k7_D4_HfkD_s170] step 42000 lr 2.50e-03 plateau mon 4.200 best 4.200@42000 since 0 (19096s)
    [replace_fmlp_k7_D4_HfkD_s170] step 43000 lr 2.50e-03 plateau mon 4.205 best 4.200@42000 since 1 (19249s)
    [replace_fmlp_k7_D4_HfkD_s170] step 44000 lr 2.50e-03 plateau mon 4.199 best 4.200@42000 since 2 (19405s)
    [replace_fmlp_k7_D4_HfkD_s170] step 45000 lr 2.50e-03 plateau mon 4.189 best 4.189@45000 since 0 (19557s)
    [replace_fmlp_k7_D4_HfkD_s170] step 46000 lr 2.50e-03 plateau mon 4.188 best 4.189@45000 since 1 (19714s)
    [replace_fmlp_k7_D4_HfkD_s170] step 47000 lr 2.50e-03 plateau mon 4.188 best 4.189@45000 since 2 (19865s)
    [replace_fmlp_k7_D4_HfkD_s170] step 48000 lr 2.50e-03 plateau mon 4.192 best 4.189@45000 since 3 (20021s)
    [replace_fmlp_k7_D4_HfkD_s170] step 49000 lr 2.50e-03 plateau mon 4.184 best 4.184@49000 since 0 (20174s)
    [replace_fmlp_k7_D4_HfkD_s170] step 50000 lr 2.50e-03 plateau mon 4.176 best 4.176@50000 since 0 (20329s)
    [replace_fmlp_k7_D4_HfkD_s170] step 51000 lr 2.50e-03 plateau mon 4.170 best 4.170@51000 since 0 (20484s)
    [replace_fmlp_k7_D4_HfkD_s170] step 52000 lr 2.50e-03 plateau mon 4.147 best 4.147@52000 since 0 (20639s)
    [replace_fmlp_k7_D4_HfkD_s170] step 53000 lr 2.50e-03 plateau mon 4.183 best 4.147@52000 since 1 (20794s)
    [replace_fmlp_k7_D4_HfkD_s170] step 54000 lr 2.50e-03 plateau mon 4.165 best 4.147@52000 since 2 (20949s)
    [replace_fmlp_k7_D4_HfkD_s170] step 55000 lr 2.50e-03 plateau mon 4.175 best 4.147@52000 since 3 (21103s)
    [replace_fmlp_k7_D4_HfkD_s170] step 56000 lr 2.50e-03 plateau mon 4.168 best 4.147@52000 since 4 (21254s)
    [replace_fmlp_k7_D4_HfkD_s170] step 57000 lr 2.50e-03 plateau mon 4.156 best 4.147@52000 since 5 (21400s)
    [replace_fmlp_k7_D4_HfkD_s170] step 58000 lr 2.50e-03 plateau mon 4.170 best 4.147@52000 since 6 (21546s)
    [replace_fmlp_k7_D4_HfkD_s170] step 59000 lr 2.50e-03 plateau mon 4.176 best 4.147@52000 since 7 (21694s)
    [replace_fmlp_k7_D4_HfkD_s170] step 60000 lr 2.50e-03 plateau mon 4.189 best 4.147@52000 since 8 (21842s)
    [replace_fmlp_k7_D4_HfkD_s170] -> DECAY triggered at step 60000
    [replace_fmlp_k7_D4_HfkD_s170] step 61000 lr 2.26e-03 decay mon 4.154 best 4.147@52000 since 9 (21989s)
    [replace_fmlp_k7_D4_HfkD_s170] step 62000 lr 1.64e-03 decay mon 4.129 best 4.129@62000 since 0 (22136s)
    [replace_fmlp_k7_D4_HfkD_s170] step 63000 lr 8.78e-04 decay mon 4.103 best 4.103@63000 since 0 (22284s)
    [replace_fmlp_k7_D4_HfkD_s170] step 64000 lr 2.57e-04 decay mon 4.095 best 4.095@64000 since 0 (22432s)
    [replace_fmlp_k7_D4_HfkD_s170] step 65000 lr 2.00e-05 decay mon 4.087 best 4.087@65000 since 0 (22581s)
C:\Users\Timeroot\AppData\Local\Packages\PythonSoftwareFoundation.Python.3.13_qbz5n2kfra8p0\LocalCache\local-packages\Python313\site-packages\torch\nn\modules\rnn.py:1415: UserWarning: RNN module weights are not part of single contiguous chunk of memory. This means they need to be compacted at every call, possibly greatly increasing memory usage. To compact weights again call flatten_parameters(). (Triggered internally at C:\actions-runner\_work\pytorch\pytorch\pytorch\aten\src\ATen\native\cudnn\RNN.cpp:1480.)
  result = _VF.gru(
  DONE gru/replace_fmlp_k7_D4_HfkD_s170/seed0: 178.9KB (i8 155.8+pke 3.94+f32 19.1) float 4.114 int8 ppl 4.127 t1 0.585 t3 0.785 | best@65000 decayed mon 4.087 [appended]
  RUN  gru/replace_fmlp_k7_D8_HfkD_s170/seed0 (train-to-convergence B=512 L=96)
    [replace_fmlp_k7_D8_HfkD_s170] step 1000 lr 2.50e-03 plateau mon 6.103 best 6.103@1000 since 0 (150s)
    [replace_fmlp_k7_D8_HfkD_s170] step 2000 lr 2.50e-03 plateau mon 5.179 best 5.179@2000 since 0 (299s)
    [replace_fmlp_k7_D8_HfkD_s170] step 3000 lr 2.50e-03 plateau mon 4.908 best 4.908@3000 since 0 (449s)
    [replace_fmlp_k7_D8_HfkD_s170] step 4000 lr 2.50e-03 plateau mon 4.781 best 4.781@4000 since 0 (598s)
    [replace_fmlp_k7_D8_HfkD_s170] step 5000 lr 2.50e-03 plateau mon 4.649 best 4.649@5000 since 0 (748s)
    [replace_fmlp_k7_D8_HfkD_s170] step 6000 lr 2.50e-03 plateau mon 4.549 best 4.549@6000 since 0 (897s)
    [replace_fmlp_k7_D8_HfkD_s170] step 7000 lr 2.50e-03 plateau mon 4.485 best 4.485@7000 since 0 (1047s)
    [replace_fmlp_k7_D8_HfkD_s170] step 8000 lr 2.50e-03 plateau mon 4.465 best 4.465@8000 since 0 (1197s)
    [replace_fmlp_k7_D8_HfkD_s170] step 9000 lr 2.50e-03 plateau mon 4.399 best 4.399@9000 since 0 (1346s)
    [replace_fmlp_k7_D8_HfkD_s170] step 10000 lr 2.50e-03 plateau mon 4.373 best 4.373@10000 since 0 (1497s)
    [replace_fmlp_k7_D8_HfkD_s170] step 11000 lr 2.50e-03 plateau mon 4.360 best 4.360@11000 since 0 (1647s)
    [replace_fmlp_k7_D8_HfkD_s170] step 12000 lr 2.50e-03 plateau mon 4.341 best 4.341@12000 since 0 (1797s)
    [replace_fmlp_k7_D8_HfkD_s170] step 13000 lr 2.50e-03 plateau mon 4.308 best 4.308@13000 since 0 (1946s)
    [replace_fmlp_k7_D8_HfkD_s170] step 14000 lr 2.50e-03 plateau mon 4.305 best 4.305@14000 since 0 (2096s)
    [replace_fmlp_k7_D8_HfkD_s170] step 15000 lr 2.50e-03 plateau mon 4.309 best 4.305@14000 since 1 (2246s)
    [replace_fmlp_k7_D8_HfkD_s170] step 16000 lr 2.50e-03 plateau mon 4.272 best 4.272@16000 since 0 (2395s)
    [replace_fmlp_k7_D8_HfkD_s170] step 17000 lr 2.50e-03 plateau mon 4.262 best 4.262@17000 since 0 (2543s)
    [replace_fmlp_k7_D8_HfkD_s170] step 18000 lr 2.50e-03 plateau mon 4.274 best 4.262@17000 since 1 (2692s)
    [replace_fmlp_k7_D8_HfkD_s170] step 19000 lr 2.50e-03 plateau mon 4.239 best 4.239@19000 since 0 (2839s)
    [replace_fmlp_k7_D8_HfkD_s170] step 20000 lr 2.50e-03 plateau mon 4.245 best 4.239@19000 since 1 (2987s)
    [replace_fmlp_k7_D8_HfkD_s170] step 21000 lr 2.50e-03 plateau mon 4.214 best 4.214@21000 since 0 (3137s)
    [replace_fmlp_k7_D8_HfkD_s170] step 22000 lr 2.50e-03 plateau mon 4.218 best 4.214@21000 since 1 (3284s)
    [replace_fmlp_k7_D8_HfkD_s170] step 23000 lr 2.50e-03 plateau mon 4.222 best 4.214@21000 since 2 (3433s)
    [replace_fmlp_k7_D8_HfkD_s170] step 24000 lr 2.50e-03 plateau mon 4.226 best 4.214@21000 since 3 (3583s)
    [replace_fmlp_k7_D8_HfkD_s170] step 25000 lr 2.50e-03 plateau mon 4.215 best 4.214@21000 since 4 (3732s)
    [replace_fmlp_k7_D8_HfkD_s170] step 26000 lr 2.50e-03 plateau mon 4.197 best 4.197@26000 since 0 (3880s)
    [replace_fmlp_k7_D8_HfkD_s170] step 27000 lr 2.50e-03 plateau mon 4.175 best 4.175@27000 since 0 (4030s)
    [replace_fmlp_k7_D8_HfkD_s170] step 28000 lr 2.50e-03 plateau mon 4.168 best 4.168@28000 since 0 (4180s)
    [replace_fmlp_k7_D8_HfkD_s170] step 29000 lr 2.50e-03 plateau mon 4.191 best 4.168@28000 since 1 (4331s)
    [replace_fmlp_k7_D8_HfkD_s170] step 30000 lr 2.50e-03 plateau mon 4.143 best 4.143@30000 since 0 (4480s)
    [replace_fmlp_k7_D8_HfkD_s170] step 31000 lr 2.50e-03 plateau mon 4.166 best 4.143@30000 since 1 (4629s)
    [replace_fmlp_k7_D8_HfkD_s170] step 32000 lr 2.50e-03 plateau mon 4.155 best 4.143@30000 since 2 (4779s)
    [replace_fmlp_k7_D8_HfkD_s170] step 33000 lr 2.50e-03 plateau mon 4.166 best 4.143@30000 since 3 (4928s)
    [replace_fmlp_k7_D8_HfkD_s170] step 34000 lr 2.50e-03 plateau mon 4.151 best 4.143@30000 since 4 (5078s)
    [replace_fmlp_k7_D8_HfkD_s170] step 35000 lr 2.50e-03 plateau mon 4.142 best 4.143@30000 since 5 (5229s)
    [replace_fmlp_k7_D8_HfkD_s170] step 36000 lr 2.50e-03 plateau mon 4.134 best 4.134@36000 since 0 (5378s)
    [replace_fmlp_k7_D8_HfkD_s170] step 37000 lr 2.50e-03 plateau mon 4.137 best 4.134@36000 since 1 (5528s)
    [replace_fmlp_k7_D8_HfkD_s170] step 38000 lr 2.50e-03 plateau mon 4.132 best 4.132@38000 since 0 (5679s)
    [replace_fmlp_k7_D8_HfkD_s170] step 39000 lr 2.50e-03 plateau mon 4.127 best 4.127@39000 since 0 (5828s)
    [replace_fmlp_k7_D8_HfkD_s170] step 40000 lr 2.50e-03 plateau mon 4.109 best 4.109@40000 since 0 (5978s)
    [replace_fmlp_k7_D8_HfkD_s170] step 41000 lr 2.50e-03 plateau mon 4.120 best 4.109@40000 since 1 (6128s)
    [replace_fmlp_k7_D8_HfkD_s170] step 42000 lr 2.50e-03 plateau mon 4.126 best 4.109@40000 since 2 (6279s)
    [replace_fmlp_k7_D8_HfkD_s170] step 43000 lr 2.50e-03 plateau mon 4.120 best 4.109@40000 since 3 (6430s)
    [replace_fmlp_k7_D8_HfkD_s170] step 44000 lr 2.50e-03 plateau mon 4.120 best 4.109@40000 since 4 (6579s)
    [replace_fmlp_k7_D8_HfkD_s170] step 45000 lr 2.50e-03 plateau mon 4.106 best 4.106@45000 since 0 (6731s)
    [replace_fmlp_k7_D8_HfkD_s170] step 46000 lr 2.50e-03 plateau mon 4.105 best 4.106@45000 since 1 (6882s)
    [replace_fmlp_k7_D8_HfkD_s170] step 47000 lr 2.50e-03 plateau mon 4.103 best 4.103@47000 since 0 (7032s)
    [replace_fmlp_k7_D8_HfkD_s170] step 48000 lr 2.50e-03 plateau mon 4.091 best 4.091@48000 since 0 (7183s)
    [replace_fmlp_k7_D8_HfkD_s170] step 49000 lr 2.50e-03 plateau mon 4.112 best 4.091@48000 since 1 (7334s)
    [replace_fmlp_k7_D8_HfkD_s170] step 50000 lr 2.50e-03 plateau mon 4.090 best 4.091@48000 since 2 (7485s)
    [replace_fmlp_k7_D8_HfkD_s170] step 51000 lr 2.50e-03 plateau mon 4.100 best 4.091@48000 since 3 (7635s)
    [replace_fmlp_k7_D8_HfkD_s170] step 52000 lr 2.50e-03 plateau mon 4.086 best 4.086@52000 since 0 (7783s)
    [replace_fmlp_k7_D8_HfkD_s170] step 53000 lr 2.50e-03 plateau mon 4.104 best 4.086@52000 since 1 (7926s)
    [replace_fmlp_k7_D8_HfkD_s170] step 54000 lr 2.50e-03 plateau mon 4.113 best 4.086@52000 since 2 (8077s)
    [replace_fmlp_k7_D8_HfkD_s170] step 55000 lr 2.50e-03 plateau mon 4.099 best 4.086@52000 since 3 (8227s)
    [replace_fmlp_k7_D8_HfkD_s170] step 56000 lr 2.50e-03 plateau mon 4.093 best 4.086@52000 since 4 (8377s)
    [replace_fmlp_k7_D8_HfkD_s170] step 57000 lr 2.50e-03 plateau mon 4.091 best 4.086@52000 since 5 (8527s)
    [replace_fmlp_k7_D8_HfkD_s170] step 58000 lr 2.50e-03 plateau mon 4.076 best 4.076@58000 since 0 (8678s)
    [replace_fmlp_k7_D8_HfkD_s170] step 59000 lr 2.50e-03 plateau mon 4.090 best 4.076@58000 since 1 (8829s)
    [replace_fmlp_k7_D8_HfkD_s170] step 60000 lr 2.50e-03 plateau mon 4.082 best 4.076@58000 since 2 (8981s)
    [replace_fmlp_k7_D8_HfkD_s170] step 61000 lr 2.50e-03 plateau mon 4.066 best 4.066@61000 since 0 (9131s)
    [replace_fmlp_k7_D8_HfkD_s170] step 62000 lr 2.50e-03 plateau mon 4.093 best 4.066@61000 since 1 (9282s)
    [replace_fmlp_k7_D8_HfkD_s170] step 63000 lr 2.50e-03 plateau mon 4.084 best 4.066@61000 since 2 (9433s)
    [replace_fmlp_k7_D8_HfkD_s170] step 64000 lr 2.50e-03 plateau mon 4.058 best 4.058@64000 since 0 (9584s)
    [replace_fmlp_k7_D8_HfkD_s170] step 65000 lr 2.50e-03 plateau mon 4.071 best 4.058@64000 since 1 (9735s)
    [replace_fmlp_k7_D8_HfkD_s170] step 66000 lr 2.50e-03 plateau mon 4.062 best 4.058@64000 since 2 (9886s)
    [replace_fmlp_k7_D8_HfkD_s170] step 67000 lr 2.50e-03 plateau mon 4.085 best 4.058@64000 since 3 (10037s)
    [replace_fmlp_k7_D8_HfkD_s170] step 68000 lr 2.50e-03 plateau mon 4.051 best 4.051@68000 since 0 (10188s)
    [replace_fmlp_k7_D8_HfkD_s170] step 69000 lr 2.50e-03 plateau mon 4.061 best 4.051@68000 since 1 (10339s)
    [replace_fmlp_k7_D8_HfkD_s170] step 70000 lr 2.50e-03 plateau mon 4.072 best 4.051@68000 since 2 (10490s)
    [replace_fmlp_k7_D8_HfkD_s170] step 71000 lr 2.50e-03 plateau mon 4.064 best 4.051@68000 since 3 (10641s)
    [replace_fmlp_k7_D8_HfkD_s170] step 72000 lr 2.50e-03 plateau mon 4.062 best 4.051@68000 since 4 (10792s)
    [replace_fmlp_k7_D8_HfkD_s170] step 73000 lr 2.50e-03 plateau mon 4.071 best 4.051@68000 since 5 (10933s)
    [replace_fmlp_k7_D8_HfkD_s170] step 74000 lr 2.50e-03 plateau mon 4.072 best 4.051@68000 since 6 (11083s)
    [replace_fmlp_k7_D8_HfkD_s170] step 75000 lr 2.50e-03 plateau mon 4.066 best 4.051@68000 since 7 (11234s)
    [replace_fmlp_k7_D8_HfkD_s170] step 76000 lr 2.50e-03 plateau mon 4.056 best 4.051@68000 since 8 (11385s)
    [replace_fmlp_k7_D8_HfkD_s170] -> DECAY triggered at step 76000
    [replace_fmlp_k7_D8_HfkD_s170] step 77000 lr 2.26e-03 decay mon 4.048 best 4.048@77000 since 0 (11536s)
    [replace_fmlp_k7_D8_HfkD_s170] step 78000 lr 1.64e-03 decay mon 4.041 best 4.041@78000 since 0 (11687s)
    [replace_fmlp_k7_D8_HfkD_s170] step 79000 lr 8.78e-04 decay mon 4.004 best 4.004@79000 since 0 (11837s)
    [replace_fmlp_k7_D8_HfkD_s170] step 80000 lr 2.57e-04 decay mon 3.983 best 3.983@80000 since 0 (11988s)
    [replace_fmlp_k7_D8_HfkD_s170] step 81000 lr 2.00e-05 decay mon 3.973 best 3.973@81000 since 0 (12138s)
  DONE gru/replace_fmlp_k7_D8_HfkD_s170/seed0: 186.7KB (i8 159.6+pke 7.88+f32 19.2) float 3.982 int8 ppl 3.989 t1 0.595 t3 0.793 | best@81000 decayed mon 3.973 [appended]
  RUN  gru/replace_fmlp_k7_D16_HfkD_s170/seed0 (train-to-convergence B=512 L=96)
    [replace_fmlp_k7_D16_HfkD_s170] step 1000 lr 2.50e-03 plateau mon 6.742 best 6.742@1000 since 0 (150s)
    [replace_fmlp_k7_D16_HfkD_s170] step 2000 lr 2.50e-03 plateau mon 5.550 best 5.550@2000 since 0 (301s)
    [replace_fmlp_k7_D16_HfkD_s170] step 3000 lr 2.50e-03 plateau mon 5.167 best 5.167@3000 since 0 (452s)
    [replace_fmlp_k7_D16_HfkD_s170] step 4000 lr 2.50e-03 plateau mon 4.963 best 4.963@4000 since 0 (603s)
    [replace_fmlp_k7_D16_HfkD_s170] step 5000 lr 2.50e-03 plateau mon 4.776 best 4.776@5000 since 0 (754s)
    [replace_fmlp_k7_D16_HfkD_s170] step 6000 lr 2.50e-03 plateau mon 4.709 best 4.709@6000 since 0 (906s)
    [replace_fmlp_k7_D16_HfkD_s170] step 7000 lr 2.50e-03 plateau mon 4.644 best 4.644@7000 since 0 (1058s)
    [replace_fmlp_k7_D16_HfkD_s170] step 8000 lr 2.50e-03 plateau mon 4.597 best 4.597@8000 since 0 (1212s)
    [replace_fmlp_k7_D16_HfkD_s170] step 9000 lr 2.50e-03 plateau mon 4.563 best 4.563@9000 since 0 (1359s)
    [replace_fmlp_k7_D16_HfkD_s170] step 10000 lr 2.50e-03 plateau mon 4.550 best 4.550@10000 since 0 (1509s)
    [replace_fmlp_k7_D16_HfkD_s170] step 11000 lr 2.50e-03 plateau mon 4.519 best 4.519@11000 since 0 (1660s)
    [replace_fmlp_k7_D16_HfkD_s170] step 12000 lr 2.50e-03 plateau mon 4.476 best 4.476@12000 since 0 (1813s)
    [replace_fmlp_k7_D16_HfkD_s170] step 13000 lr 2.50e-03 plateau mon 4.465 best 4.465@13000 since 0 (1968s)
    [replace_fmlp_k7_D16_HfkD_s170] step 14000 lr 2.50e-03 plateau mon 4.442 best 4.442@14000 since 0 (2122s)
    [replace_fmlp_k7_D16_HfkD_s170] step 15000 lr 2.50e-03 plateau mon 4.412 best 4.412@15000 since 0 (2278s)
    [replace_fmlp_k7_D16_HfkD_s170] step 16000 lr 2.50e-03 plateau mon 4.382 best 4.382@16000 since 0 (2431s)
    [replace_fmlp_k7_D16_HfkD_s170] step 17000 lr 2.50e-03 plateau mon 4.400 best 4.382@16000 since 1 (2587s)
    [replace_fmlp_k7_D16_HfkD_s170] step 18000 lr 2.50e-03 plateau mon 4.356 best 4.356@18000 since 0 (2741s)
    [replace_fmlp_k7_D16_HfkD_s170] step 19000 lr 2.50e-03 plateau mon 4.348 best 4.348@19000 since 0 (2893s)
    [replace_fmlp_k7_D16_HfkD_s170] step 20000 lr 2.50e-03 plateau mon 4.378 best 4.348@19000 since 1 (3044s)
    [replace_fmlp_k7_D16_HfkD_s170] step 21000 lr 2.50e-03 plateau mon 4.363 best 4.348@19000 since 2 (3195s)
    [replace_fmlp_k7_D16_HfkD_s170] step 22000 lr 2.50e-03 plateau mon 4.337 best 4.337@22000 since 0 (3352s)
    [replace_fmlp_k7_D16_HfkD_s170] step 23000 lr 2.50e-03 plateau mon 4.337 best 4.337@22000 since 1 (3504s)
    [replace_fmlp_k7_D16_HfkD_s170] step 24000 lr 2.50e-03 plateau mon 4.332 best 4.332@24000 since 0 (3660s)
    [replace_fmlp_k7_D16_HfkD_s170] step 25000 lr 2.50e-03 plateau mon 4.310 best 4.310@25000 since 0 (3813s)
    [replace_fmlp_k7_D16_HfkD_s170] step 26000 lr 2.50e-03 plateau mon 4.306 best 4.306@26000 since 0 (3969s)
    [replace_fmlp_k7_D16_HfkD_s170] step 27000 lr 2.50e-03 plateau mon 4.304 best 4.304@27000 since 0 (4123s)
    [replace_fmlp_k7_D16_HfkD_s170] step 28000 lr 2.50e-03 plateau mon 4.312 best 4.304@27000 since 1 (4279s)
    [replace_fmlp_k7_D16_HfkD_s170] step 29000 lr 2.50e-03 plateau mon 4.298 best 4.298@29000 since 0 (4433s)
    [replace_fmlp_k7_D16_HfkD_s170] step 30000 lr 2.50e-03 plateau mon 4.269 best 4.269@30000 since 0 (4589s)
    [replace_fmlp_k7_D16_HfkD_s170] step 31000 lr 2.50e-03 plateau mon 4.278 best 4.269@30000 since 1 (4744s)
    [replace_fmlp_k7_D16_HfkD_s170] step 32000 lr 2.50e-03 plateau mon 4.284 best 4.269@30000 since 2 (4898s)
    [replace_fmlp_k7_D16_HfkD_s170] step 33000 lr 2.50e-03 plateau mon 4.274 best 4.269@30000 since 3 (5055s)
    [replace_fmlp_k7_D16_HfkD_s170] step 34000 lr 2.50e-03 plateau mon 4.276 best 4.269@30000 since 4 (5208s)
    [replace_fmlp_k7_D16_HfkD_s170] step 35000 lr 2.50e-03 plateau mon 4.287 best 4.269@30000 since 5 (5365s)
    [replace_fmlp_k7_D16_HfkD_s170] step 36000 lr 2.50e-03 plateau mon 4.266 best 4.266@36000 since 0 (5519s)
    [replace_fmlp_k7_D16_HfkD_s170] step 37000 lr 2.50e-03 plateau mon 4.301 best 4.266@36000 since 1 (5674s)
    [replace_fmlp_k7_D16_HfkD_s170] step 38000 lr 2.50e-03 plateau mon 4.271 best 4.266@36000 since 2 (5830s)
    [replace_fmlp_k7_D16_HfkD_s170] step 39000 lr 2.50e-03 plateau mon 4.257 best 4.257@39000 since 0 (5984s)
    [replace_fmlp_k7_D16_HfkD_s170] step 40000 lr 2.50e-03 plateau mon 4.271 best 4.257@39000 since 1 (6140s)
    [replace_fmlp_k7_D16_HfkD_s170] step 41000 lr 2.50e-03 plateau mon 4.255 best 4.257@39000 since 2 (6294s)
    [replace_fmlp_k7_D16_HfkD_s170] step 42000 lr 2.50e-03 plateau mon 4.265 best 4.257@39000 since 3 (6450s)
    [replace_fmlp_k7_D16_HfkD_s170] step 43000 lr 2.50e-03 plateau mon 4.257 best 4.257@39000 since 4 (6603s)
    [replace_fmlp_k7_D16_HfkD_s170] step 44000 lr 2.50e-03 plateau mon 4.253 best 4.253@44000 since 0 (6759s)
    [replace_fmlp_k7_D16_HfkD_s170] step 45000 lr 2.50e-03 plateau mon 4.271 best 4.253@44000 since 1 (6914s)
    [replace_fmlp_k7_D16_HfkD_s170] step 46000 lr 2.50e-03 plateau mon 4.257 best 4.253@44000 since 2 (7068s)
    [replace_fmlp_k7_D16_HfkD_s170] step 47000 lr 2.50e-03 plateau mon 4.243 best 4.243@47000 since 0 (7224s)
    [replace_fmlp_k7_D16_HfkD_s170] step 48000 lr 2.50e-03 plateau mon 4.251 best 4.243@47000 since 1 (7378s)
    [replace_fmlp_k7_D16_HfkD_s170] step 49000 lr 2.50e-03 plateau mon 4.256 best 4.243@47000 since 2 (7534s)
    [replace_fmlp_k7_D16_HfkD_s170] step 50000 lr 2.50e-03 plateau mon 4.244 best 4.243@47000 since 3 (7687s)
    [replace_fmlp_k7_D16_HfkD_s170] step 51000 lr 2.50e-03 plateau mon 4.248 best 4.243@47000 since 4 (7845s)
    [replace_fmlp_k7_D16_HfkD_s170] step 52000 lr 2.50e-03 plateau mon 4.234 best 4.234@52000 since 0 (7998s)
    [replace_fmlp_k7_D16_HfkD_s170] step 53000 lr 2.50e-03 plateau mon 4.249 best 4.234@52000 since 1 (8156s)
    [replace_fmlp_k7_D16_HfkD_s170] step 54000 lr 2.50e-03 plateau mon 4.220 best 4.220@54000 since 0 (8309s)
    [replace_fmlp_k7_D16_HfkD_s170] step 55000 lr 2.50e-03 plateau mon 4.227 best 4.220@54000 since 1 (8467s)
    [replace_fmlp_k7_D16_HfkD_s170] step 56000 lr 2.50e-03 plateau mon 4.228 best 4.220@54000 since 2 (8621s)
    [replace_fmlp_k7_D16_HfkD_s170] step 57000 lr 2.50e-03 plateau mon 4.246 best 4.220@54000 since 3 (8778s)
    [replace_fmlp_k7_D16_HfkD_s170] step 58000 lr 2.50e-03 plateau mon 4.252 best 4.220@54000 since 4 (8931s)
    [replace_fmlp_k7_D16_HfkD_s170] step 59000 lr 2.50e-03 plateau mon 4.234 best 4.220@54000 since 5 (9088s)
    [replace_fmlp_k7_D16_HfkD_s170] step 60000 lr 2.50e-03 plateau mon 4.225 best 4.220@54000 since 6 (9242s)
    [replace_fmlp_k7_D16_HfkD_s170] step 61000 lr 2.50e-03 plateau mon 4.257 best 4.220@54000 since 7 (9399s)
    [replace_fmlp_k7_D16_HfkD_s170] step 62000 lr 2.50e-03 plateau mon 4.241 best 4.220@54000 since 8 (9552s)
    [replace_fmlp_k7_D16_HfkD_s170] -> DECAY triggered at step 62000
    [replace_fmlp_k7_D16_HfkD_s170] step 63000 lr 2.26e-03 decay mon 4.231 best 4.220@54000 since 9 (9710s)
    [replace_fmlp_k7_D16_HfkD_s170] step 64000 lr 1.64e-03 decay mon 4.205 best 4.205@64000 since 0 (9861s)
    [replace_fmlp_k7_D16_HfkD_s170] step 65000 lr 8.78e-04 decay mon 4.168 best 4.168@65000 since 0 (10019s)
    [replace_fmlp_k7_D16_HfkD_s170] step 66000 lr 2.57e-04 decay mon 4.152 best 4.152@66000 since 0 (10173s)
    [replace_fmlp_k7_D16_HfkD_s170] step 67000 lr 2.00e-05 decay mon 4.143 best 4.143@67000 since 0 (10331s)
  DONE gru/replace_fmlp_k7_D16_HfkD_s170/seed0: 206.8KB (i8 171.6+pke 15.75+f32 19.5) float 3.866 int8 ppl 3.891 t1 0.598 t3 0.798 | best@67000 decayed mon 4.143 [appended]
  RUN  gru/replace_fmlp_k7_D32_HfkD_s170/seed0 (train-to-convergence B=512 L=96)
    [replace_fmlp_k7_D32_HfkD_s170] step 1000 lr 2.50e-03 plateau mon 6.245 best 6.245@1000 since 0 (156s)
    [replace_fmlp_k7_D32_HfkD_s170] step 2000 lr 2.50e-03 plateau mon 5.105 best 5.105@2000 since 0 (314s)
    [replace_fmlp_k7_D32_HfkD_s170] step 3000 lr 2.50e-03 plateau mon 4.734 best 4.734@3000 since 0 (474s)
    [replace_fmlp_k7_D32_HfkD_s170] step 4000 lr 2.50e-03 plateau mon 4.554 best 4.554@4000 since 0 (631s)
    [replace_fmlp_k7_D32_HfkD_s170] step 5000 lr 2.50e-03 plateau mon 4.434 best 4.434@5000 since 0 (792s)
    [replace_fmlp_k7_D32_HfkD_s170] step 6000 lr 2.50e-03 plateau mon 4.403 best 4.403@6000 since 0 (948s)
    [replace_fmlp_k7_D32_HfkD_s170] step 7000 lr 2.50e-03 plateau mon 4.290 best 4.290@7000 since 0 (1109s)
    [replace_fmlp_k7_D32_HfkD_s170] step 8000 lr 2.50e-03 plateau mon 4.258 best 4.258@8000 since 0 (1266s)
    [replace_fmlp_k7_D32_HfkD_s170] step 9000 lr 2.50e-03 plateau mon 4.215 best 4.215@9000 since 0 (1426s)
    [replace_fmlp_k7_D32_HfkD_s170] step 10000 lr 2.50e-03 plateau mon 4.206 best 4.206@10000 since 0 (1583s)
    [replace_fmlp_k7_D32_HfkD_s170] step 11000 lr 2.50e-03 plateau mon 4.162 best 4.162@11000 since 0 (1743s)
    [replace_fmlp_k7_D32_HfkD_s170] step 12000 lr 2.50e-03 plateau mon 4.155 best 4.155@12000 since 0 (1900s)
    [replace_fmlp_k7_D32_HfkD_s170] step 13000 lr 2.50e-03 plateau mon 4.127 best 4.127@13000 since 0 (2059s)
    [replace_fmlp_k7_D32_HfkD_s170] step 14000 lr 2.50e-03 plateau mon 4.111 best 4.111@14000 since 0 (2213s)
    [replace_fmlp_k7_D32_HfkD_s170] step 15000 lr 2.50e-03 plateau mon 4.108 best 4.108@15000 since 0 (2371s)
    [replace_fmlp_k7_D32_HfkD_s170] step 16000 lr 2.50e-03 plateau mon 4.107 best 4.108@15000 since 1 (2525s)
    [replace_fmlp_k7_D32_HfkD_s170] step 17000 lr 2.50e-03 plateau mon 4.080 best 4.080@17000 since 0 (2679s)
    [replace_fmlp_k7_D32_HfkD_s170] step 18000 lr 2.50e-03 plateau mon 4.071 best 4.071@18000 since 0 (2835s)
    [replace_fmlp_k7_D32_HfkD_s170] step 19000 lr 2.50e-03 plateau mon 4.068 best 4.068@19000 since 0 (2989s)
    [replace_fmlp_k7_D32_HfkD_s170] step 20000 lr 2.50e-03 plateau mon 4.055 best 4.055@20000 since 0 (3147s)
    [replace_fmlp_k7_D32_HfkD_s170] step 21000 lr 2.50e-03 plateau mon 4.042 best 4.042@21000 since 0 (3302s)
    [replace_fmlp_k7_D32_HfkD_s170] step 22000 lr 2.50e-03 plateau mon 4.037 best 4.037@22000 since 0 (3460s)
    [replace_fmlp_k7_D32_HfkD_s170] step 23000 lr 2.50e-03 plateau mon 4.034 best 4.034@23000 since 0 (3615s)
    [replace_fmlp_k7_D32_HfkD_s170] step 24000 lr 2.50e-03 plateau mon 4.048 best 4.034@23000 since 1 (3773s)
    [replace_fmlp_k7_D32_HfkD_s170] step 25000 lr 2.50e-03 plateau mon 4.020 best 4.020@25000 since 0 (3928s)
    [replace_fmlp_k7_D32_HfkD_s170] step 26000 lr 2.50e-03 plateau mon 4.021 best 4.020@25000 since 1 (4084s)
    [replace_fmlp_k7_D32_HfkD_s170] step 27000 lr 2.50e-03 plateau mon 4.016 best 4.016@27000 since 0 (4242s)
    [replace_fmlp_k7_D32_HfkD_s170] step 28000 lr 2.50e-03 plateau mon 4.007 best 4.007@28000 since 0 (4397s)
    [replace_fmlp_k7_D32_HfkD_s170] step 29000 lr 2.50e-03 plateau mon 3.989 best 3.989@29000 since 0 (4554s)
    [replace_fmlp_k7_D32_HfkD_s170] step 30000 lr 2.50e-03 plateau mon 4.007 best 3.989@29000 since 1 (4708s)
    [replace_fmlp_k7_D32_HfkD_s170] step 31000 lr 2.50e-03 plateau mon 3.986 best 3.986@31000 since 0 (4867s)
    [replace_fmlp_k7_D32_HfkD_s170] step 32000 lr 2.50e-03 plateau mon 3.965 best 3.965@32000 since 0 (5023s)
    [replace_fmlp_k7_D32_HfkD_s170] step 33000 lr 2.50e-03 plateau mon 3.972 best 3.965@32000 since 1 (5179s)
    [replace_fmlp_k7_D32_HfkD_s170] step 34000 lr 2.50e-03 plateau mon 3.957 best 3.957@34000 since 0 (5337s)
    [replace_fmlp_k7_D32_HfkD_s170] step 35000 lr 2.50e-03 plateau mon 3.963 best 3.957@34000 since 1 (5492s)
    [replace_fmlp_k7_D32_HfkD_s170] step 36000 lr 2.50e-03 plateau mon 3.958 best 3.957@34000 since 2 (5649s)
    [replace_fmlp_k7_D32_HfkD_s170] step 37000 lr 2.50e-03 plateau mon 3.954 best 3.954@37000 since 0 (5804s)
    [replace_fmlp_k7_D32_HfkD_s170] step 38000 lr 2.50e-03 plateau mon 3.969 best 3.954@37000 since 1 (5962s)
    [replace_fmlp_k7_D32_HfkD_s170] step 39000 lr 2.50e-03 plateau mon 3.976 best 3.954@37000 since 2 (6116s)
    [replace_fmlp_k7_D32_HfkD_s170] step 40000 lr 2.50e-03 plateau mon 3.947 best 3.947@40000 since 0 (6274s)
    [replace_fmlp_k7_D32_HfkD_s170] step 41000 lr 2.50e-03 plateau mon 3.963 best 3.947@40000 since 1 (6429s)
    [replace_fmlp_k7_D32_HfkD_s170] step 42000 lr 2.50e-03 plateau mon 3.974 best 3.947@40000 since 2 (6586s)
    [replace_fmlp_k7_D32_HfkD_s170] step 43000 lr 2.50e-03 plateau mon 3.975 best 3.947@40000 since 3 (6740s)
    [replace_fmlp_k7_D32_HfkD_s170] step 44000 lr 2.50e-03 plateau mon 3.976 best 3.947@40000 since 4 (6898s)
    [replace_fmlp_k7_D32_HfkD_s170] step 45000 lr 2.50e-03 plateau mon 3.961 best 3.947@40000 since 5 (7053s)
    [replace_fmlp_k7_D32_HfkD_s170] step 46000 lr 2.50e-03 plateau mon 3.981 best 3.947@40000 since 6 (7210s)
    [replace_fmlp_k7_D32_HfkD_s170] step 47000 lr 2.50e-03 plateau mon 3.962 best 3.947@40000 since 7 (7366s)
    [replace_fmlp_k7_D32_HfkD_s170] step 48000 lr 2.50e-03 plateau mon 3.959 best 3.947@40000 since 8 (7522s)
    [replace_fmlp_k7_D32_HfkD_s170] -> DECAY triggered at step 48000
    [replace_fmlp_k7_D32_HfkD_s170] step 49000 lr 2.26e-03 decay mon 3.926 best 3.926@49000 since 0 (7679s)
    [replace_fmlp_k7_D32_HfkD_s170] step 50000 lr 1.64e-03 decay mon 3.921 best 3.921@50000 since 0 (7834s)
    [replace_fmlp_k7_D32_HfkD_s170] step 51000 lr 8.78e-04 decay mon 3.893 best 3.893@51000 since 0 (7992s)
    [replace_fmlp_k7_D32_HfkD_s170] step 52000 lr 2.57e-04 decay mon 3.863 best 3.863@52000 since 0 (8147s)
    [replace_fmlp_k7_D32_HfkD_s170] step 53000 lr 2.00e-05 decay mon 3.853 best 3.853@53000 since 0 (8305s)
  DONE gru/replace_fmlp_k7_D32_HfkD_s170/seed0: 265.4KB (i8 214.0+pke 31.50+f32 19.9) float 3.773 int8 ppl 3.787 t1 0.607 t3 0.803 | best@53000 decayed mon 3.853 [appended]
  RUN  gru/replace_fmlp_k7_D16_HfE_s170/seed0 (train-to-convergence B=512 L=96)
    [replace_fmlp_k7_D16_HfE_s170] step 1000 lr 2.50e-03 plateau mon 6.435 best 6.435@1000 since 0 (154s)
    [replace_fmlp_k7_D16_HfE_s170] step 2000 lr 2.50e-03 plateau mon 5.352 best 5.352@2000 since 0 (311s)
    [replace_fmlp_k7_D16_HfE_s170] step 3000 lr 2.50e-03 plateau mon 4.973 best 4.973@3000 since 0 (465s)
    [replace_fmlp_k7_D16_HfE_s170] step 4000 lr 2.50e-03 plateau mon 4.801 best 4.801@4000 since 0 (623s)
    [replace_fmlp_k7_D16_HfE_s170] step 5000 lr 2.50e-03 plateau mon 4.678 best 4.678@5000 since 0 (776s)
    [replace_fmlp_k7_D16_HfE_s170] step 6000 lr 2.50e-03 plateau mon 4.603 best 4.603@6000 since 0 (935s)
    [replace_fmlp_k7_D16_HfE_s170] step 7000 lr 2.50e-03 plateau mon 4.526 best 4.526@7000 since 0 (1089s)
    [replace_fmlp_k7_D16_HfE_s170] step 8000 lr 2.50e-03 plateau mon 4.484 best 4.484@8000 since 0 (1246s)
    [replace_fmlp_k7_D16_HfE_s170] step 9000 lr 2.50e-03 plateau mon 4.415 best 4.415@9000 since 0 (1402s)
    [replace_fmlp_k7_D16_HfE_s170] step 10000 lr 2.50e-03 plateau mon 4.391 best 4.391@10000 since 0 (1557s)
    [replace_fmlp_k7_D16_HfE_s170] step 11000 lr 2.50e-03 plateau mon 4.360 best 4.360@11000 since 0 (1714s)
    [replace_fmlp_k7_D16_HfE_s170] step 12000 lr 2.50e-03 plateau mon 4.335 best 4.335@12000 since 0 (1869s)
    [replace_fmlp_k7_D16_HfE_s170] step 13000 lr 2.50e-03 plateau mon 4.316 best 4.316@13000 since 0 (2026s)
    [replace_fmlp_k7_D16_HfE_s170] step 14000 lr 2.50e-03 plateau mon 4.285 best 4.285@14000 since 0 (2181s)
    [replace_fmlp_k7_D16_HfE_s170] step 15000 lr 2.50e-03 plateau mon 4.265 best 4.265@15000 since 0 (2338s)
    [replace_fmlp_k7_D16_HfE_s170] step 16000 lr 2.50e-03 plateau mon 4.240 best 4.240@16000 since 0 (2493s)
    [replace_fmlp_k7_D16_HfE_s170] step 17000 lr 2.50e-03 plateau mon 4.237 best 4.237@17000 since 0 (2651s)
    [replace_fmlp_k7_D16_HfE_s170] step 18000 lr 2.50e-03 plateau mon 4.221 best 4.221@18000 since 0 (2804s)
    [replace_fmlp_k7_D16_HfE_s170] step 19000 lr 2.50e-03 plateau mon 4.199 best 4.199@19000 since 0 (2963s)
    [replace_fmlp_k7_D16_HfE_s170] step 20000 lr 2.50e-03 plateau mon 4.196 best 4.196@20000 since 0 (3116s)
    [replace_fmlp_k7_D16_HfE_s170] step 21000 lr 2.50e-03 plateau mon 4.178 best 4.178@21000 since 0 (3274s)
    [replace_fmlp_k7_D16_HfE_s170] step 22000 lr 2.50e-03 plateau mon 4.170 best 4.170@22000 since 0 (3427s)
    [replace_fmlp_k7_D16_HfE_s170] step 23000 lr 2.50e-03 plateau mon 4.157 best 4.157@23000 since 0 (3585s)
    [replace_fmlp_k7_D16_HfE_s170] step 24000 lr 2.50e-03 plateau mon 4.161 best 4.157@23000 since 1 (3739s)
    [replace_fmlp_k7_D16_HfE_s170] step 25000 lr 2.50e-03 plateau mon 4.121 best 4.121@25000 since 0 (3896s)
    [replace_fmlp_k7_D16_HfE_s170] step 26000 lr 2.50e-03 plateau mon 4.135 best 4.121@25000 since 1 (4050s)
    [replace_fmlp_k7_D16_HfE_s170] step 27000 lr 2.50e-03 plateau mon 4.104 best 4.104@27000 since 0 (4207s)
    [replace_fmlp_k7_D16_HfE_s170] step 28000 lr 2.50e-03 plateau mon 4.121 best 4.104@27000 since 1 (4361s)
    [replace_fmlp_k7_D16_HfE_s170] step 29000 lr 2.50e-03 plateau mon 4.109 best 4.104@27000 since 2 (4518s)
    [replace_fmlp_k7_D16_HfE_s170] step 30000 lr 2.50e-03 plateau mon 4.105 best 4.104@27000 since 3 (4672s)
    [replace_fmlp_k7_D16_HfE_s170] step 31000 lr 2.50e-03 plateau mon 4.099 best 4.099@31000 since 0 (4829s)
    [replace_fmlp_k7_D16_HfE_s170] step 32000 lr 2.50e-03 plateau mon 4.083 best 4.083@32000 since 0 (4983s)
    [replace_fmlp_k7_D16_HfE_s170] step 33000 lr 2.50e-03 plateau mon 4.069 best 4.069@33000 since 0 (5140s)
    [replace_fmlp_k7_D16_HfE_s170] step 34000 lr 2.50e-03 plateau mon 4.083 best 4.069@33000 since 1 (5293s)
    [replace_fmlp_k7_D16_HfE_s170] step 35000 lr 2.50e-03 plateau mon 4.056 best 4.056@35000 since 0 (5451s)
    [replace_fmlp_k7_D16_HfE_s170] step 36000 lr 2.50e-03 plateau mon 4.076 best 4.056@35000 since 1 (5604s)
    [replace_fmlp_k7_D16_HfE_s170] step 37000 lr 2.50e-03 plateau mon 4.064 best 4.056@35000 since 2 (5760s)
    [replace_fmlp_k7_D16_HfE_s170] step 38000 lr 2.50e-03 plateau mon 4.047 best 4.047@38000 since 0 (5914s)
    [replace_fmlp_k7_D16_HfE_s170] step 39000 lr 2.50e-03 plateau mon 4.062 best 4.047@38000 since 1 (6070s)
    [replace_fmlp_k7_D16_HfE_s170] step 40000 lr 2.50e-03 plateau mon 4.065 best 4.047@38000 since 2 (6225s)
    [replace_fmlp_k7_D16_HfE_s170] step 41000 lr 2.50e-03 plateau mon 4.044 best 4.044@41000 since 0 (6382s)
    [replace_fmlp_k7_D16_HfE_s170] step 42000 lr 2.50e-03 plateau mon 4.063 best 4.044@41000 since 1 (6536s)
    [replace_fmlp_k7_D16_HfE_s170] step 43000 lr 2.50e-03 plateau mon 4.043 best 4.044@41000 since 2 (6691s)
    [replace_fmlp_k7_D16_HfE_s170] step 44000 lr 2.50e-03 plateau mon 4.040 best 4.040@44000 since 0 (6847s)
    [replace_fmlp_k7_D16_HfE_s170] step 45000 lr 2.50e-03 plateau mon 4.030 best 4.030@45000 since 0 (7001s)
    [replace_fmlp_k7_D16_HfE_s170] step 46000 lr 2.50e-03 plateau mon 4.041 best 4.030@45000 since 1 (7158s)
    [replace_fmlp_k7_D16_HfE_s170] step 47000 lr 2.50e-03 plateau mon 4.020 best 4.020@47000 since 0 (7311s)
    [replace_fmlp_k7_D16_HfE_s170] step 48000 lr 2.50e-03 plateau mon 4.018 best 4.018@48000 since 0 (7468s)
    [replace_fmlp_k7_D16_HfE_s170] step 49000 lr 2.50e-03 plateau mon 4.001 best 4.001@49000 since 0 (7620s)
    [replace_fmlp_k7_D16_HfE_s170] step 50000 lr 2.50e-03 plateau mon 4.032 best 4.001@49000 since 1 (11087s)
    [replace_fmlp_k7_D16_HfE_s170] step 51000 lr 2.50e-03 plateau mon 4.012 best 4.001@49000 since 2 (16204s)
    [replace_fmlp_k7_D16_HfE_s170] step 52000 lr 2.50e-03 plateau mon 4.017 best 4.001@49000 since 3 (16353s)
    [replace_fmlp_k7_D16_HfE_s170] step 53000 lr 2.50e-03 plateau mon 4.014 best 4.001@49000 since 4 (16511s)
    [replace_fmlp_k7_D16_HfE_s170] step 54000 lr 2.50e-03 plateau mon 4.014 best 4.001@49000 since 5 (16677s)
    [replace_fmlp_k7_D16_HfE_s170] step 55000 lr 2.50e-03 plateau mon 4.030 best 4.001@49000 since 6 (16844s)
    [replace_fmlp_k7_D16_HfE_s170] step 56000 lr 2.50e-03 plateau mon 3.999 best 3.999@56000 since 0 (17025s)
    [replace_fmlp_k7_D16_HfE_s170] step 57000 lr 2.50e-03 plateau mon 3.998 best 3.999@56000 since 1 (17192s)
    [replace_fmlp_k7_D16_HfE_s170] step 58000 lr 2.50e-03 plateau mon 4.032 best 3.999@56000 since 2 (17357s)
    [replace_fmlp_k7_D16_HfE_s170] step 59000 lr 2.50e-03 plateau mon 4.014 best 3.999@56000 since 3 (17524s)
    [replace_fmlp_k7_D16_HfE_s170] step 60000 lr 2.50e-03 plateau mon 4.000 best 3.999@56000 since 4 (17690s)
    [replace_fmlp_k7_D16_HfE_s170] step 61000 lr 2.50e-03 plateau mon 4.009 best 3.999@56000 since 5 (17857s)
    [replace_fmlp_k7_D16_HfE_s170] step 62000 lr 2.50e-03 plateau mon 4.004 best 3.999@56000 since 6 (18024s)
    [replace_fmlp_k7_D16_HfE_s170] step 63000 lr 2.50e-03 plateau mon 4.001 best 3.999@56000 since 7 (18192s)
    [replace_fmlp_k7_D16_HfE_s170] step 64000 lr 2.50e-03 plateau mon 4.000 best 3.999@56000 since 8 (18359s)
    [replace_fmlp_k7_D16_HfE_s170] -> DECAY triggered at step 64000
    [replace_fmlp_k7_D16_HfE_s170] step 65000 lr 2.26e-03 decay mon 4.004 best 3.999@56000 since 9 (18526s)
    [replace_fmlp_k7_D16_HfE_s170] step 66000 lr 1.64e-03 decay mon 3.989 best 3.989@66000 since 0 (18693s)
    [replace_fmlp_k7_D16_HfE_s170] step 67000 lr 8.78e-04 decay mon 3.948 best 3.948@67000 since 0 (18861s)
    [replace_fmlp_k7_D16_HfE_s170] step 68000 lr 2.57e-04 decay mon 3.929 best 3.929@68000 since 0 (19028s)
    [replace_fmlp_k7_D16_HfE_s170] step 69000 lr 2.00e-05 decay mon 3.917 best 3.917@69000 since 0 (19196s)
  DONE gru/replace_fmlp_k7_D16_HfE_s170/seed0: 196.3KB (i8 161.3+pke 15.75+f32 19.2) float 3.994 int8 ppl 4.008 t1 0.596 t3 0.790 | best@69000 decayed mon 3.917 [appended]
  RUN  gru/replace_fmlp_k7_D16_Hf2kD_s170/seed0 (train-to-convergence B=512 L=96)
    [replace_fmlp_k7_D16_Hf2kD_s170] step 1000 lr 2.50e-03 plateau mon 6.178 best 6.178@1000 since 0 (167s)
    [replace_fmlp_k7_D16_Hf2kD_s170] step 2000 lr 2.50e-03 plateau mon 5.120 best 5.120@2000 since 0 (334s)
    [replace_fmlp_k7_D16_Hf2kD_s170] step 3000 lr 2.50e-03 plateau mon 4.783 best 4.783@3000 since 0 (501s)
    [replace_fmlp_k7_D16_Hf2kD_s170] step 4000 lr 2.50e-03 plateau mon 4.598 best 4.598@4000 since 0 (669s)
    [replace_fmlp_k7_D16_Hf2kD_s170] step 5000 lr 2.50e-03 plateau mon 4.482 best 4.482@5000 since 0 (1000s)
    [replace_fmlp_k7_D16_Hf2kD_s170] step 6000 lr 2.50e-03 plateau mon 4.421 best 4.421@6000 since 0 (1344s)
    [replace_fmlp_k7_D16_Hf2kD_s170] step 7000 lr 2.50e-03 plateau mon 4.361 best 4.361@7000 since 0 (1680s)
    [replace_fmlp_k7_D16_Hf2kD_s170] step 8000 lr 2.50e-03 plateau mon 4.315 best 4.315@8000 since 0 (1963s)
    [replace_fmlp_k7_D16_Hf2kD_s170] step 9000 lr 2.50e-03 plateau mon 4.251 best 4.251@9000 since 0 (2235s)
    [replace_fmlp_k7_D16_Hf2kD_s170] step 10000 lr 2.50e-03 plateau mon 4.231 best 4.231@10000 since 0 (2505s)
    [replace_fmlp_k7_D16_Hf2kD_s170] step 11000 lr 2.50e-03 plateau mon 4.216 best 4.216@11000 since 0 (2776s)
    [replace_fmlp_k7_D16_Hf2kD_s170] step 12000 lr 2.50e-03 plateau mon 4.180 best 4.180@12000 since 0 (3046s)
    [replace_fmlp_k7_D16_Hf2kD_s170] step 13000 lr 2.50e-03 plateau mon 4.172 best 4.172@13000 since 0 (3315s)
    [replace_fmlp_k7_D16_Hf2kD_s170] step 14000 lr 2.50e-03 plateau mon 4.160 best 4.160@14000 since 0 (3572s)
    [replace_fmlp_k7_D16_Hf2kD_s170] step 15000 lr 2.50e-03 plateau mon 4.130 best 4.130@15000 since 0 (3728s)
    [replace_fmlp_k7_D16_Hf2kD_s170] step 16000 lr 2.50e-03 plateau mon 4.115 best 4.115@16000 since 0 (3920s)
    [replace_fmlp_k7_D16_Hf2kD_s170] step 17000 lr 2.50e-03 plateau mon 4.122 best 4.115@16000 since 1 (4095s)
    [replace_fmlp_k7_D16_Hf2kD_s170] step 18000 lr 2.50e-03 plateau mon 4.105 best 4.105@18000 since 0 (4275s)
    [replace_fmlp_k7_D16_Hf2kD_s170] step 19000 lr 2.50e-03 plateau mon 4.088 best 4.088@19000 since 0 (4459s)
    [replace_fmlp_k7_D16_Hf2kD_s170] step 20000 lr 2.50e-03 plateau mon 4.080 best 4.080@20000 since 0 (4645s)
    [replace_fmlp_k7_D16_Hf2kD_s170] step 21000 lr 2.50e-03 plateau mon 4.070 best 4.070@21000 since 0 (4824s)
    [replace_fmlp_k7_D16_Hf2kD_s170] step 22000 lr 2.50e-03 plateau mon 4.058 best 4.058@22000 since 0 (5014s)
    [replace_fmlp_k7_D16_Hf2kD_s170] step 23000 lr 2.50e-03 plateau mon 4.068 best 4.058@22000 since 1 (5206s)
    [replace_fmlp_k7_D16_Hf2kD_s170] step 24000 lr 2.50e-03 plateau mon 4.059 best 4.058@22000 since 2 (5400s)
    [replace_fmlp_k7_D16_Hf2kD_s170] step 25000 lr 2.50e-03 plateau mon 4.050 best 4.050@25000 since 0 (5563s)
    [replace_fmlp_k7_D16_Hf2kD_s170] step 26000 lr 2.50e-03 plateau mon 4.027 best 4.027@26000 since 0 (5719s)
    [replace_fmlp_k7_D16_Hf2kD_s170] step 27000 lr 2.50e-03 plateau mon 4.048 best 4.027@26000 since 1 (5876s)
    [replace_fmlp_k7_D16_Hf2kD_s170] step 28000 lr 2.50e-03 plateau mon 4.054 best 4.027@26000 since 2 (6033s)
    [replace_fmlp_k7_D16_Hf2kD_s170] step 29000 lr 2.50e-03 plateau mon 4.034 best 4.027@26000 since 3 (6190s)
    [replace_fmlp_k7_D16_Hf2kD_s170] step 30000 lr 2.50e-03 plateau mon 4.019 best 4.019@30000 since 0 (6346s)
    [replace_fmlp_k7_D16_Hf2kD_s170] step 31000 lr 2.50e-03 plateau mon 4.017 best 4.017@31000 since 0 (6504s)
    [replace_fmlp_k7_D16_Hf2kD_s170] step 32000 lr 2.50e-03 plateau mon 4.032 best 4.017@31000 since 1 (6661s)
    [replace_fmlp_k7_D16_Hf2kD_s170] step 33000 lr 2.50e-03 plateau mon 4.024 best 4.017@31000 since 2 (6817s)
    [replace_fmlp_k7_D16_Hf2kD_s170] step 34000 lr 2.50e-03 plateau mon 4.021 best 4.017@31000 since 3 (6974s)
    [replace_fmlp_k7_D16_Hf2kD_s170] step 35000 lr 2.50e-03 plateau mon 4.012 best 4.012@35000 since 0 (7130s)
    [replace_fmlp_k7_D16_Hf2kD_s170] step 36000 lr 2.50e-03 plateau mon 4.006 best 4.006@36000 since 0 (7287s)
    [replace_fmlp_k7_D16_Hf2kD_s170] step 37000 lr 2.50e-03 plateau mon 3.995 best 3.995@37000 since 0 (7444s)
    [replace_fmlp_k7_D16_Hf2kD_s170] step 38000 lr 2.50e-03 plateau mon 4.012 best 3.995@37000 since 1 (7601s)
    [replace_fmlp_k7_D16_Hf2kD_s170] step 39000 lr 2.50e-03 plateau mon 4.002 best 3.995@37000 since 2 (7757s)
    [replace_fmlp_k7_D16_Hf2kD_s170] step 40000 lr 2.50e-03 plateau mon 4.003 best 3.995@37000 since 3 (7914s)
    [replace_fmlp_k7_D16_Hf2kD_s170] step 41000 lr 2.50e-03 plateau mon 3.982 best 3.982@41000 since 0 (8070s)
    [replace_fmlp_k7_D16_Hf2kD_s170] step 42000 lr 2.50e-03 plateau mon 3.991 best 3.982@41000 since 1 (8227s)
    [replace_fmlp_k7_D16_Hf2kD_s170] step 43000 lr 2.50e-03 plateau mon 3.996 best 3.982@41000 since 2 (8383s)
    [replace_fmlp_k7_D16_Hf2kD_s170] step 44000 lr 2.50e-03 plateau mon 3.986 best 3.982@41000 since 3 (8540s)
    [replace_fmlp_k7_D16_Hf2kD_s170] step 45000 lr 2.50e-03 plateau mon 3.973 best 3.973@45000 since 0 (8696s)
    [replace_fmlp_k7_D16_Hf2kD_s170] step 46000 lr 2.50e-03 plateau mon 3.975 best 3.973@45000 since 1 (8853s)
    [replace_fmlp_k7_D16_Hf2kD_s170] step 47000 lr 2.50e-03 plateau mon 3.976 best 3.973@45000 since 2 (9008s)
    [replace_fmlp_k7_D16_Hf2kD_s170] step 48000 lr 2.50e-03 plateau mon 3.985 best 3.973@45000 since 3 (9163s)
    [replace_fmlp_k7_D16_Hf2kD_s170] step 49000 lr 2.50e-03 plateau mon 3.979 best 3.973@45000 since 4 (17892s)
    [replace_fmlp_k7_D16_Hf2kD_s170] step 50000 lr 2.50e-03 plateau mon 3.976 best 3.973@45000 since 5 (18027s)
    [replace_fmlp_k7_D16_Hf2kD_s170] step 51000 lr 2.50e-03 plateau mon 3.975 best 3.973@45000 since 6 (18177s)
    [replace_fmlp_k7_D16_Hf2kD_s170] step 52000 lr 2.50e-03 plateau mon 3.979 best 3.973@45000 since 7 (18325s)
    [replace_fmlp_k7_D16_Hf2kD_s170] step 53000 lr 2.50e-03 plateau mon 3.984 best 3.973@45000 since 8 (18475s)
    [replace_fmlp_k7_D16_Hf2kD_s170] -> DECAY triggered at step 53000
    [replace_fmlp_k7_D16_Hf2kD_s170] step 54000 lr 2.26e-03 decay mon 3.973 best 3.973@45000 since 9 (18625s)
    [replace_fmlp_k7_D16_Hf2kD_s170] step 55000 lr 1.64e-03 decay mon 3.934 best 3.934@55000 since 0 (18775s)
    [replace_fmlp_k7_D16_Hf2kD_s170] step 56000 lr 8.78e-04 decay mon 3.916 best 3.916@56000 since 0 (18925s)
    [replace_fmlp_k7_D16_Hf2kD_s170] step 57000 lr 2.57e-04 decay mon 3.890 best 3.890@57000 since 0 (19072s)
    [replace_fmlp_k7_D16_Hf2kD_s170] step 58000 lr 2.00e-05 decay mon 3.885 best 3.885@58000 since 0 (19220s)
  DONE gru/replace_fmlp_k7_D16_Hf2kD_s170/seed0: 225.2KB (i8 189.5+pke 15.75+f32 19.9) float 3.864 int8 ppl 3.880 t1 0.602 t3 0.800 | best@58000 decayed mon 3.885 [appended]
  RUN  gru/replace_fmlp_k12_D16_HfkD_s170/seed0 (train-to-convergence B=512 L=96)
    [replace_fmlp_k12_D16_HfkD_s170] step 1000 lr 2.50e-03 plateau mon 6.155 best 6.155@1000 since 0 (4867s)
    [replace_fmlp_k12_D16_HfkD_s170] step 2000 lr 2.50e-03 plateau mon 5.123 best 5.123@2000 since 0 (5018s)
    [replace_fmlp_k12_D16_HfkD_s170] step 3000 lr 2.50e-03 plateau mon 4.791 best 4.791@3000 since 0 (5174s)
    [replace_fmlp_k12_D16_HfkD_s170] step 4000 lr 2.50e-03 plateau mon 4.568 best 4.568@4000 since 0 (5343s)
    [replace_fmlp_k12_D16_HfkD_s170] step 5000 lr 2.50e-03 plateau mon 4.463 best 4.463@5000 since 0 (5512s)
    [replace_fmlp_k12_D16_HfkD_s170] step 6000 lr 2.50e-03 plateau mon 4.376 best 4.376@6000 since 0 (5672s)
    [replace_fmlp_k12_D16_HfkD_s170] step 7000 lr 2.50e-03 plateau mon 4.348 best 4.348@7000 since 0 (5831s)
    [replace_fmlp_k12_D16_HfkD_s170] step 8000 lr 2.50e-03 plateau mon 4.310 best 4.310@8000 since 0 (5984s)
    [replace_fmlp_k12_D16_HfkD_s170] step 9000 lr 2.50e-03 plateau mon 4.257 best 4.257@9000 since 0 (6137s)
    [replace_fmlp_k12_D16_HfkD_s170] step 10000 lr 2.50e-03 plateau mon 4.278 best 4.257@9000 since 1 (6300s)
    [replace_fmlp_k12_D16_HfkD_s170] step 11000 lr 2.50e-03 plateau mon 4.232 best 4.232@11000 since 0 (6455s)
    [replace_fmlp_k12_D16_HfkD_s170] step 12000 lr 2.50e-03 plateau mon 4.198 best 4.198@12000 since 0 (6616s)
    [replace_fmlp_k12_D16_HfkD_s170] step 13000 lr 2.50e-03 plateau mon 4.191 best 4.191@13000 since 0 (6774s)
    [replace_fmlp_k12_D16_HfkD_s170] step 14000 lr 2.50e-03 plateau mon 4.163 best 4.163@14000 since 0 (6935s)
    [replace_fmlp_k12_D16_HfkD_s170] step 15000 lr 2.50e-03 plateau mon 4.159 best 4.159@15000 since 0 (7085s)
    [replace_fmlp_k12_D16_HfkD_s170] step 16000 lr 2.50e-03 plateau mon 4.140 best 4.140@16000 since 0 (7237s)
    [replace_fmlp_k12_D16_HfkD_s170] step 17000 lr 2.50e-03 plateau mon 4.105 best 4.105@17000 since 0 (7390s)
    [replace_fmlp_k12_D16_HfkD_s170] step 18000 lr 2.50e-03 plateau mon 4.127 best 4.105@17000 since 1 (7543s)
    [replace_fmlp_k12_D16_HfkD_s170] step 19000 lr 2.50e-03 plateau mon 4.103 best 4.103@19000 since 0 (7696s)
    [replace_fmlp_k12_D16_HfkD_s170] step 20000 lr 2.50e-03 plateau mon 4.124 best 4.103@19000 since 1 (7855s)
    [replace_fmlp_k12_D16_HfkD_s170] step 21000 lr 2.50e-03 plateau mon 4.095 best 4.095@21000 since 0 (8013s)
    [replace_fmlp_k12_D16_HfkD_s170] step 22000 lr 2.50e-03 plateau mon 4.084 best 4.084@22000 since 0 (8170s)
    [replace_fmlp_k12_D16_HfkD_s170] step 23000 lr 2.50e-03 plateau mon 4.061 best 4.061@23000 since 0 (8326s)
    [replace_fmlp_k12_D16_HfkD_s170] step 24000 lr 2.50e-03 plateau mon 4.079 best 4.061@23000 since 1 (8482s)
    [replace_fmlp_k12_D16_HfkD_s170] step 25000 lr 2.50e-03 plateau mon 4.076 best 4.061@23000 since 2 (8640s)
    [replace_fmlp_k12_D16_HfkD_s170] step 26000 lr 2.50e-03 plateau mon 4.024 best 4.024@26000 since 0 (8799s)
    [replace_fmlp_k12_D16_HfkD_s170] step 27000 lr 2.50e-03 plateau mon 4.055 best 4.024@26000 since 1 (8957s)
    [replace_fmlp_k12_D16_HfkD_s170] step 28000 lr 2.50e-03 plateau mon 4.018 best 4.018@28000 since 0 (9114s)
    [replace_fmlp_k12_D16_HfkD_s170] step 29000 lr 2.50e-03 plateau mon 4.024 best 4.018@28000 since 1 (9271s)
    [replace_fmlp_k12_D16_HfkD_s170] step 30000 lr 2.50e-03 plateau mon 4.027 best 4.018@28000 since 2 (9430s)
    [replace_fmlp_k12_D16_HfkD_s170] step 31000 lr 2.50e-03 plateau mon 4.020 best 4.018@28000 since 3 (9589s)
    [replace_fmlp_k12_D16_HfkD_s170] step 32000 lr 2.50e-03 plateau mon 4.019 best 4.018@28000 since 4 (9747s)
    [replace_fmlp_k12_D16_HfkD_s170] step 33000 lr 2.50e-03 plateau mon 4.007 best 4.007@33000 since 0 (9903s)
    [replace_fmlp_k12_D16_HfkD_s170] step 34000 lr 2.50e-03 plateau mon 3.993 best 3.993@34000 since 0 (10059s)
    [replace_fmlp_k12_D16_HfkD_s170] step 35000 lr 2.50e-03 plateau mon 4.013 best 3.993@34000 since 1 (10231s)
    [replace_fmlp_k12_D16_HfkD_s170] step 36000 lr 2.50e-03 plateau mon 4.025 best 3.993@34000 since 2 (10425s)
    [replace_fmlp_k12_D16_HfkD_s170] step 37000 lr 2.50e-03 plateau mon 3.988 best 3.988@37000 since 0 (10631s)
    [replace_fmlp_k12_D16_HfkD_s170] step 38000 lr 2.50e-03 plateau mon 4.005 best 3.988@37000 since 1 (10842s)
    [replace_fmlp_k12_D16_HfkD_s170] step 39000 lr 2.50e-03 plateau mon 3.986 best 3.988@37000 since 2 (11042s)
    [replace_fmlp_k12_D16_HfkD_s170] step 40000 lr 2.50e-03 plateau mon 3.986 best 3.988@37000 since 3 (11236s)
    [replace_fmlp_k12_D16_HfkD_s170] step 41000 lr 2.50e-03 plateau mon 4.000 best 3.988@37000 since 4 (11447s)
    [replace_fmlp_k12_D16_HfkD_s170] step 42000 lr 2.50e-03 plateau mon 3.998 best 3.988@37000 since 5 (11650s)
    [replace_fmlp_k12_D16_HfkD_s170] step 43000 lr 2.50e-03 plateau mon 4.005 best 3.988@37000 since 6 (11824s)
    [replace_fmlp_k12_D16_HfkD_s170] step 44000 lr 2.50e-03 plateau mon 3.987 best 3.988@37000 since 7 (12010s)
    [replace_fmlp_k12_D16_HfkD_s170] step 45000 lr 2.50e-03 plateau mon 3.989 best 3.988@37000 since 8 (12185s)
    [replace_fmlp_k12_D16_HfkD_s170] -> DECAY triggered at step 45000
    [replace_fmlp_k12_D16_HfkD_s170] step 46000 lr 2.26e-03 decay mon 3.968 best 3.968@46000 since 0 (12350s)
    [replace_fmlp_k12_D16_HfkD_s170] step 47000 lr 1.64e-03 decay mon 3.931 best 3.931@47000 since 0 (12524s)
    [replace_fmlp_k12_D16_HfkD_s170] step 48000 lr 8.78e-04 decay mon 3.908 best 3.908@48000 since 0 (12699s)
    [replace_fmlp_k12_D16_HfkD_s170] step 49000 lr 2.57e-04 decay mon 3.889 best 3.889@49000 since 0 (12863s)
    [replace_fmlp_k12_D16_HfkD_s170] step 50000 lr 2.00e-05 decay mon 3.879 best 3.879@50000 since 0 (13048s)
  DONE gru/replace_fmlp_k12_D16_HfkD_s170/seed0: 246.2KB (i8 199.4+pke 27.00+f32 19.8) float 3.845 int8 ppl 3.840 t1 0.603 t3 0.799 | best@50000 decayed mon 3.879 [appended]
  RUN  gru/replace_fmlp_k7_D16_Hf2kD_s100/seed0 (train-to-convergence B=512 L=96)
    [replace_fmlp_k7_D16_Hf2kD_s100] step 1000 lr 2.50e-03 plateau mon 7.585 best 7.585@1000 since 0 (150s)
    [replace_fmlp_k7_D16_Hf2kD_s100] step 2000 lr 2.50e-03 plateau mon 6.231 best 6.231@2000 since 0 (293s)
    [replace_fmlp_k7_D16_Hf2kD_s100] step 3000 lr 2.50e-03 plateau mon 5.735 best 5.735@3000 since 0 (465s)
    [replace_fmlp_k7_D16_Hf2kD_s100] step 4000 lr 2.50e-03 plateau mon 5.460 best 5.460@4000 since 0 (609s)
    [replace_fmlp_k7_D16_Hf2kD_s100] step 5000 lr 2.50e-03 plateau mon 5.272 best 5.272@5000 since 0 (762s)
    [replace_fmlp_k7_D16_Hf2kD_s100] step 6000 lr 2.50e-03 plateau mon 5.142 best 5.142@6000 since 0 (906s)
    [replace_fmlp_k7_D16_Hf2kD_s100] step 7000 lr 2.50e-03 plateau mon 5.076 best 5.076@7000 since 0 (1065s)
    [replace_fmlp_k7_D16_Hf2kD_s100] step 8000 lr 2.50e-03 plateau mon 5.004 best 5.004@8000 since 0 (1246s)
    [replace_fmlp_k7_D16_Hf2kD_s100] step 9000 lr 2.50e-03 plateau mon 4.946 best 4.946@9000 since 0 (1422s)
    [replace_fmlp_k7_D16_Hf2kD_s100] step 10000 lr 2.50e-03 plateau mon 4.897 best 4.897@10000 since 0 (1575s)
    [replace_fmlp_k7_D16_Hf2kD_s100] step 11000 lr 2.50e-03 plateau mon 4.884 best 4.884@11000 since 0 (1721s)
    [replace_fmlp_k7_D16_Hf2kD_s100] step 12000 lr 2.50e-03 plateau mon 4.820 best 4.820@12000 since 0 (1861s)
    [replace_fmlp_k7_D16_Hf2kD_s100] step 13000 lr 2.50e-03 plateau mon 4.802 best 4.802@13000 since 0 (2024s)
    [replace_fmlp_k7_D16_Hf2kD_s100] step 14000 lr 2.50e-03 plateau mon 4.777 best 4.777@14000 since 0 (2158s)
    [replace_fmlp_k7_D16_Hf2kD_s100] step 15000 lr 2.50e-03 plateau mon 4.726 best 4.726@15000 since 0 (2300s)
    [replace_fmlp_k7_D16_Hf2kD_s100] step 16000 lr 2.50e-03 plateau mon 4.721 best 4.721@16000 since 0 (2433s)
    [replace_fmlp_k7_D16_Hf2kD_s100] step 17000 lr 2.50e-03 plateau mon 4.709 best 4.709@17000 since 0 (2574s)
    [replace_fmlp_k7_D16_Hf2kD_s100] step 18000 lr 2.50e-03 plateau mon 4.695 best 4.695@18000 since 0 (2707s)
    [replace_fmlp_k7_D16_Hf2kD_s100] step 19000 lr 2.50e-03 plateau mon 4.666 best 4.666@19000 since 0 (2849s)
    [replace_fmlp_k7_D16_Hf2kD_s100] step 20000 lr 2.50e-03 plateau mon 4.686 best 4.666@19000 since 1 (2984s)
    [replace_fmlp_k7_D16_Hf2kD_s100] step 21000 lr 2.50e-03 plateau mon 4.681 best 4.666@19000 since 2 (3126s)
    [replace_fmlp_k7_D16_Hf2kD_s100] step 22000 lr 2.50e-03 plateau mon 4.675 best 4.666@19000 since 3 (3265s)
    [replace_fmlp_k7_D16_Hf2kD_s100] step 23000 lr 2.50e-03 plateau mon 4.655 best 4.655@23000 since 0 (3403s)
    [replace_fmlp_k7_D16_Hf2kD_s100] step 24000 lr 2.50e-03 plateau mon 4.659 best 4.655@23000 since 1 (3546s)
    [replace_fmlp_k7_D16_Hf2kD_s100] step 25000 lr 2.50e-03 plateau mon 4.624 best 4.624@25000 since 0 (3689s)
    [replace_fmlp_k7_D16_Hf2kD_s100] step 26000 lr 2.50e-03 plateau mon 4.628 best 4.624@25000 since 1 (3829s)
    [replace_fmlp_k7_D16_Hf2kD_s100] step 27000 lr 2.50e-03 plateau mon 4.619 best 4.619@27000 since 0 (3983s)
    [replace_fmlp_k7_D16_Hf2kD_s100] step 28000 lr 2.50e-03 plateau mon 4.632 best 4.619@27000 since 1 (4147s)
    [replace_fmlp_k7_D16_Hf2kD_s100] step 29000 lr 2.50e-03 plateau mon 4.611 best 4.611@29000 since 0 (4316s)
    [replace_fmlp_k7_D16_Hf2kD_s100] step 30000 lr 2.50e-03 plateau mon 4.621 best 4.611@29000 since 1 (4456s)
    [replace_fmlp_k7_D16_Hf2kD_s100] step 31000 lr 2.50e-03 plateau mon 4.581 best 4.581@31000 since 0 (4596s)
    [replace_fmlp_k7_D16_Hf2kD_s100] step 32000 lr 2.50e-03 plateau mon 4.590 best 4.581@31000 since 1 (4746s)
    [replace_fmlp_k7_D16_Hf2kD_s100] step 33000 lr 2.50e-03 plateau mon 4.582 best 4.581@31000 since 2 (4892s)
    [replace_fmlp_k7_D16_Hf2kD_s100] step 34000 lr 2.50e-03 plateau mon 4.575 best 4.575@34000 since 0 (5036s)
    [replace_fmlp_k7_D16_Hf2kD_s100] step 35000 lr 2.50e-03 plateau mon 4.575 best 4.575@34000 since 1 (5198s)
    [replace_fmlp_k7_D16_Hf2kD_s100] step 36000 lr 2.50e-03 plateau mon 4.583 best 4.575@34000 since 2 (5350s)
device cuda torch 2.10.0+cu130
train 19,625,263 val 432,739  eval 200x400 = 80,000 positions

=== PHASE fmlpres (train-to-convergence, patience 8) ===
  RUN  gru/fmlp_res_k7_D8_Hf2kD_s170/seed0 (train-to-convergence B=512 L=96)
    [fmlp_res_k7_D8_Hf2kD_s170] step 1000 lr 2.50e-03 plateau mon 4.830 best 4.830@1000 since 0 (138s)
    [fmlp_res_k7_D8_Hf2kD_s170] step 2000 lr 2.50e-03 plateau mon 4.264 best 4.264@2000 since 0 (278s)
    [fmlp_res_k7_D8_Hf2kD_s170] step 3000 lr 2.50e-03 plateau mon 4.108 best 4.108@3000 since 0 (416s)
    [fmlp_res_k7_D8_Hf2kD_s170] step 4000 lr 2.50e-03 plateau mon 4.034 best 4.034@4000 since 0 (558s)
    [fmlp_res_k7_D8_Hf2kD_s170] step 5000 lr 2.50e-03 plateau mon 3.990 best 3.990@5000 since 0 (699s)
    [fmlp_res_k7_D8_Hf2kD_s170] step 6000 lr 2.50e-03 plateau mon 3.969 best 3.969@6000 since 0 (841s)
    [fmlp_res_k7_D8_Hf2kD_s170] step 7000 lr 2.50e-03 plateau mon 3.943 best 3.943@7000 since 0 (983s)
    [fmlp_res_k7_D8_Hf2kD_s170] step 8000 lr 2.50e-03 plateau mon 3.927 best 3.927@8000 since 0 (1123s)
    [fmlp_res_k7_D8_Hf2kD_s170] step 9000 lr 2.50e-03 plateau mon 3.890 best 3.890@9000 since 0 (1266s)
    [fmlp_res_k7_D8_Hf2kD_s170] step 10000 lr 2.50e-03 plateau mon 3.883 best 3.883@10000 since 0 (1408s)
    [fmlp_res_k7_D8_Hf2kD_s170] step 11000 lr 2.50e-03 plateau mon 3.868 best 3.868@11000 since 0 (1550s)
    [fmlp_res_k7_D8_Hf2kD_s170] step 12000 lr 2.50e-03 plateau mon 3.856 best 3.856@12000 since 0 (1694s)
    [fmlp_res_k7_D8_Hf2kD_s170] step 13000 lr 2.50e-03 plateau mon 3.851 best 3.851@13000 since 0 (1835s)
    [fmlp_res_k7_D8_Hf2kD_s170] step 14000 lr 2.50e-03 plateau mon 3.858 best 3.851@13000 since 1 (1978s)
    [fmlp_res_k7_D8_Hf2kD_s170] step 15000 lr 2.50e-03 plateau mon 3.831 best 3.831@15000 since 0 (2124s)
    [fmlp_res_k7_D8_Hf2kD_s170] step 16000 lr 2.50e-03 plateau mon 3.820 best 3.820@16000 since 0 (2269s)
    [fmlp_res_k7_D8_Hf2kD_s170] step 17000 lr 2.50e-03 plateau mon 3.842 best 3.820@16000 since 1 (2415s)
    [fmlp_res_k7_D8_Hf2kD_s170] step 18000 lr 2.50e-03 plateau mon 3.817 best 3.817@18000 since 0 (2559s)
    [fmlp_res_k7_D8_Hf2kD_s170] step 19000 lr 2.50e-03 plateau mon 3.815 best 3.817@18000 since 1 (2707s)
    [fmlp_res_k7_D8_Hf2kD_s170] step 20000 lr 2.50e-03 plateau mon 3.822 best 3.817@18000 since 2 (2853s)
    [fmlp_res_k7_D8_Hf2kD_s170] step 21000 lr 2.50e-03 plateau mon 3.796 best 3.796@21000 since 0 (2999s)
    [fmlp_res_k7_D8_Hf2kD_s170] step 22000 lr 2.50e-03 plateau mon 3.799 best 3.796@21000 since 1 (3147s)
    [fmlp_res_k7_D8_Hf2kD_s170] step 23000 lr 2.50e-03 plateau mon 3.818 best 3.796@21000 since 2 (3291s)
    [fmlp_res_k7_D8_Hf2kD_s170] step 24000 lr 2.50e-03 plateau mon 3.802 best 3.796@21000 since 3 (3435s)
    [fmlp_res_k7_D8_Hf2kD_s170] step 25000 lr 2.50e-03 plateau mon 3.785 best 3.785@25000 since 0 (3580s)
    [fmlp_res_k7_D8_Hf2kD_s170] step 26000 lr 2.50e-03 plateau mon 3.798 best 3.785@25000 since 1 (3725s)
    [fmlp_res_k7_D8_Hf2kD_s170] step 27000 lr 2.50e-03 plateau mon 3.786 best 3.785@25000 since 2 (3869s)
    [fmlp_res_k7_D8_Hf2kD_s170] step 28000 lr 2.50e-03 plateau mon 3.786 best 3.785@25000 since 3 (4015s)
    [fmlp_res_k7_D8_Hf2kD_s170] step 29000 lr 2.50e-03 plateau mon 3.796 best 3.785@25000 since 4 (4162s)
    [fmlp_res_k7_D8_Hf2kD_s170] step 30000 lr 2.50e-03 plateau mon 3.793 best 3.785@25000 since 5 (4307s)
    [fmlp_res_k7_D8_Hf2kD_s170] step 31000 lr 2.50e-03 plateau mon 3.789 best 3.785@25000 since 6 (4452s)
    [fmlp_res_k7_D8_Hf2kD_s170] step 32000 lr 2.50e-03 plateau mon 3.774 best 3.774@32000 since 0 (4597s)
    [fmlp_res_k7_D8_Hf2kD_s170] step 33000 lr 2.50e-03 plateau mon 3.778 best 3.774@32000 since 1 (4745s)
    [fmlp_res_k7_D8_Hf2kD_s170] step 34000 lr 2.50e-03 plateau mon 3.766 best 3.766@34000 since 0 (4899s)
    [fmlp_res_k7_D8_Hf2kD_s170] step 35000 lr 2.50e-03 plateau mon 3.771 best 3.766@34000 since 1 (5049s)
    [fmlp_res_k7_D8_Hf2kD_s170] step 36000 lr 2.50e-03 plateau mon 3.771 best 3.766@34000 since 2 (5203s)
    [fmlp_res_k7_D8_Hf2kD_s170] step 37000 lr 2.50e-03 plateau mon 3.775 best 3.766@34000 since 3 (5350s)
    [fmlp_res_k7_D8_Hf2kD_s170] step 38000 lr 2.50e-03 plateau mon 3.772 best 3.766@34000 since 4 (5504s)
    [fmlp_res_k7_D8_Hf2kD_s170] step 39000 lr 2.50e-03 plateau mon 3.777 best 3.766@34000 since 5 (5655s)
    [fmlp_res_k7_D8_Hf2kD_s170] step 40000 lr 2.50e-03 plateau mon 3.767 best 3.766@34000 since 6 (5808s)
    [fmlp_res_k7_D8_Hf2kD_s170] step 41000 lr 2.50e-03 plateau mon 3.757 best 3.757@41000 since 0 (5958s)
    [fmlp_res_k7_D8_Hf2kD_s170] step 42000 lr 2.50e-03 plateau mon 3.773 best 3.757@41000 since 1 (6104s)
    [fmlp_res_k7_D8_Hf2kD_s170] step 43000 lr 2.50e-03 plateau mon 3.768 best 3.757@41000 since 2 (6250s)
    [fmlp_res_k7_D8_Hf2kD_s170] step 44000 lr 2.50e-03 plateau mon 3.754 best 3.754@44000 since 0 (6402s)
    [fmlp_res_k7_D8_Hf2kD_s170] step 45000 lr 2.50e-03 plateau mon 3.763 best 3.754@44000 since 1 (6551s)
    [fmlp_res_k7_D8_Hf2kD_s170] step 46000 lr 2.50e-03 plateau mon 3.753 best 3.754@44000 since 2 (6703s)
    [fmlp_res_k7_D8_Hf2kD_s170] step 47000 lr 2.50e-03 plateau mon 3.768 best 3.754@44000 since 3 (6856s)
    [fmlp_res_k7_D8_Hf2kD_s170] step 48000 lr 2.50e-03 plateau mon 3.757 best 3.754@44000 since 4 (7007s)
    [fmlp_res_k7_D8_Hf2kD_s170] step 49000 lr 2.50e-03 plateau mon 3.763 best 3.754@44000 since 5 (7160s)
    [fmlp_res_k7_D8_Hf2kD_s170] step 50000 lr 2.50e-03 plateau mon 3.755 best 3.754@44000 since 6 (7312s)
    [fmlp_res_k7_D8_Hf2kD_s170] step 51000 lr 2.50e-03 plateau mon 3.745 best 3.745@51000 since 0 (7466s)
    [fmlp_res_k7_D8_Hf2kD_s170] step 52000 lr 2.50e-03 plateau mon 3.742 best 3.742@52000 since 0 (7618s)
    [fmlp_res_k7_D8_Hf2kD_s170] step 53000 lr 2.50e-03 plateau mon 3.758 best 3.742@52000 since 1 (7770s)
    [fmlp_res_k7_D8_Hf2kD_s170] step 54000 lr 2.50e-03 plateau mon 3.751 best 3.742@52000 since 2 (7924s)
    [fmlp_res_k7_D8_Hf2kD_s170] step 55000 lr 2.50e-03 plateau mon 3.766 best 3.742@52000 since 3 (8075s)
    [fmlp_res_k7_D8_Hf2kD_s170] step 56000 lr 2.50e-03 plateau mon 3.743 best 3.742@52000 since 4 (8228s)
    [fmlp_res_k7_D8_Hf2kD_s170] step 57000 lr 2.50e-03 plateau mon 3.735 best 3.735@57000 since 0 (8381s)
    [fmlp_res_k7_D8_Hf2kD_s170] step 58000 lr 2.50e-03 plateau mon 3.745 best 3.735@57000 since 1 (8533s)
    [fmlp_res_k7_D8_Hf2kD_s170] step 59000 lr 2.50e-03 plateau mon 3.748 best 3.735@57000 since 2 (8687s)
    [fmlp_res_k7_D8_Hf2kD_s170] step 60000 lr 2.50e-03 plateau mon 3.727 best 3.727@60000 since 0 (8840s)
    [fmlp_res_k7_D8_Hf2kD_s170] step 61000 lr 2.50e-03 plateau mon 3.743 best 3.727@60000 since 1 (8993s)
    [fmlp_res_k7_D8_Hf2kD_s170] step 62000 lr 2.50e-03 plateau mon 3.740 best 3.727@60000 since 2 (9145s)
    [fmlp_res_k7_D8_Hf2kD_s170] step 63000 lr 2.50e-03 plateau mon 3.739 best 3.727@60000 since 3 (9298s)
    [fmlp_res_k7_D8_Hf2kD_s170] step 64000 lr 2.50e-03 plateau mon 3.743 best 3.727@60000 since 4 (9451s)
    [fmlp_res_k7_D8_Hf2kD_s170] step 65000 lr 2.50e-03 plateau mon 3.751 best 3.727@60000 since 5 (9603s)
    [fmlp_res_k7_D8_Hf2kD_s170] step 66000 lr 2.50e-03 plateau mon 3.733 best 3.727@60000 since 6 (9755s)
    [fmlp_res_k7_D8_Hf2kD_s170] step 67000 lr 2.50e-03 plateau mon 3.748 best 3.727@60000 since 7 (9909s)
    [fmlp_res_k7_D8_Hf2kD_s170] step 68000 lr 2.50e-03 plateau mon 3.743 best 3.727@60000 since 8 (10060s)
    [fmlp_res_k7_D8_Hf2kD_s170] -> DECAY triggered at step 68000
    [fmlp_res_k7_D8_Hf2kD_s170] step 69000 lr 2.26e-03 decay mon 3.733 best 3.727@60000 since 9 (10214s)
    [fmlp_res_k7_D8_Hf2kD_s170] step 70000 lr 1.64e-03 decay mon 3.725 best 3.725@70000 since 0 (10365s)
    [fmlp_res_k7_D8_Hf2kD_s170] step 71000 lr 8.78e-04 decay mon 3.694 best 3.694@71000 since 0 (10520s)
    [fmlp_res_k7_D8_Hf2kD_s170] step 72000 lr 2.57e-04 decay mon 3.682 best 3.682@72000 since 0 (10671s)
    [fmlp_res_k7_D8_Hf2kD_s170] step 73000 lr 2.00e-05 decay mon 3.670 best 3.670@73000 since 0 (10823s)
C:\Users\Timeroot\AppData\Local\Packages\PythonSoftwareFoundation.Python.3.13_qbz5n2kfra8p0\LocalCache\local-packages\Python313\site-packages\torch\nn\modules\rnn.py:1415: UserWarning: RNN module weights are not part of single contiguous chunk of memory. This means they need to be compacted at every call, possibly greatly increasing memory usage. To compact weights again call flatten_parameters(). (Triggered internally at C:\actions-runner\_work\pytorch\pytorch\pytorch\aten\src\ATen\native\cudnn\RNN.cpp:1480.)
  result = _VF.gru(
  DONE gru/fmlp_res_k7_D8_Hf2kD_s170/seed0: 192.8KB (i8 165.5+pke 7.88+f32 19.5) float 3.646 int8 ppl 3.655 t1 0.616 t3 0.806 | best@73000 decayed mon 3.670 [appended]
  RUN  gru/fmlp_res_k7_D16_Hf2kD_s170/seed0 (train-to-convergence B=512 L=96)
    [fmlp_res_k7_D16_Hf2kD_s170] step 1000 lr 2.50e-03 plateau mon 4.877 best 4.877@1000 since 0 (157s)
    [fmlp_res_k7_D16_Hf2kD_s170] step 2000 lr 2.50e-03 plateau mon 4.334 best 4.334@2000 since 0 (312s)
    [fmlp_res_k7_D16_Hf2kD_s170] step 3000 lr 2.50e-03 plateau mon 4.163 best 4.163@3000 since 0 (469s)
    [fmlp_res_k7_D16_Hf2kD_s170] step 4000 lr 2.50e-03 plateau mon 4.064 best 4.064@4000 since 0 (625s)
    [fmlp_res_k7_D16_Hf2kD_s170] step 5000 lr 2.50e-03 plateau mon 4.012 best 4.012@5000 since 0 (781s)
    [fmlp_res_k7_D16_Hf2kD_s170] step 6000 lr 2.50e-03 plateau mon 3.988 best 3.988@6000 since 0 (938s)
    [fmlp_res_k7_D16_Hf2kD_s170] step 7000 lr 2.50e-03 plateau mon 3.928 best 3.928@7000 since 0 (1092s)
    [fmlp_res_k7_D16_Hf2kD_s170] step 8000 lr 2.50e-03 plateau mon 3.924 best 3.924@8000 since 0 (1249s)
    [fmlp_res_k7_D16_Hf2kD_s170] step 9000 lr 2.50e-03 plateau mon 3.906 best 3.906@9000 since 0 (1402s)
    [fmlp_res_k7_D16_Hf2kD_s170] step 10000 lr 2.50e-03 plateau mon 3.896 best 3.896@10000 since 0 (1557s)
    [fmlp_res_k7_D16_Hf2kD_s170] step 11000 lr 2.50e-03 plateau mon 3.883 best 3.883@11000 since 0 (1708s)
    [fmlp_res_k7_D16_Hf2kD_s170] step 12000 lr 2.50e-03 plateau mon 3.863 best 3.863@12000 since 0 (1863s)
    [fmlp_res_k7_D16_Hf2kD_s170] step 13000 lr 2.50e-03 plateau mon 3.857 best 3.857@13000 since 0 (2015s)
    [fmlp_res_k7_D16_Hf2kD_s170] step 14000 lr 2.50e-03 plateau mon 3.859 best 3.857@13000 since 1 (2171s)
    [fmlp_res_k7_D16_Hf2kD_s170] step 15000 lr 2.50e-03 plateau mon 3.838 best 3.838@15000 since 0 (2323s)
    [fmlp_res_k7_D16_Hf2kD_s170] step 16000 lr 2.50e-03 plateau mon 3.849 best 3.838@15000 since 1 (2478s)
    [fmlp_res_k7_D16_Hf2kD_s170] step 17000 lr 2.50e-03 plateau mon 3.849 best 3.838@15000 since 2 (2630s)
    [fmlp_res_k7_D16_Hf2kD_s170] step 18000 lr 2.50e-03 plateau mon 3.829 best 3.829@18000 since 0 (2786s)
    [fmlp_res_k7_D16_Hf2kD_s170] step 19000 lr 2.50e-03 plateau mon 3.828 best 3.829@18000 since 1 (2939s)
    [fmlp_res_k7_D16_Hf2kD_s170] step 20000 lr 2.50e-03 plateau mon 3.814 best 3.814@20000 since 0 (3093s)
    [fmlp_res_k7_D16_Hf2kD_s170] step 21000 lr 2.50e-03 plateau mon 3.828 best 3.814@20000 since 1 (3246s)
    [fmlp_res_k7_D16_Hf2kD_s170] step 22000 lr 2.50e-03 plateau mon 3.843 best 3.814@20000 since 2 (3399s)
    [fmlp_res_k7_D16_Hf2kD_s170] step 23000 lr 2.50e-03 plateau mon 3.800 best 3.800@23000 since 0 (3554s)
    [fmlp_res_k7_D16_Hf2kD_s170] step 24000 lr 2.50e-03 plateau mon 3.822 best 3.800@23000 since 1 (3706s)
    [fmlp_res_k7_D16_Hf2kD_s170] step 25000 lr 2.50e-03 plateau mon 3.792 best 3.792@25000 since 0 (3861s)
    [fmlp_res_k7_D16_Hf2kD_s170] step 26000 lr 2.50e-03 plateau mon 3.798 best 3.792@25000 since 1 (4013s)
    [fmlp_res_k7_D16_Hf2kD_s170] step 27000 lr 2.50e-03 plateau mon 3.802 best 3.792@25000 since 2 (4168s)
    [fmlp_res_k7_D16_Hf2kD_s170] step 28000 lr 2.50e-03 plateau mon 3.805 best 3.792@25000 since 3 (4321s)
    [fmlp_res_k7_D16_Hf2kD_s170] step 29000 lr 2.50e-03 plateau mon 3.793 best 3.792@25000 since 4 (4475s)
    [fmlp_res_k7_D16_Hf2kD_s170] step 30000 lr 2.50e-03 plateau mon 3.812 best 3.792@25000 since 5 (4629s)
    [fmlp_res_k7_D16_Hf2kD_s170] step 31000 lr 2.50e-03 plateau mon 3.775 best 3.775@31000 since 0 (4783s)
    [fmlp_res_k7_D16_Hf2kD_s170] step 32000 lr 2.50e-03 plateau mon 3.776 best 3.775@31000 since 1 (4937s)
    [fmlp_res_k7_D16_Hf2kD_s170] step 33000 lr 2.50e-03 plateau mon 3.787 best 3.775@31000 since 2 (5090s)
    [fmlp_res_k7_D16_Hf2kD_s170] step 34000 lr 2.50e-03 plateau mon 3.789 best 3.775@31000 since 3 (5245s)
    [fmlp_res_k7_D16_Hf2kD_s170] step 35000 lr 2.50e-03 plateau mon 3.768 best 3.768@35000 since 0 (5397s)
    [fmlp_res_k7_D16_Hf2kD_s170] step 36000 lr 2.50e-03 plateau mon 3.768 best 3.768@35000 since 1 (5553s)
    [fmlp_res_k7_D16_Hf2kD_s170] step 37000 lr 2.50e-03 plateau mon 3.775 best 3.768@35000 since 2 (5705s)
    [fmlp_res_k7_D16_Hf2kD_s170] step 38000 lr 2.50e-03 plateau mon 3.766 best 3.766@38000 since 0 (5861s)
    [fmlp_res_k7_D16_Hf2kD_s170] step 39000 lr 2.50e-03 plateau mon 3.755 best 3.755@39000 since 0 (6013s)
    [fmlp_res_k7_D16_Hf2kD_s170] step 40000 lr 2.50e-03 plateau mon 3.766 best 3.755@39000 since 1 (6168s)
    [fmlp_res_k7_D16_Hf2kD_s170] step 41000 lr 2.50e-03 plateau mon 3.766 best 3.755@39000 since 2 (6320s)
    [fmlp_res_k7_D16_Hf2kD_s170] step 42000 lr 2.50e-03 plateau mon 3.756 best 3.755@39000 since 3 (6476s)
    [fmlp_res_k7_D16_Hf2kD_s170] step 43000 lr 2.50e-03 plateau mon 3.755 best 3.755@39000 since 4 (6629s)
    [fmlp_res_k7_D16_Hf2kD_s170] step 44000 lr 2.50e-03 plateau mon 3.752 best 3.752@44000 since 0 (6783s)
    [fmlp_res_k7_D16_Hf2kD_s170] step 45000 lr 2.50e-03 plateau mon 3.753 best 3.752@44000 since 1 (6938s)
    [fmlp_res_k7_D16_Hf2kD_s170] step 46000 lr 2.50e-03 plateau mon 3.741 best 3.741@46000 since 0 (7091s)
    [fmlp_res_k7_D16_Hf2kD_s170] step 47000 lr 2.50e-03 plateau mon 3.752 best 3.741@46000 since 1 (7246s)
    [fmlp_res_k7_D16_Hf2kD_s170] step 48000 lr 2.50e-03 plateau mon 3.736 best 3.736@48000 since 0 (7398s)
    [fmlp_res_k7_D16_Hf2kD_s170] step 49000 lr 2.50e-03 plateau mon 3.768 best 3.736@48000 since 1 (7553s)
    [fmlp_res_k7_D16_Hf2kD_s170] step 50000 lr 2.50e-03 plateau mon 3.758 best 3.736@48000 since 2 (7706s)
    [fmlp_res_k7_D16_Hf2kD_s170] step 51000 lr 2.50e-03 plateau mon 3.746 best 3.736@48000 since 3 (7861s)
    [fmlp_res_k7_D16_Hf2kD_s170] step 52000 lr 2.50e-03 plateau mon 3.744 best 3.736@48000 since 4 (8012s)
    [fmlp_res_k7_D16_Hf2kD_s170] step 53000 lr 2.50e-03 plateau mon 3.757 best 3.736@48000 since 5 (8168s)
    [fmlp_res_k7_D16_Hf2kD_s170] step 54000 lr 2.50e-03 plateau mon 3.753 best 3.736@48000 since 6 (8321s)
    [fmlp_res_k7_D16_Hf2kD_s170] step 55000 lr 2.50e-03 plateau mon 3.739 best 3.736@48000 since 7 (8478s)
    [fmlp_res_k7_D16_Hf2kD_s170] step 56000 lr 2.50e-03 plateau mon 3.749 best 3.736@48000 since 8 (8632s)
    [fmlp_res_k7_D16_Hf2kD_s170] -> DECAY triggered at step 56000
    [fmlp_res_k7_D16_Hf2kD_s170] step 57000 lr 2.26e-03 decay mon 3.731 best 3.731@57000 since 0 (8787s)
    [fmlp_res_k7_D16_Hf2kD_s170] step 58000 lr 1.64e-03 decay mon 3.700 best 3.700@58000 since 0 (8940s)
    [fmlp_res_k7_D16_Hf2kD_s170] step 59000 lr 8.78e-04 decay mon 3.689 best 3.689@59000 since 0 (9096s)
    [fmlp_res_k7_D16_Hf2kD_s170] step 60000 lr 2.57e-04 decay mon 3.664 best 3.664@60000 since 0 (9250s)
    [fmlp_res_k7_D16_Hf2kD_s170] step 61000 lr 2.00e-05 decay mon 3.653 best 3.653@61000 since 0 (9405s)
  DONE gru/fmlp_res_k7_D16_Hf2kD_s170/seed0: 225.2KB (i8 189.5+pke 15.75+f32 19.9) float 3.601 int8 ppl 3.607 t1 0.620 t3 0.809 | best@61000 decayed mon 3.653 [appended]
  RUN  gru/fmlp_res_k7_D32_Hf2kD_s170/seed0 (train-to-convergence B=512 L=96)
    [fmlp_res_k7_D32_Hf2kD_s170] step 1000 lr 2.50e-03 plateau mon 5.169 best 5.169@1000 since 0 (160s)
    [fmlp_res_k7_D32_Hf2kD_s170] step 2000 lr 2.50e-03 plateau mon 4.504 best 4.504@2000 since 0 (318s)
    [fmlp_res_k7_D32_Hf2kD_s170] step 3000 lr 2.50e-03 plateau mon 4.306 best 4.306@3000 since 0 (479s)
    [fmlp_res_k7_D32_Hf2kD_s170] step 4000 lr 2.50e-03 plateau mon 4.211 best 4.211@4000 since 0 (637s)
    [fmlp_res_k7_D32_Hf2kD_s170] step 5000 lr 2.50e-03 plateau mon 4.144 best 4.144@5000 since 0 (797s)
    [fmlp_res_k7_D32_Hf2kD_s170] step 6000 lr 2.50e-03 plateau mon 4.127 best 4.127@6000 since 0 (956s)
    [fmlp_res_k7_D32_Hf2kD_s170] step 7000 lr 2.50e-03 plateau mon 4.086 best 4.086@7000 since 0 (1116s)
    [fmlp_res_k7_D32_Hf2kD_s170] step 8000 lr 2.50e-03 plateau mon 4.067 best 4.067@8000 since 0 (1276s)
    [fmlp_res_k7_D32_Hf2kD_s170] step 9000 lr 2.50e-03 plateau mon 4.070 best 4.067@8000 since 1 (1435s)
    [fmlp_res_k7_D32_Hf2kD_s170] step 10000 lr 2.50e-03 plateau mon 4.054 best 4.054@10000 since 0 (1595s)
    [fmlp_res_k7_D32_Hf2kD_s170] step 11000 lr 2.50e-03 plateau mon 4.055 best 4.054@10000 since 1 (1754s)
    [fmlp_res_k7_D32_Hf2kD_s170] step 12000 lr 2.50e-03 plateau mon 4.034 best 4.034@12000 since 0 (1914s)
    [fmlp_res_k7_D32_Hf2kD_s170] step 13000 lr 2.50e-03 plateau mon 4.053 best 4.034@12000 since 1 (2074s)
    [fmlp_res_k7_D32_Hf2kD_s170] step 14000 lr 2.50e-03 plateau mon 4.045 best 4.034@12000 since 2 (2233s)
    [fmlp_res_k7_D32_Hf2kD_s170] step 15000 lr 2.50e-03 plateau mon 4.024 best 4.024@15000 since 0 (2394s)
    [fmlp_res_k7_D32_Hf2kD_s170] step 16000 lr 2.50e-03 plateau mon 4.003 best 4.003@16000 since 0 (2553s)
    [fmlp_res_k7_D32_Hf2kD_s170] step 17000 lr 2.50e-03 plateau mon 3.991 best 3.991@17000 since 0 (2713s)
    [fmlp_res_k7_D32_Hf2kD_s170] step 18000 lr 2.50e-03 plateau mon 3.987 best 3.987@18000 since 0 (2872s)
    [fmlp_res_k7_D32_Hf2kD_s170] step 19000 lr 2.50e-03 plateau mon 3.996 best 3.987@18000 since 1 (3031s)
    [fmlp_res_k7_D32_Hf2kD_s170] step 20000 lr 2.50e-03 plateau mon 3.989 best 3.987@18000 since 2 (3192s)
    [fmlp_res_k7_D32_Hf2kD_s170] step 21000 lr 2.50e-03 plateau mon 3.979 best 3.979@21000 since 0 (3351s)
    [fmlp_res_k7_D32_Hf2kD_s170] step 22000 lr 2.50e-03 plateau mon 3.976 best 3.976@22000 since 0 (3511s)
    [fmlp_res_k7_D32_Hf2kD_s170] step 23000 lr 2.50e-03 plateau mon 3.954 best 3.954@23000 since 0 (3672s)
    [fmlp_res_k7_D32_Hf2kD_s170] step 24000 lr 2.50e-03 plateau mon 3.975 best 3.954@23000 since 1 (3831s)
    [fmlp_res_k7_D32_Hf2kD_s170] step 25000 lr 2.50e-03 plateau mon 3.976 best 3.954@23000 since 2 (3992s)
    [fmlp_res_k7_D32_Hf2kD_s170] step 26000 lr 2.50e-03 plateau mon 3.978 best 3.954@23000 since 3 (4150s)
    [fmlp_res_k7_D32_Hf2kD_s170] step 27000 lr 2.50e-03 plateau mon 3.981 best 3.954@23000 since 4 (4311s)
    [fmlp_res_k7_D32_Hf2kD_s170] step 28000 lr 2.50e-03 plateau mon 3.939 best 3.939@28000 since 0 (4470s)
    [fmlp_res_k7_D32_Hf2kD_s170] step 29000 lr 2.50e-03 plateau mon 3.969 best 3.939@28000 since 1 (4629s)
    [fmlp_res_k7_D32_Hf2kD_s170] step 30000 lr 2.50e-03 plateau mon 3.965 best 3.939@28000 since 2 (4790s)
    [fmlp_res_k7_D32_Hf2kD_s170] step 31000 lr 2.50e-03 plateau mon 3.965 best 3.939@28000 since 3 (4948s)
    [fmlp_res_k7_D32_Hf2kD_s170] step 32000 lr 2.50e-03 plateau mon 3.949 best 3.939@28000 since 4 (5110s)
    [fmlp_res_k7_D32_Hf2kD_s170] step 33000 lr 2.50e-03 plateau mon 3.948 best 3.939@28000 since 5 (5270s)
    [fmlp_res_k7_D32_Hf2kD_s170] step 34000 lr 2.50e-03 plateau mon 3.942 best 3.939@28000 since 6 (5429s)
    [fmlp_res_k7_D32_Hf2kD_s170] step 35000 lr 2.50e-03 plateau mon 3.946 best 3.939@28000 since 7 (5589s)
    [fmlp_res_k7_D32_Hf2kD_s170] step 36000 lr 2.50e-03 plateau mon 3.938 best 3.939@28000 since 8 (5748s)
    [fmlp_res_k7_D32_Hf2kD_s170] -> DECAY triggered at step 36000
    [fmlp_res_k7_D32_Hf2kD_s170] step 37000 lr 2.26e-03 decay mon 3.933 best 3.933@37000 since 0 (5907s)
    [fmlp_res_k7_D32_Hf2kD_s170] step 38000 lr 1.64e-03 decay mon 3.918 best 3.918@38000 since 0 (6068s)
    [fmlp_res_k7_D32_Hf2kD_s170] step 39000 lr 8.78e-04 decay mon 3.891 best 3.891@39000 since 0 (6226s)
    [fmlp_res_k7_D32_Hf2kD_s170] step 40000 lr 2.57e-04 decay mon 3.866 best 3.866@40000 since 0 (6387s)
    [fmlp_res_k7_D32_Hf2kD_s170] step 41000 lr 2.00e-05 decay mon 3.853 best 3.853@41000 since 0 (6546s)
  DONE gru/fmlp_res_k7_D32_Hf2kD_s170/seed0: 326.7KB (i8 274.4+pke 31.50+f32 20.8) float 3.558 int8 ppl 3.567 t1 0.623 t3 0.810 | best@41000 decayed mon 3.853 [appended]
  RUN  gru/fmlp_res_k7_D16_HfE_s170/seed0 (train-to-convergence B=512 L=96)
    [fmlp_res_k7_D16_HfE_s170] step 1000 lr 2.50e-03 plateau mon 5.096 best 5.096@1000 since 0 (155s)
    [fmlp_res_k7_D16_HfE_s170] step 2000 lr 2.50e-03 plateau mon 4.494 best 4.494@2000 since 0 (310s)
    [fmlp_res_k7_D16_HfE_s170] step 3000 lr 2.50e-03 plateau mon 4.304 best 4.304@3000 since 0 (463s)
    [fmlp_res_k7_D16_HfE_s170] step 4000 lr 2.50e-03 plateau mon 4.209 best 4.209@4000 since 0 (619s)
    [fmlp_res_k7_D16_HfE_s170] step 5000 lr 2.50e-03 plateau mon 4.149 best 4.149@5000 since 0 (773s)
    [fmlp_res_k7_D16_HfE_s170] step 6000 lr 2.50e-03 plateau mon 4.105 best 4.105@6000 since 0 (927s)
    [fmlp_res_k7_D16_HfE_s170] step 7000 lr 2.50e-03 plateau mon 4.072 best 4.072@7000 since 0 (1081s)
    [fmlp_res_k7_D16_HfE_s170] step 8000 lr 2.50e-03 plateau mon 4.053 best 4.053@8000 since 0 (1236s)
    [fmlp_res_k7_D16_HfE_s170] step 9000 lr 2.50e-03 plateau mon 4.021 best 4.021@9000 since 0 (1389s)
    [fmlp_res_k7_D16_HfE_s170] step 10000 lr 2.50e-03 plateau mon 3.999 best 3.999@10000 since 0 (1546s)
    [fmlp_res_k7_D16_HfE_s170] step 11000 lr 2.50e-03 plateau mon 3.998 best 3.999@10000 since 1 (1700s)
    [fmlp_res_k7_D16_HfE_s170] step 12000 lr 2.50e-03 plateau mon 3.980 best 3.980@12000 since 0 (1854s)
    [fmlp_res_k7_D16_HfE_s170] step 13000 lr 2.50e-03 plateau mon 3.974 best 3.974@13000 since 0 (2009s)
    [fmlp_res_k7_D16_HfE_s170] step 14000 lr 2.50e-03 plateau mon 3.988 best 3.974@13000 since 1 (2165s)
    [fmlp_res_k7_D16_HfE_s170] step 15000 lr 2.50e-03 plateau mon 3.971 best 3.971@15000 since 0 (2318s)
    [fmlp_res_k7_D16_HfE_s170] step 16000 lr 2.50e-03 plateau mon 3.965 best 3.965@16000 since 0 (2472s)
    [fmlp_res_k7_D16_HfE_s170] step 17000 lr 2.50e-03 plateau mon 3.965 best 3.965@16000 since 1 (2628s)
    [fmlp_res_k7_D16_HfE_s170] step 18000 lr 2.50e-03 plateau mon 3.963 best 3.965@16000 since 2 (2781s)
    [fmlp_res_k7_D16_HfE_s170] step 19000 lr 2.50e-03 plateau mon 3.947 best 3.947@19000 since 0 (2937s)
    [fmlp_res_k7_D16_HfE_s170] step 20000 lr 2.50e-03 plateau mon 3.938 best 3.938@20000 since 0 (3092s)
    [fmlp_res_k7_D16_HfE_s170] step 21000 lr 2.50e-03 plateau mon 3.940 best 3.938@20000 since 1 (3246s)
    [fmlp_res_k7_D16_HfE_s170] step 22000 lr 2.50e-03 plateau mon 3.942 best 3.938@20000 since 2 (3400s)
    [fmlp_res_k7_D16_HfE_s170] step 23000 lr 2.50e-03 plateau mon 3.930 best 3.930@23000 since 0 (3555s)
    [fmlp_res_k7_D16_HfE_s170] step 24000 lr 2.50e-03 plateau mon 3.921 best 3.921@24000 since 0 (3709s)
    [fmlp_res_k7_D16_HfE_s170] step 25000 lr 2.50e-03 plateau mon 3.926 best 3.921@24000 since 1 (3863s)
    [fmlp_res_k7_D16_HfE_s170] step 26000 lr 2.50e-03 plateau mon 3.930 best 3.921@24000 since 2 (4018s)
    [fmlp_res_k7_D16_HfE_s170] step 27000 lr 2.50e-03 plateau mon 3.910 best 3.910@27000 since 0 (4172s)
    [fmlp_res_k7_D16_HfE_s170] step 28000 lr 2.50e-03 plateau mon 3.916 best 3.910@27000 since 1 (4327s)
    [fmlp_res_k7_D16_HfE_s170] step 29000 lr 2.50e-03 plateau mon 3.922 best 3.910@27000 since 2 (4482s)
    [fmlp_res_k7_D16_HfE_s170] step 30000 lr 2.50e-03 plateau mon 3.897 best 3.897@30000 since 0 (4635s)
    [fmlp_res_k7_D16_HfE_s170] step 31000 lr 2.50e-03 plateau mon 3.921 best 3.897@30000 since 1 (4790s)
    [fmlp_res_k7_D16_HfE_s170] step 32000 lr 2.50e-03 plateau mon 3.921 best 3.897@30000 since 2 (4945s)
    [fmlp_res_k7_D16_HfE_s170] step 33000 lr 2.50e-03 plateau mon 3.908 best 3.897@30000 since 3 (5099s)
    [fmlp_res_k7_D16_HfE_s170] step 34000 lr 2.50e-03 plateau mon 3.904 best 3.897@30000 since 4 (5254s)
    [fmlp_res_k7_D16_HfE_s170] step 35000 lr 2.50e-03 plateau mon 3.907 best 3.897@30000 since 5 (5408s)
    [fmlp_res_k7_D16_HfE_s170] step 36000 lr 2.50e-03 plateau mon 3.909 best 3.897@30000 since 6 (5562s)
    [fmlp_res_k7_D16_HfE_s170] step 37000 lr 2.50e-03 plateau mon 3.903 best 3.897@30000 since 7 (5718s)
    [fmlp_res_k7_D16_HfE_s170] step 38000 lr 2.50e-03 plateau mon 3.900 best 3.897@30000 since 8 (5872s)
    [fmlp_res_k7_D16_HfE_s170] -> DECAY triggered at step 38000
    [fmlp_res_k7_D16_HfE_s170] step 39000 lr 2.26e-03 decay mon 3.878 best 3.878@39000 since 0 (6027s)
    [fmlp_res_k7_D16_HfE_s170] step 40000 lr 1.64e-03 decay mon 3.867 best 3.867@40000 since 0 (6182s)
    [fmlp_res_k7_D16_HfE_s170] step 41000 lr 8.78e-04 decay mon 3.838 best 3.838@41000 since 0 (6337s)
    [fmlp_res_k7_D16_HfE_s170] step 42000 lr 2.57e-04 decay mon 3.818 best 3.818@42000 since 0 (6489s)
    [fmlp_res_k7_D16_HfE_s170] step 43000 lr 2.00e-05 decay mon 3.813 best 3.813@43000 since 0 (6644s)
  DONE gru/fmlp_res_k7_D16_HfE_s170/seed0: 196.3KB (i8 161.3+pke 15.75+f32 19.2) float 3.681 int8 ppl 3.683 t1 0.612 t3 0.804 | best@43000 decayed mon 3.813 [appended]
  RUN  gru/fmlp_res_k7_D16_HfkD_s170/seed0 (train-to-convergence B=512 L=96)
    [fmlp_res_k7_D16_HfkD_s170] step 1000 lr 2.50e-03 plateau mon 4.785 best 4.785@1000 since 0 (156s)
    [fmlp_res_k7_D16_HfkD_s170] step 2000 lr 2.50e-03 plateau mon 4.237 best 4.237@2000 since 0 (312s)
    [fmlp_res_k7_D16_HfkD_s170] step 3000 lr 2.50e-03 plateau mon 4.070 best 4.070@3000 since 0 (466s)
    [fmlp_res_k7_D16_HfkD_s170] step 4000 lr 2.50e-03 plateau mon 3.996 best 3.996@4000 since 0 (620s)
    [fmlp_res_k7_D16_HfkD_s170] step 5000 lr 2.50e-03 plateau mon 3.943 best 3.943@5000 since 0 (775s)
    [fmlp_res_k7_D16_HfkD_s170] step 6000 lr 2.50e-03 plateau mon 3.899 best 3.899@6000 since 0 (930s)
    [fmlp_res_k7_D16_HfkD_s170] step 7000 lr 2.50e-03 plateau mon 3.870 best 3.870@7000 since 0 (1084s)
    [fmlp_res_k7_D16_HfkD_s170] step 8000 lr 2.50e-03 plateau mon 3.872 best 3.870@7000 since 1 (1238s)
    [fmlp_res_k7_D16_HfkD_s170] step 9000 lr 2.50e-03 plateau mon 3.840 best 3.840@9000 since 0 (1393s)
    [fmlp_res_k7_D16_HfkD_s170] step 10000 lr 2.50e-03 plateau mon 3.829 best 3.829@10000 since 0 (1548s)
    [fmlp_res_k7_D16_HfkD_s170] step 11000 lr 2.50e-03 plateau mon 3.802 best 3.802@11000 since 0 (1703s)
    [fmlp_res_k7_D16_HfkD_s170] step 12000 lr 2.50e-03 plateau mon 3.826 best 3.802@11000 since 1 (1858s)
    [fmlp_res_k7_D16_HfkD_s170] step 13000 lr 2.50e-03 plateau mon 3.796 best 3.796@13000 since 0 (2013s)
    [fmlp_res_k7_D16_HfkD_s170] step 14000 lr 2.50e-03 plateau mon 3.805 best 3.796@13000 since 1 (2168s)
    [fmlp_res_k7_D16_HfkD_s170] step 15000 lr 2.50e-03 plateau mon 3.765 best 3.765@15000 since 0 (2322s)
    [fmlp_res_k7_D16_HfkD_s170] step 16000 lr 2.50e-03 plateau mon 3.777 best 3.765@15000 since 1 (2478s)
    [fmlp_res_k7_D16_HfkD_s170] step 17000 lr 2.50e-03 plateau mon 3.777 best 3.765@15000 since 2 (2633s)
    [fmlp_res_k7_D16_HfkD_s170] step 18000 lr 2.50e-03 plateau mon 3.758 best 3.758@18000 since 0 (2788s)
    [fmlp_res_k7_D16_HfkD_s170] step 19000 lr 2.50e-03 plateau mon 3.760 best 3.758@18000 since 1 (2943s)
    [fmlp_res_k7_D16_HfkD_s170] step 20000 lr 2.50e-03 plateau mon 3.765 best 3.758@18000 since 2 (3098s)
    [fmlp_res_k7_D16_HfkD_s170] step 21000 lr 2.50e-03 plateau mon 3.770 best 3.758@18000 since 3 (3255s)
    [fmlp_res_k7_D16_HfkD_s170] step 22000 lr 2.50e-03 plateau mon 3.745 best 3.745@22000 since 0 (3409s)
    [fmlp_res_k7_D16_HfkD_s170] step 23000 lr 2.50e-03 plateau mon 3.744 best 3.745@22000 since 1 (3565s)
    [fmlp_res_k7_D16_HfkD_s170] step 24000 lr 2.50e-03 plateau mon 3.756 best 3.745@22000 since 2 (3720s)
    [fmlp_res_k7_D16_HfkD_s170] step 25000 lr 2.50e-03 plateau mon 3.730 best 3.730@25000 since 0 (3875s)
    [fmlp_res_k7_D16_HfkD_s170] step 26000 lr 2.50e-03 plateau mon 3.740 best 3.730@25000 since 1 (4031s)
    [fmlp_res_k7_D16_HfkD_s170] step 27000 lr 2.50e-03 plateau mon 3.746 best 3.730@25000 since 2 (4186s)
    [fmlp_res_k7_D16_HfkD_s170] step 28000 lr 2.50e-03 plateau mon 3.747 best 3.730@25000 since 3 (4341s)
    [fmlp_res_k7_D16_HfkD_s170] step 29000 lr 2.50e-03 plateau mon 3.739 best 3.730@25000 since 4 (4497s)
    [fmlp_res_k7_D16_HfkD_s170] step 30000 lr 2.50e-03 plateau mon 3.733 best 3.730@25000 since 5 (4652s)
    [fmlp_res_k7_D16_HfkD_s170] step 31000 lr 2.50e-03 plateau mon 3.730 best 3.730@25000 since 6 (4807s)
    [fmlp_res_k7_D16_HfkD_s170] step 32000 lr 2.50e-03 plateau mon 3.727 best 3.727@32000 since 0 (4962s)
    [fmlp_res_k7_D16_HfkD_s170] step 33000 lr 2.50e-03 plateau mon 3.736 best 3.727@32000 since 1 (5117s)
    [fmlp_res_k7_D16_HfkD_s170] step 34000 lr 2.50e-03 plateau mon 3.737 best 3.727@32000 since 2 (5273s)
    [fmlp_res_k7_D16_HfkD_s170] step 35000 lr 2.50e-03 plateau mon 3.730 best 3.727@32000 since 3 (5429s)
    [fmlp_res_k7_D16_HfkD_s170] step 36000 lr 2.50e-03 plateau mon 3.728 best 3.727@32000 since 4 (5583s)
    [fmlp_res_k7_D16_HfkD_s170] step 37000 lr 2.50e-03 plateau mon 3.718 best 3.718@37000 since 0 (5739s)
    [fmlp_res_k7_D16_HfkD_s170] step 38000 lr 2.50e-03 plateau mon 3.727 best 3.718@37000 since 1 (5895s)
    [fmlp_res_k7_D16_HfkD_s170] step 39000 lr 2.50e-03 plateau mon 3.722 best 3.718@37000 since 2 (6051s)
    [fmlp_res_k7_D16_HfkD_s170] step 40000 lr 2.50e-03 plateau mon 3.732 best 3.718@37000 since 3 (6206s)
    [fmlp_res_k7_D16_HfkD_s170] step 41000 lr 2.50e-03 plateau mon 3.733 best 3.718@37000 since 4 (6362s)
    [fmlp_res_k7_D16_HfkD_s170] step 42000 lr 2.50e-03 plateau mon 3.719 best 3.718@37000 since 5 (6518s)
    [fmlp_res_k7_D16_HfkD_s170] step 43000 lr 2.50e-03 plateau mon 3.720 best 3.718@37000 since 6 (6680s)
    [fmlp_res_k7_D16_HfkD_s170] step 44000 lr 2.50e-03 plateau mon 3.715 best 3.715@44000 since 0 (6837s)
    [fmlp_res_k7_D16_HfkD_s170] step 45000 lr 2.50e-03 plateau mon 3.724 best 3.715@44000 since 1 (6981s)
    [fmlp_res_k7_D16_HfkD_s170] step 46000 lr 2.50e-03 plateau mon 3.725 best 3.715@44000 since 2 (7134s)
    [fmlp_res_k7_D16_HfkD_s170] step 47000 lr 2.50e-03 plateau mon 3.709 best 3.709@47000 since 0 (7282s)
    [fmlp_res_k7_D16_HfkD_s170] step 48000 lr 2.50e-03 plateau mon 3.716 best 3.709@47000 since 1 (7432s)
    [fmlp_res_k7_D16_HfkD_s170] step 49000 lr 2.50e-03 plateau mon 3.717 best 3.709@47000 since 2 (7579s)
    [fmlp_res_k7_D16_HfkD_s170] step 50000 lr 2.50e-03 plateau mon 3.709 best 3.709@47000 since 3 (7724s)
    [fmlp_res_k7_D16_HfkD_s170] step 51000 lr 2.50e-03 plateau mon 3.712 best 3.709@47000 since 4 (7871s)
    [fmlp_res_k7_D16_HfkD_s170] step 52000 lr 2.50e-03 plateau mon 3.716 best 3.709@47000 since 5 (8021s)
    [fmlp_res_k7_D16_HfkD_s170] step 53000 lr 2.50e-03 plateau mon 3.708 best 3.709@47000 since 6 (8173s)
    [fmlp_res_k7_D16_HfkD_s170] step 54000 lr 2.50e-03 plateau mon 3.710 best 3.709@47000 since 7 (8323s)
    [fmlp_res_k7_D16_HfkD_s170] step 55000 lr 2.50e-03 plateau mon 3.714 best 3.709@47000 since 8 (8473s)
    [fmlp_res_k7_D16_HfkD_s170] -> DECAY triggered at step 55000
    [fmlp_res_k7_D16_HfkD_s170] step 56000 lr 2.26e-03 decay mon 3.701 best 3.701@56000 since 0 (8623s)
    [fmlp_res_k7_D16_HfkD_s170] step 57000 lr 1.64e-03 decay mon 3.683 best 3.683@57000 since 0 (8774s)
    [fmlp_res_k7_D16_HfkD_s170] step 58000 lr 8.78e-04 decay mon 3.660 best 3.660@58000 since 0 (8924s)
    [fmlp_res_k7_D16_HfkD_s170] step 59000 lr 2.57e-04 decay mon 3.637 best 3.637@59000 since 0 (9075s)
    [fmlp_res_k7_D16_HfkD_s170] step 60000 lr 2.00e-05 decay mon 3.634 best 3.634@60000 since 0 (9226s)
  DONE gru/fmlp_res_k7_D16_HfkD_s170/seed0: 206.8KB (i8 171.6+pke 15.75+f32 19.5) float 3.663 int8 ppl 3.665 t1 0.616 t3 0.805 | best@60000 decayed mon 3.634 [appended]
  RUN  gru/fmlp_res_k7_D16_Hf2kD_s100/seed0 (train-to-convergence B=512 L=96)
    [fmlp_res_k7_D16_Hf2kD_s100] step 1000 lr 2.50e-03 plateau mon 5.769 best 5.769@1000 since 0 (144s)
    [fmlp_res_k7_D16_Hf2kD_s100] step 2000 lr 2.50e-03 plateau mon 4.894 best 4.894@2000 since 0 (286s)
    [fmlp_res_k7_D16_Hf2kD_s100] step 3000 lr 2.50e-03 plateau mon 4.666 best 4.666@3000 since 0 (428s)
    [fmlp_res_k7_D16_Hf2kD_s100] step 4000 lr 2.50e-03 plateau mon 4.512 best 4.512@4000 since 0 (572s)
    [fmlp_res_k7_D16_Hf2kD_s100] step 5000 lr 2.50e-03 plateau mon 4.454 best 4.454@5000 since 0 (714s)
    [fmlp_res_k7_D16_Hf2kD_s100] step 6000 lr 2.50e-03 plateau mon 4.393 best 4.393@6000 since 0 (855s)
    [fmlp_res_k7_D16_Hf2kD_s100] step 7000 lr 2.50e-03 plateau mon 4.358 best 4.358@7000 since 0 (996s)
    [fmlp_res_k7_D16_Hf2kD_s100] step 8000 lr 2.50e-03 plateau mon 4.315 best 4.315@8000 since 0 (1140s)
    [fmlp_res_k7_D16_Hf2kD_s100] step 9000 lr 2.50e-03 plateau mon 4.284 best 4.284@9000 since 0 (1286s)
    [fmlp_res_k7_D16_Hf2kD_s100] step 10000 lr 2.50e-03 plateau mon 4.277 best 4.277@10000 since 0 (1447s)
    [fmlp_res_k7_D16_Hf2kD_s100] step 11000 lr 2.50e-03 plateau mon 4.224 best 4.224@11000 since 0 (1589s)
    [fmlp_res_k7_D16_Hf2kD_s100] step 12000 lr 2.50e-03 plateau mon 4.230 best 4.224@11000 since 1 (1721s)
    [fmlp_res_k7_D16_Hf2kD_s100] step 13000 lr 2.50e-03 plateau mon 4.205 best 4.205@13000 since 0 (1847s)
    [fmlp_res_k7_D16_Hf2kD_s100] step 14000 lr 2.50e-03 plateau mon 4.198 best 4.198@14000 since 0 (1974s)
    [fmlp_res_k7_D16_Hf2kD_s100] step 15000 lr 2.50e-03 plateau mon 4.176 best 4.176@15000 since 0 (2107s)
    [fmlp_res_k7_D16_Hf2kD_s100] step 16000 lr 2.50e-03 plateau mon 4.176 best 4.176@15000 since 1 (2240s)
    [fmlp_res_k7_D16_Hf2kD_s100] step 17000 lr 2.50e-03 plateau mon 4.147 best 4.147@17000 since 0 (2373s)
    [fmlp_res_k7_D16_Hf2kD_s100] step 18000 lr 2.50e-03 plateau mon 4.149 best 4.147@17000 since 1 (2505s)
    [fmlp_res_k7_D16_Hf2kD_s100] step 19000 lr 2.50e-03 plateau mon 4.137 best 4.137@19000 since 0 (2638s)
    [fmlp_res_k7_D16_Hf2kD_s100] step 20000 lr 2.50e-03 plateau mon 4.150 best 4.137@19000 since 1 (2771s)
    [fmlp_res_k7_D16_Hf2kD_s100] step 21000 lr 2.50e-03 plateau mon 4.131 best 4.131@21000 since 0 (2905s)
    [fmlp_res_k7_D16_Hf2kD_s100] step 22000 lr 2.50e-03 plateau mon 4.129 best 4.131@21000 since 1 (3037s)
    [fmlp_res_k7_D16_Hf2kD_s100] step 23000 lr 2.50e-03 plateau mon 4.138 best 4.131@21000 since 2 (3186s)
    [fmlp_res_k7_D16_Hf2kD_s100] step 24000 lr 2.50e-03 plateau mon 4.108 best 4.108@24000 since 0 (30964s)
    [fmlp_res_k7_D16_Hf2kD_s100] step 25000 lr 2.50e-03 plateau mon 4.099 best 4.099@25000 since 0 (37011s)
    [fmlp_res_k7_D16_Hf2kD_s100] step 26000 lr 2.50e-03 plateau mon 4.106 best 4.099@25000 since 1 (37146s)
    [fmlp_res_k7_D16_Hf2kD_s100] step 27000 lr 2.50e-03 plateau mon 4.084 best 4.084@27000 since 0 (37282s)
    [fmlp_res_k7_D16_Hf2kD_s100] step 28000 lr 2.50e-03 plateau mon 4.110 best 4.084@27000 since 1 (37417s)
    [fmlp_res_k7_D16_Hf2kD_s100] step 29000 lr 2.50e-03 plateau mon 4.078 best 4.078@29000 since 0 (37550s)
    [fmlp_res_k7_D16_Hf2kD_s100] step 30000 lr 2.50e-03 plateau mon 4.118 best 4.078@29000 since 1 (37686s)
    [fmlp_res_k7_D16_Hf2kD_s100] step 31000 lr 2.50e-03 plateau mon 4.078 best 4.078@29000 since 2 (37827s)
    [fmlp_res_k7_D16_Hf2kD_s100] step 32000 lr 2.50e-03 plateau mon 4.089 best 4.078@29000 since 3 (37966s)
    [fmlp_res_k7_D16_Hf2kD_s100] step 33000 lr 2.50e-03 plateau mon 4.071 best 4.071@33000 since 0 (38108s)
    [fmlp_res_k7_D16_Hf2kD_s100] step 34000 lr 2.50e-03 plateau mon 4.063 best 4.063@34000 since 0 (38248s)
    [fmlp_res_k7_D16_Hf2kD_s100] step 35000 lr 2.50e-03 plateau mon 4.054 best 4.054@35000 since 0 (38389s)
    [fmlp_res_k7_D16_Hf2kD_s100] step 36000 lr 2.50e-03 plateau mon 4.057 best 4.054@35000 since 1 (38529s)
    [fmlp_res_k7_D16_Hf2kD_s100] step 37000 lr 2.50e-03 plateau mon 4.058 best 4.054@35000 since 2 (38671s)
    [fmlp_res_k7_D16_Hf2kD_s100] step 38000 lr 2.50e-03 plateau mon 4.055 best 4.054@35000 since 3 (38812s)
    [fmlp_res_k7_D16_Hf2kD_s100] step 39000 lr 2.50e-03 plateau mon 4.054 best 4.054@35000 since 4 (38951s)
    [fmlp_res_k7_D16_Hf2kD_s100] step 40000 lr 2.50e-03 plateau mon 4.062 best 4.054@35000 since 5 (39092s)
    [fmlp_res_k7_D16_Hf2kD_s100] step 41000 lr 2.50e-03 plateau mon 4.057 best 4.054@35000 since 6 (39234s)
    [fmlp_res_k7_D16_Hf2kD_s100] step 42000 lr 2.50e-03 plateau mon 4.058 best 4.054@35000 since 7 (39374s)
    [fmlp_res_k7_D16_Hf2kD_s100] step 43000 lr 2.50e-03 plateau mon 4.054 best 4.054@35000 since 8 (39515s)
    [fmlp_res_k7_D16_Hf2kD_s100] -> DECAY triggered at step 43000
    [fmlp_res_k7_D16_Hf2kD_s100] step 44000 lr 2.26e-03 decay mon 4.040 best 4.040@44000 since 0 (39655s)
    [fmlp_res_k7_D16_Hf2kD_s100] step 45000 lr 1.64e-03 decay mon 4.022 best 4.022@45000 since 0 (39797s)
    [fmlp_res_k7_D16_Hf2kD_s100] step 46000 lr 8.78e-04 decay mon 3.993 best 3.993@46000 since 0 (39936s)
    [fmlp_res_k7_D16_Hf2kD_s100] step 47000 lr 2.57e-04 decay mon 3.972 best 3.972@47000 since 0 (40078s)
    [fmlp_res_k7_D16_Hf2kD_s100] step 48000 lr 2.00e-05 decay mon 3.963 best 3.963@48000 since 0 (40219s)
  DONE gru/fmlp_res_k7_D16_Hf2kD_s100/seed0: 135.8KB (i8 104.3+pke 15.75+f32 15.8) float 3.932 int8 ppl 3.941 t1 0.597 t3 0.792 | best@48000 decayed mon 3.963 [appended]
  RUN  gru/fmlp_res_k7_D16_Hf2kD_s260/seed0 (train-to-convergence B=512 L=96)
    [fmlp_res_k7_D16_Hf2kD_s260] step 1000 lr 2.50e-03 plateau mon 4.695 best 4.695@1000 since 0 (158s)
    [fmlp_res_k7_D16_Hf2kD_s260] step 2000 lr 2.50e-03 plateau mon 4.137 best 4.137@2000 since 0 (318s)
    [fmlp_res_k7_D16_Hf2kD_s260] step 3000 lr 2.50e-03 plateau mon 3.963 best 3.963@3000 since 0 (477s)
    [fmlp_res_k7_D16_Hf2kD_s260] step 4000 lr 2.50e-03 plateau mon 3.883 best 3.883@4000 since 0 (636s)
    [fmlp_res_k7_D16_Hf2kD_s260] step 5000 lr 2.50e-03 plateau mon 3.816 best 3.816@5000 since 0 (796s)
    [fmlp_res_k7_D16_Hf2kD_s260] step 6000 lr 2.50e-03 plateau mon 3.800 best 3.800@6000 since 0 (953s)
    [fmlp_res_k7_D16_Hf2kD_s260] step 7000 lr 2.50e-03 plateau mon 3.748 best 3.748@7000 since 0 (1114s)
    [fmlp_res_k7_D16_Hf2kD_s260] step 8000 lr 2.50e-03 plateau mon 3.740 best 3.740@8000 since 0 (1272s)
    [fmlp_res_k7_D16_Hf2kD_s260] step 9000 lr 2.50e-03 plateau mon 3.756 best 3.740@8000 since 1 (1433s)
    [fmlp_res_k7_D16_Hf2kD_s260] step 10000 lr 2.50e-03 plateau mon 3.709 best 3.709@10000 since 0 (1588s)
    [fmlp_res_k7_D16_Hf2kD_s260] step 11000 lr 2.50e-03 plateau mon 3.674 best 3.674@11000 since 0 (1763s)
    [fmlp_res_k7_D16_Hf2kD_s260] step 12000 lr 2.50e-03 plateau mon 3.692 best 3.674@11000 since 1 (1933s)
    [fmlp_res_k7_D16_Hf2kD_s260] step 13000 lr 2.50e-03 plateau mon 3.691 best 3.674@11000 since 2 (2103s)
    [fmlp_res_k7_D16_Hf2kD_s260] step 14000 lr 2.50e-03 plateau mon 3.689 best 3.674@11000 since 3 (2277s)
    [fmlp_res_k7_D16_Hf2kD_s260] step 15000 lr 2.50e-03 plateau mon 3.700 best 3.674@11000 since 4 (2438s)
    [fmlp_res_k7_D16_Hf2kD_s260] step 16000 lr 2.50e-03 plateau mon 3.685 best 3.674@11000 since 5 (2600s)
    [fmlp_res_k7_D16_Hf2kD_s260] step 17000 lr 2.50e-03 plateau mon 3.677 best 3.674@11000 since 6 (2759s)
    [fmlp_res_k7_D16_Hf2kD_s260] step 18000 lr 2.50e-03 plateau mon 3.647 best 3.647@18000 since 0 (2917s)
    [fmlp_res_k7_D16_Hf2kD_s260] step 19000 lr 2.50e-03 plateau mon 3.693 best 3.647@18000 since 1 (3078s)
    [fmlp_res_k7_D16_Hf2kD_s260] step 20000 lr 2.50e-03 plateau mon 3.678 best 3.647@18000 since 2 (3237s)
    [fmlp_res_k7_D16_Hf2kD_s260] step 21000 lr 2.50e-03 plateau mon 3.662 best 3.647@18000 since 3 (3396s)
    [fmlp_res_k7_D16_Hf2kD_s260] step 22000 lr 2.50e-03 plateau mon 3.657 best 3.647@18000 since 4 (3557s)
    [fmlp_res_k7_D16_Hf2kD_s260] step 23000 lr 2.50e-03 plateau mon 3.671 best 3.647@18000 since 5 (3715s)
    [fmlp_res_k7_D16_Hf2kD_s260] step 24000 lr 2.50e-03 plateau mon 3.657 best 3.647@18000 since 6 (3873s)
    [fmlp_res_k7_D16_Hf2kD_s260] step 25000 lr 2.50e-03 plateau mon 3.663 best 3.647@18000 since 7 (4032s)
    [fmlp_res_k7_D16_Hf2kD_s260] step 26000 lr 2.50e-03 plateau mon 3.654 best 3.647@18000 since 8 (4189s)
    [fmlp_res_k7_D16_Hf2kD_s260] -> DECAY triggered at step 26000
    [fmlp_res_k7_D16_Hf2kD_s260] step 27000 lr 2.26e-03 decay mon 3.633 best 3.633@27000 since 0 (4349s)
    [fmlp_res_k7_D16_Hf2kD_s260] step 28000 lr 1.64e-03 decay mon 3.615 best 3.615@28000 since 0 (4506s)
    [fmlp_res_k7_D16_Hf2kD_s260] step 29000 lr 8.78e-04 decay mon 3.588 best 3.588@29000 since 0 (4664s)
    [fmlp_res_k7_D16_Hf2kD_s260] step 30000 lr 2.57e-04 decay mon 3.554 best 3.554@30000 since 0 (4824s)
    [fmlp_res_k7_D16_Hf2kD_s260] step 31000 lr 2.00e-05 decay mon 3.543 best 3.543@31000 since 0 (4979s)
  DONE gru/fmlp_res_k7_D16_Hf2kD_s260/seed0: 337.1KB (i8 297.4+pke 15.75+f32 23.9) float 3.458 int8 ppl 3.464 t1 0.632 t3 0.815 | best@31000 decayed mon 3.543 [appended]
  RUN  gru/fmlp_res_k7_D16_Hf2kD_s360/seed0 (train-to-convergence B=512 L=96)
    [fmlp_res_k7_D16_Hf2kD_s360] step 1000 lr 2.50e-03 plateau mon 4.558 best 4.558@1000 since 0 (171s)
    [fmlp_res_k7_D16_Hf2kD_s360] step 2000 lr 2.50e-03 plateau mon 4.062 best 4.062@2000 since 0 (340s)
    [fmlp_res_k7_D16_Hf2kD_s360] step 3000 lr 2.50e-03 plateau mon 3.927 best 3.927@3000 since 0 (509s)
    [fmlp_res_k7_D16_Hf2kD_s360] step 4000 lr 2.50e-03 plateau mon 3.848 best 3.848@4000 since 0 (679s)
    [fmlp_res_k7_D16_Hf2kD_s360] step 5000 lr 2.50e-03 plateau mon 3.803 best 3.803@5000 since 0 (849s)
    [fmlp_res_k7_D16_Hf2kD_s360] step 6000 lr 2.50e-03 plateau mon 3.783 best 3.783@6000 since 0 (1017s)
    [fmlp_res_k7_D16_Hf2kD_s360] step 7000 lr 2.50e-03 plateau mon 3.783 best 3.783@6000 since 1 (1187s)
    [fmlp_res_k7_D16_Hf2kD_s360] step 8000 lr 2.50e-03 plateau mon 3.782 best 3.783@6000 since 2 (1357s)
    [fmlp_res_k7_D16_Hf2kD_s360] step 9000 lr 2.50e-03 plateau mon 3.747 best 3.747@9000 since 0 (1526s)
    [fmlp_res_k7_D16_Hf2kD_s360] step 10000 lr 2.50e-03 plateau mon 3.750 best 3.747@9000 since 1 (1694s)
    [fmlp_res_k7_D16_Hf2kD_s360] step 11000 lr 2.50e-03 plateau mon 3.755 best 3.747@9000 since 2 (1864s)
    [fmlp_res_k7_D16_Hf2kD_s360] step 12000 lr 2.50e-03 plateau mon 3.741 best 3.741@12000 since 0 (2033s)
    [fmlp_res_k7_D16_Hf2kD_s360] step 13000 lr 2.50e-03 plateau mon 3.743 best 3.741@12000 since 1 (2202s)
    [fmlp_res_k7_D16_Hf2kD_s360] step 14000 lr 2.50e-03 plateau mon 3.713 best 3.713@14000 since 0 (2372s)
    [fmlp_res_k7_D16_Hf2kD_s360] step 15000 lr 2.50e-03 plateau mon 3.733 best 3.713@14000 since 1 (2541s)
    [fmlp_res_k7_D16_Hf2kD_s360] step 16000 lr 2.50e-03 plateau mon 3.729 best 3.713@14000 since 2 (2709s)
    [fmlp_res_k7_D16_Hf2kD_s360] step 17000 lr 2.50e-03 plateau mon 3.729 best 3.713@14000 since 3 (2879s)
    [fmlp_res_k7_D16_Hf2kD_s360] step 18000 lr 2.50e-03 plateau mon 3.713 best 3.713@14000 since 4 (3048s)
    [fmlp_res_k7_D16_Hf2kD_s360] step 19000 lr 2.50e-03 plateau mon 3.721 best 3.713@14000 since 5 (3217s)
    [fmlp_res_k7_D16_Hf2kD_s360] step 20000 lr 2.50e-03 plateau mon 3.706 best 3.706@20000 since 0 (3387s)
    [fmlp_res_k7_D16_Hf2kD_s360] step 21000 lr 2.50e-03 plateau mon 3.725 best 3.706@20000 since 1 (3557s)
    [fmlp_res_k7_D16_Hf2kD_s360] step 22000 lr 2.50e-03 plateau mon 3.719 best 3.706@20000 since 2 (3725s)
    [fmlp_res_k7_D16_Hf2kD_s360] step 23000 lr 2.50e-03 plateau mon 3.703 best 3.703@23000 since 0 (3894s)
    [fmlp_res_k7_D16_Hf2kD_s360] step 24000 lr 2.50e-03 plateau mon 3.700 best 3.700@24000 since 0 (4065s)
    [fmlp_res_k7_D16_Hf2kD_s360] step 25000 lr 2.50e-03 plateau mon 3.712 best 3.700@24000 since 1 (4234s)
    [fmlp_res_k7_D16_Hf2kD_s360] step 26000 lr 2.50e-03 plateau mon 3.710 best 3.700@24000 since 2 (4403s)
    [fmlp_res_k7_D16_Hf2kD_s360] step 27000 lr 2.50e-03 plateau mon 3.686 best 3.686@27000 since 0 (4573s)
    [fmlp_res_k7_D16_Hf2kD_s360] step 28000 lr 2.50e-03 plateau mon 3.706 best 3.686@27000 since 1 (4743s)
    [fmlp_res_k7_D16_Hf2kD_s360] step 29000 lr 2.50e-03 plateau mon 3.711 best 3.686@27000 since 2 (4913s)
    [fmlp_res_k7_D16_Hf2kD_s360] step 30000 lr 2.50e-03 plateau mon 3.687 best 3.686@27000 since 3 (5081s)
    [fmlp_res_k7_D16_Hf2kD_s360] step 31000 lr 2.50e-03 plateau mon 3.704 best 3.686@27000 since 4 (5250s)
    [fmlp_res_k7_D16_Hf2kD_s360] step 32000 lr 2.50e-03 plateau mon 3.712 best 3.686@27000 since 5 (5421s)
    [fmlp_res_k7_D16_Hf2kD_s360] step 33000 lr 2.50e-03 plateau mon 3.727 best 3.686@27000 since 6 (5591s)
    [fmlp_res_k7_D16_Hf2kD_s360] step 34000 lr 2.50e-03 plateau mon 3.690 best 3.686@27000 since 7 (5759s)
    [fmlp_res_k7_D16_Hf2kD_s360] step 35000 lr 2.50e-03 plateau mon 3.690 best 3.686@27000 since 8 (5929s)
    [fmlp_res_k7_D16_Hf2kD_s360] -> DECAY triggered at step 35000
    [fmlp_res_k7_D16_Hf2kD_s360] step 36000 lr 2.26e-03 decay mon 3.696 best 3.686@27000 since 9 (6100s)
    [fmlp_res_k7_D16_Hf2kD_s360] step 37000 lr 1.64e-03 decay mon 3.665 best 3.665@37000 since 0 (6269s)
    [fmlp_res_k7_D16_Hf2kD_s360] step 38000 lr 8.78e-04 decay mon 3.625 best 3.625@38000 since 0 (6439s)
    [fmlp_res_k7_D16_Hf2kD_s360] step 39000 lr 2.57e-04 decay mon 3.607 best 3.607@39000 since 0 (6608s)
    [fmlp_res_k7_D16_Hf2kD_s360] step 40000 lr 2.00e-05 decay mon 3.595 best 3.595@40000 since 0 (6779s)
  DONE gru/fmlp_res_k7_D16_Hf2kD_s360/seed0: 493.9KB (i8 450.2+pke 15.75+f32 28.0) float 3.334 int8 ppl 3.337 t1 0.642 t3 0.822 | best@40000 decayed mon 3.595 [appended]

=== PHASE gru (train-to-convergence, patience 8) ===
  RUN  gru/addstate_k7_D16_s170/seed0 (train-to-convergence B=512 L=96)
    [addstate_k7_D16_s170] step 1000 lr 2.50e-03 plateau mon 5.013 best 5.013@1000 since 0 (151s)
    [addstate_k7_D16_s170] step 2000 lr 2.50e-03 plateau mon 4.478 best 4.478@2000 since 0 (303s)
    [addstate_k7_D16_s170] step 3000 lr 2.50e-03 plateau mon 4.327 best 4.327@3000 since 0 (453s)
    [addstate_k7_D16_s170] step 4000 lr 2.50e-03 plateau mon 4.259 best 4.259@4000 since 0 (603s)
    [addstate_k7_D16_s170] step 5000 lr 2.50e-03 plateau mon 4.223 best 4.223@5000 since 0 (755s)
    [addstate_k7_D16_s170] step 6000 lr 2.50e-03 plateau mon 4.194 best 4.194@6000 since 0 (905s)
    [addstate_k7_D16_s170] step 7000 lr 2.50e-03 plateau mon 4.177 best 4.177@7000 since 0 (1058s)
    [addstate_k7_D16_s170] step 8000 lr 2.50e-03 plateau mon 4.180 best 4.177@7000 since 1 (1206s)
    [addstate_k7_D16_s170] step 9000 lr 2.50e-03 plateau mon 4.168 best 4.168@9000 since 0 (1359s)
    [addstate_k7_D16_s170] step 10000 lr 2.50e-03 plateau mon 4.158 best 4.158@10000 since 0 (1509s)
    [addstate_k7_D16_s170] step 11000 lr 2.50e-03 plateau mon 4.145 best 4.145@11000 since 0 (1662s)
    [addstate_k7_D16_s170] step 12000 lr 2.50e-03 plateau mon 4.112 best 4.112@12000 since 0 (1810s)
    [addstate_k7_D16_s170] step 13000 lr 2.50e-03 plateau mon 4.125 best 4.112@12000 since 1 (1963s)
    [addstate_k7_D16_s170] step 14000 lr 2.50e-03 plateau mon 4.116 best 4.112@12000 since 2 (2111s)
    [addstate_k7_D16_s170] step 15000 lr 2.50e-03 plateau mon 4.115 best 4.112@12000 since 3 (2264s)
    [addstate_k7_D16_s170] step 16000 lr 2.50e-03 plateau mon 4.086 best 4.086@16000 since 0 (2414s)
    [addstate_k7_D16_s170] step 17000 lr 2.50e-03 plateau mon 4.110 best 4.086@16000 since 1 (2565s)
    [addstate_k7_D16_s170] step 18000 lr 2.50e-03 plateau mon 4.097 best 4.086@16000 since 2 (2717s)
    [addstate_k7_D16_s170] step 19000 lr 2.50e-03 plateau mon 4.077 best 4.077@19000 since 0 (2867s)
    [addstate_k7_D16_s170] step 20000 lr 2.50e-03 plateau mon 4.084 best 4.077@19000 since 1 (3020s)
    [addstate_k7_D16_s170] step 21000 lr 2.50e-03 plateau mon 4.087 best 4.077@19000 since 2 (3169s)
    [addstate_k7_D16_s170] step 22000 lr 2.50e-03 plateau mon 4.086 best 4.077@19000 since 3 (3322s)
    [addstate_k7_D16_s170] step 23000 lr 2.50e-03 plateau mon 4.086 best 4.077@19000 since 4 (3470s)
    [addstate_k7_D16_s170] step 24000 lr 2.50e-03 plateau mon 4.087 best 4.077@19000 since 5 (3623s)
    [addstate_k7_D16_s170] step 25000 lr 2.50e-03 plateau mon 4.076 best 4.077@19000 since 6 (3771s)
    [addstate_k7_D16_s170] step 26000 lr 2.50e-03 plateau mon 4.062 best 4.062@26000 since 0 (3925s)
    [addstate_k7_D16_s170] step 27000 lr 2.50e-03 plateau mon 4.069 best 4.062@26000 since 1 (4073s)
    [addstate_k7_D16_s170] step 28000 lr 2.50e-03 plateau mon 4.079 best 4.062@26000 since 2 (4226s)
    [addstate_k7_D16_s170] step 29000 lr 2.50e-03 plateau mon 4.061 best 4.062@26000 since 3 (4374s)
    [addstate_k7_D16_s170] step 30000 lr 2.50e-03 plateau mon 4.082 best 4.062@26000 since 4 (4528s)
    [addstate_k7_D16_s170] step 31000 lr 2.50e-03 plateau mon 4.066 best 4.062@26000 since 5 (4677s)
    [addstate_k7_D16_s170] step 32000 lr 2.50e-03 plateau mon 4.042 best 4.042@32000 since 0 (4830s)
    [addstate_k7_D16_s170] step 33000 lr 2.50e-03 plateau mon 4.075 best 4.042@32000 since 1 (4979s)
    [addstate_k7_D16_s170] step 34000 lr 2.50e-03 plateau mon 4.067 best 4.042@32000 since 2 (5131s)
    [addstate_k7_D16_s170] step 35000 lr 2.50e-03 plateau mon 4.064 best 4.042@32000 since 3 (5281s)
    [addstate_k7_D16_s170] step 36000 lr 2.50e-03 plateau mon 4.065 best 4.042@32000 since 4 (5433s)
    [addstate_k7_D16_s170] step 37000 lr 2.50e-03 plateau mon 4.079 best 4.042@32000 since 5 (5583s)
    [addstate_k7_D16_s170] step 38000 lr 2.50e-03 plateau mon 4.050 best 4.042@32000 since 6 (5734s)
    [addstate_k7_D16_s170] step 39000 lr 2.50e-03 plateau mon 4.054 best 4.042@32000 since 7 (5885s)
    [addstate_k7_D16_s170] step 40000 lr 2.50e-03 plateau mon 4.059 best 4.042@32000 since 8 (6034s)
    [addstate_k7_D16_s170] -> DECAY triggered at step 40000
    [addstate_k7_D16_s170] step 41000 lr 2.26e-03 decay mon 4.042 best 4.042@32000 since 9 (6186s)
    [addstate_k7_D16_s170] step 42000 lr 1.64e-03 decay mon 4.043 best 4.042@32000 since 10 (6336s)
    [addstate_k7_D16_s170] step 43000 lr 8.78e-04 decay mon 4.014 best 4.014@43000 since 0 (6489s)
    [addstate_k7_D16_s170] step 44000 lr 2.57e-04 decay mon 3.993 best 3.993@44000 since 0 (6637s)
    [addstate_k7_D16_s170] step 45000 lr 2.00e-05 decay mon 3.985 best 3.985@45000 since 0 (6790s)
  DONE gru/addstate_k7_D16_s170/seed0: 212.5KB (i8 177.9+pke 15.75+f32 18.8) float 3.749 int8 ppl 3.752 t1 0.610 t3 0.801 | best@45000 decayed mon 3.985 [appended]
  RUN  gru/addstate_k7_D32_s170/seed0 (train-to-convergence B=512 L=96)
    [addstate_k7_D32_s170] step 1000 lr 2.50e-03 plateau mon 5.095 best 5.095@1000 since 0 (151s)
    [addstate_k7_D32_s170] step 2000 lr 2.50e-03 plateau mon 4.540 best 4.540@2000 since 0 (305s)
    [addstate_k7_D32_s170] step 3000 lr 2.50e-03 plateau mon 4.419 best 4.419@3000 since 0 (456s)
    [addstate_k7_D32_s170] step 4000 lr 2.50e-03 plateau mon 4.348 best 4.348@4000 since 0 (611s)
    [addstate_k7_D32_s170] step 5000 lr 2.50e-03 plateau mon 4.292 best 4.292@5000 since 0 (762s)
    [addstate_k7_D32_s170] step 6000 lr 2.50e-03 plateau mon 4.259 best 4.259@6000 since 0 (915s)
    [addstate_k7_D32_s170] step 7000 lr 2.50e-03 plateau mon 4.240 best 4.240@7000 since 0 (1067s)
    [addstate_k7_D32_s170] step 8000 lr 2.50e-03 plateau mon 4.233 best 4.233@8000 since 0 (1220s)
    [addstate_k7_D32_s170] step 9000 lr 2.50e-03 plateau mon 4.221 best 4.221@9000 since 0 (1374s)
    [addstate_k7_D32_s170] step 10000 lr 2.50e-03 plateau mon 4.206 best 4.206@10000 since 0 (1527s)
    [addstate_k7_D32_s170] step 11000 lr 2.50e-03 plateau mon 4.214 best 4.206@10000 since 1 (1679s)
    [addstate_k7_D32_s170] step 12000 lr 2.50e-03 plateau mon 4.178 best 4.178@12000 since 0 (1830s)
    [addstate_k7_D32_s170] step 13000 lr 2.50e-03 plateau mon 4.170 best 4.170@13000 since 0 (1984s)
    [addstate_k7_D32_s170] step 14000 lr 2.50e-03 plateau mon 4.179 best 4.170@13000 since 1 (2134s)
    [addstate_k7_D32_s170] step 15000 lr 2.50e-03 plateau mon 4.157 best 4.157@15000 since 0 (2287s)
    [addstate_k7_D32_s170] step 16000 lr 2.50e-03 plateau mon 4.149 best 4.149@16000 since 0 (2438s)
    [addstate_k7_D32_s170] step 17000 lr 2.50e-03 plateau mon 4.131 best 4.131@17000 since 0 (2589s)
    [addstate_k7_D32_s170] step 18000 lr 2.50e-03 plateau mon 4.142 best 4.131@17000 since 1 (2742s)
    [addstate_k7_D32_s170] step 19000 lr 2.50e-03 plateau mon 4.126 best 4.126@19000 since 0 (2891s)
    [addstate_k7_D32_s170] step 20000 lr 2.50e-03 plateau mon 4.125 best 4.126@19000 since 1 (3045s)
    [addstate_k7_D32_s170] step 21000 lr 2.50e-03 plateau mon 4.117 best 4.117@21000 since 0 (3195s)
    [addstate_k7_D32_s170] step 22000 lr 2.50e-03 plateau mon 4.134 best 4.117@21000 since 1 (3349s)
    [addstate_k7_D32_s170] step 23000 lr 2.50e-03 plateau mon 4.139 best 4.117@21000 since 2 (3498s)
    [addstate_k7_D32_s170] step 24000 lr 2.50e-03 plateau mon 4.134 best 4.117@21000 since 3 (3651s)
    [addstate_k7_D32_s170] step 25000 lr 2.50e-03 plateau mon 4.125 best 4.117@21000 since 4 (3801s)
    [addstate_k7_D32_s170] step 26000 lr 2.50e-03 plateau mon 4.125 best 4.117@21000 since 5 (3955s)
    [addstate_k7_D32_s170] step 27000 lr 2.50e-03 plateau mon 4.111 best 4.111@27000 since 0 (4104s)
    [addstate_k7_D32_s170] step 28000 lr 2.50e-03 plateau mon 4.113 best 4.111@27000 since 1 (4259s)
    [addstate_k7_D32_s170] step 29000 lr 2.50e-03 plateau mon 4.103 best 4.103@29000 since 0 (4407s)
    [addstate_k7_D32_s170] step 30000 lr 2.50e-03 plateau mon 4.111 best 4.103@29000 since 1 (4561s)
    [addstate_k7_D32_s170] step 31000 lr 2.50e-03 plateau mon 4.119 best 4.103@29000 since 2 (4711s)
    [addstate_k7_D32_s170] step 32000 lr 2.50e-03 plateau mon 4.091 best 4.091@32000 since 0 (4864s)
    [addstate_k7_D32_s170] step 33000 lr 2.50e-03 plateau mon 4.090 best 4.091@32000 since 1 (5014s)
    [addstate_k7_D32_s170] step 34000 lr 2.50e-03 plateau mon 4.066 best 4.066@34000 since 0 (5168s)
    [addstate_k7_D32_s170] step 35000 lr 2.50e-03 plateau mon 4.097 best 4.066@34000 since 1 (5318s)
    [addstate_k7_D32_s170] step 36000 lr 2.50e-03 plateau mon 4.092 best 4.066@34000 since 2 (5469s)
    [addstate_k7_D32_s170] step 37000 lr 2.50e-03 plateau mon 4.081 best 4.066@34000 since 3 (5623s)
    [addstate_k7_D32_s170] step 38000 lr 2.50e-03 plateau mon 4.093 best 4.066@34000 since 4 (5772s)
    [addstate_k7_D32_s170] step 39000 lr 2.50e-03 plateau mon 4.106 best 4.066@34000 since 5 (5926s)
    [addstate_k7_D32_s170] step 40000 lr 2.50e-03 plateau mon 4.105 best 4.066@34000 since 6 (6076s)
    [addstate_k7_D32_s170] step 41000 lr 2.50e-03 plateau mon 4.094 best 4.066@34000 since 7 (6229s)
    [addstate_k7_D32_s170] step 42000 lr 2.50e-03 plateau mon 4.099 best 4.066@34000 since 8 (6379s)
    [addstate_k7_D32_s170] -> DECAY triggered at step 42000
    [addstate_k7_D32_s170] step 43000 lr 2.26e-03 decay mon 4.079 best 4.066@34000 since 9 (6531s)
    [addstate_k7_D32_s170] step 44000 lr 1.64e-03 decay mon 4.061 best 4.061@44000 since 0 (6683s)
    [addstate_k7_D32_s170] step 45000 lr 8.78e-04 decay mon 4.039 best 4.039@45000 since 0 (6834s)
    [addstate_k7_D32_s170] step 46000 lr 2.57e-04 decay mon 4.017 best 4.017@46000 since 0 (6986s)
    [addstate_k7_D32_s170] step 47000 lr 2.00e-05 decay mon 4.011 best 4.011@47000 since 0 (7137s)
  DONE gru/addstate_k7_D32_s170/seed0: 251.9KB (i8 201.6+pke 31.50+f32 18.8) float 3.696 int8 ppl 3.704 t1 0.612 t3 0.805 | best@47000 decayed mon 4.011 [appended]
  RUN  gru/concat_k7_D8_s170/seed0 (train-to-convergence B=512 L=96)
    [concat_k7_D8_s170] step 1000 lr 2.50e-03 plateau mon 4.861 best 4.861@1000 since 0 (152s)
    [concat_k7_D8_s170] step 2000 lr 2.50e-03 plateau mon 4.349 best 4.349@2000 since 0 (301s)
    [concat_k7_D8_s170] step 3000 lr 2.50e-03 plateau mon 4.199 best 4.199@3000 since 0 (453s)
    [concat_k7_D8_s170] step 4000 lr 2.50e-03 plateau mon 4.131 best 4.131@4000 since 0 (603s)
    [concat_k7_D8_s170] step 5000 lr 2.50e-03 plateau mon 4.077 best 4.077@5000 since 0 (753s)
    [concat_k7_D8_s170] step 6000 lr 2.50e-03 plateau mon 4.053 best 4.053@6000 since 0 (905s)
    [concat_k7_D8_s170] step 7000 lr 2.50e-03 plateau mon 4.005 best 4.005@7000 since 0 (1054s)
    [concat_k7_D8_s170] step 8000 lr 2.50e-03 plateau mon 3.998 best 3.998@8000 since 0 (1205s)
    [concat_k7_D8_s170] step 9000 lr 2.50e-03 plateau mon 3.968 best 3.968@9000 since 0 (1357s)
    [concat_k7_D8_s170] step 10000 lr 2.50e-03 plateau mon 3.981 best 3.968@9000 since 1 (1506s)
    [concat_k7_D8_s170] step 11000 lr 2.50e-03 plateau mon 3.965 best 3.965@11000 since 0 (1658s)
    [concat_k7_D8_s170] step 12000 lr 2.50e-03 plateau mon 3.967 best 3.965@11000 since 1 (1808s)
    [concat_k7_D8_s170] step 13000 lr 2.50e-03 plateau mon 3.947 best 3.947@13000 since 0 (1960s)
    [concat_k7_D8_s170] step 14000 lr 2.50e-03 plateau mon 3.947 best 3.947@13000 since 1 (2109s)
    [concat_k7_D8_s170] step 15000 lr 2.50e-03 plateau mon 3.935 best 3.935@15000 since 0 (2260s)
    [concat_k7_D8_s170] step 16000 lr 2.50e-03 plateau mon 3.932 best 3.932@16000 since 0 (2411s)
    [concat_k7_D8_s170] step 17000 lr 2.50e-03 plateau mon 3.929 best 3.929@17000 since 0 (2562s)
    [concat_k7_D8_s170] step 18000 lr 2.50e-03 plateau mon 3.927 best 3.929@17000 since 1 (2711s)
    [concat_k7_D8_s170] step 19000 lr 2.50e-03 plateau mon 3.911 best 3.911@19000 since 0 (2863s)
    [concat_k7_D8_s170] step 20000 lr 2.50e-03 plateau mon 3.912 best 3.911@19000 since 1 (3011s)
    [concat_k7_D8_s170] step 21000 lr 2.50e-03 plateau mon 3.900 best 3.900@21000 since 0 (3163s)
    [concat_k7_D8_s170] step 22000 lr 2.50e-03 plateau mon 3.912 best 3.900@21000 since 1 (3312s)
    [concat_k7_D8_s170] step 23000 lr 2.50e-03 plateau mon 3.890 best 3.890@23000 since 0 (3465s)
    [concat_k7_D8_s170] step 24000 lr 2.50e-03 plateau mon 3.894 best 3.890@23000 since 1 (3613s)
    [concat_k7_D8_s170] step 25000 lr 2.50e-03 plateau mon 3.906 best 3.890@23000 since 2 (3765s)
    [concat_k7_D8_s170] step 26000 lr 2.50e-03 plateau mon 3.905 best 3.890@23000 since 3 (3914s)
    [concat_k7_D8_s170] step 27000 lr 2.50e-03 plateau mon 3.909 best 3.890@23000 since 4 (4065s)
    [concat_k7_D8_s170] step 28000 lr 2.50e-03 plateau mon 3.893 best 3.890@23000 since 5 (4216s)
    [concat_k7_D8_s170] step 29000 lr 2.50e-03 plateau mon 3.890 best 3.890@23000 since 6 (4365s)
    [concat_k7_D8_s170] step 30000 lr 2.50e-03 plateau mon 3.890 best 3.890@23000 since 7 (4515s)
    [concat_k7_D8_s170] step 31000 lr 2.50e-03 plateau mon 3.888 best 3.888@31000 since 0 (4666s)
    [concat_k7_D8_s170] step 32000 lr 2.50e-03 plateau mon 3.889 best 3.888@31000 since 1 (4815s)
    [concat_k7_D8_s170] step 33000 lr 2.50e-03 plateau mon 3.904 best 3.888@31000 since 2 (4964s)
    [concat_k7_D8_s170] step 34000 lr 2.50e-03 plateau mon 3.874 best 3.874@34000 since 0 (5116s)
    [concat_k7_D8_s170] step 35000 lr 2.50e-03 plateau mon 3.865 best 3.865@35000 since 0 (5264s)
    [concat_k7_D8_s170] step 36000 lr 2.50e-03 plateau mon 3.876 best 3.865@35000 since 1 (5416s)
    [concat_k7_D8_s170] step 37000 lr 2.50e-03 plateau mon 3.874 best 3.865@35000 since 2 (5565s)
    [concat_k7_D8_s170] step 38000 lr 2.50e-03 plateau mon 3.868 best 3.865@35000 since 3 (5715s)
    [concat_k7_D8_s170] step 39000 lr 2.50e-03 plateau mon 3.894 best 3.865@35000 since 4 (5866s)
    [concat_k7_D8_s170] step 40000 lr 2.50e-03 plateau mon 3.867 best 3.865@35000 since 5 (6015s)
    [concat_k7_D8_s170] step 41000 lr 2.50e-03 plateau mon 3.881 best 3.865@35000 since 6 (6167s)
    [concat_k7_D8_s170] step 42000 lr 2.50e-03 plateau mon 3.881 best 3.865@35000 since 7 (6315s)
    [concat_k7_D8_s170] step 43000 lr 2.50e-03 plateau mon 3.871 best 3.865@35000 since 8 (6468s)
    [concat_k7_D8_s170] -> DECAY triggered at step 43000
    [concat_k7_D8_s170] step 44000 lr 2.26e-03 decay mon 3.855 best 3.855@44000 since 0 (6616s)
    [concat_k7_D8_s170] step 45000 lr 1.64e-03 decay mon 3.854 best 3.855@44000 since 1 (6769s)
    [concat_k7_D8_s170] step 46000 lr 8.78e-04 decay mon 3.817 best 3.817@46000 since 0 (6917s)
    [concat_k7_D8_s170] step 47000 lr 2.57e-04 decay mon 3.808 best 3.808@47000 since 0 (7070s)
    [concat_k7_D8_s170] step 48000 lr 2.00e-05 decay mon 3.798 best 3.798@48000 since 0 (7218s)
  DONE gru/concat_k7_D8_s170/seed0: 184.1KB (i8 157.4+pke 7.88+f32 18.8) float 3.723 int8 ppl 3.727 t1 0.609 t3 0.803 | best@48000 decayed mon 3.798 [appended]
  RUN  gru/concat_k7_D16_s170/seed0 (train-to-convergence B=512 L=96)
    [concat_k7_D16_s170] step 1000 lr 2.50e-03 plateau mon 4.861 best 4.861@1000 since 0 (154s)
    [concat_k7_D16_s170] step 2000 lr 2.50e-03 plateau mon 4.316 best 4.316@2000 since 0 (303s)
    [concat_k7_D16_s170] step 3000 lr 2.50e-03 plateau mon 4.163 best 4.163@3000 since 0 (457s)
    [concat_k7_D16_s170] step 4000 lr 2.50e-03 plateau mon 4.104 best 4.104@4000 since 0 (608s)
    [concat_k7_D16_s170] step 5000 lr 2.50e-03 plateau mon 4.067 best 4.067@5000 since 0 (759s)
    [concat_k7_D16_s170] step 6000 lr 2.50e-03 plateau mon 4.000 best 4.000@6000 since 0 (913s)
    [concat_k7_D16_s170] step 7000 lr 2.50e-03 plateau mon 3.978 best 3.978@7000 since 0 (1063s)
    [concat_k7_D16_s170] step 8000 lr 2.50e-03 plateau mon 3.980 best 3.978@7000 since 1 (1216s)
    [concat_k7_D16_s170] step 9000 lr 2.50e-03 plateau mon 3.937 best 3.937@9000 since 0 (1368s)
    [concat_k7_D16_s170] step 10000 lr 2.50e-03 plateau mon 3.939 best 3.937@9000 since 1 (1519s)
    [concat_k7_D16_s170] step 11000 lr 2.50e-03 plateau mon 3.939 best 3.937@9000 since 2 (1672s)
    [concat_k7_D16_s170] step 12000 lr 2.50e-03 plateau mon 3.921 best 3.921@12000 since 0 (1823s)
    [concat_k7_D16_s170] step 13000 lr 2.50e-03 plateau mon 3.899 best 3.899@13000 since 0 (1975s)
    [concat_k7_D16_s170] step 14000 lr 2.50e-03 plateau mon 3.899 best 3.899@13000 since 1 (2124s)
    [concat_k7_D16_s170] step 15000 lr 2.50e-03 plateau mon 3.923 best 3.899@13000 since 2 (2277s)
    [concat_k7_D16_s170] step 16000 lr 2.50e-03 plateau mon 3.884 best 3.884@16000 since 0 (2425s)
    [concat_k7_D16_s170] step 17000 lr 2.50e-03 plateau mon 3.907 best 3.884@16000 since 1 (2577s)
    [concat_k7_D16_s170] step 18000 lr 2.50e-03 plateau mon 3.879 best 3.879@18000 since 0 (2726s)
    [concat_k7_D16_s170] step 19000 lr 2.50e-03 plateau mon 3.874 best 3.874@19000 since 0 (2879s)
    [concat_k7_D16_s170] step 20000 lr 2.50e-03 plateau mon 3.867 best 3.867@20000 since 0 (3027s)
    [concat_k7_D16_s170] step 21000 lr 2.50e-03 plateau mon 3.860 best 3.860@21000 since 0 (3180s)
    [concat_k7_D16_s170] step 22000 lr 2.50e-03 plateau mon 3.855 best 3.855@22000 since 0 (3328s)
    [concat_k7_D16_s170] step 23000 lr 2.50e-03 plateau mon 3.860 best 3.855@22000 since 1 (3481s)
    [concat_k7_D16_s170] step 24000 lr 2.50e-03 plateau mon 3.854 best 3.855@22000 since 2 (3628s)
    [concat_k7_D16_s170] step 25000 lr 2.50e-03 plateau mon 3.845 best 3.845@25000 since 0 (3781s)
    [concat_k7_D16_s170] step 26000 lr 2.50e-03 plateau mon 3.871 best 3.845@25000 since 1 (3928s)
    [concat_k7_D16_s170] step 27000 lr 2.50e-03 plateau mon 3.857 best 3.845@25000 since 2 (4080s)
    [concat_k7_D16_s170] step 28000 lr 2.50e-03 plateau mon 3.835 best 3.835@28000 since 0 (4227s)
    [concat_k7_D16_s170] step 29000 lr 2.50e-03 plateau mon 3.851 best 3.835@28000 since 1 (4381s)
    [concat_k7_D16_s170] step 30000 lr 2.50e-03 plateau mon 3.841 best 3.835@28000 since 2 (4529s)
    [concat_k7_D16_s170] step 31000 lr 2.50e-03 plateau mon 3.838 best 3.835@28000 since 3 (4681s)
    [concat_k7_D16_s170] step 32000 lr 2.50e-03 plateau mon 3.845 best 3.835@28000 since 4 (4829s)
    [concat_k7_D16_s170] step 33000 lr 2.50e-03 plateau mon 3.848 best 3.835@28000 since 5 (4982s)
    [concat_k7_D16_s170] step 34000 lr 2.50e-03 plateau mon 3.842 best 3.835@28000 since 6 (5129s)
    [concat_k7_D16_s170] step 35000 lr 2.50e-03 plateau mon 3.857 best 3.835@28000 since 7 (5282s)
    [concat_k7_D16_s170] step 36000 lr 2.50e-03 plateau mon 3.861 best 3.835@28000 since 8 (5430s)
    [concat_k7_D16_s170] -> DECAY triggered at step 36000
    [concat_k7_D16_s170] step 37000 lr 2.26e-03 decay mon 3.834 best 3.835@28000 since 9 (5583s)
    [concat_k7_D16_s170] step 38000 lr 1.64e-03 decay mon 3.819 best 3.819@38000 since 0 (5731s)
    [concat_k7_D16_s170] step 39000 lr 8.78e-04 decay mon 3.799 best 3.799@39000 since 0 (5883s)
    [concat_k7_D16_s170] step 40000 lr 2.57e-04 decay mon 3.783 best 3.783@40000 since 0 (6032s)
    [concat_k7_D16_s170] step 41000 lr 2.00e-05 decay mon 3.774 best 3.774@41000 since 0 (6183s)
  DONE gru/concat_k7_D16_s170/seed0: 195.9KB (i8 161.3+pke 15.75+f32 18.8) float 3.769 int8 ppl 3.776 t1 0.608 t3 0.801 | best@41000 decayed mon 3.774 [appended]
  RUN  gru/concat_k7_D16_s360/seed0 (train-to-convergence B=512 L=96)
    [concat_k7_D16_s360] step 1000 lr 2.50e-03 plateau mon 4.261 best 4.261@1000 since 0 (184s)
    [concat_k7_D16_s360] step 2000 lr 2.50e-03 plateau mon 3.867 best 3.867@2000 since 0 (371s)
    [concat_k7_D16_s360] step 3000 lr 2.50e-03 plateau mon 3.723 best 3.723@3000 since 0 (557s)
    [concat_k7_D16_s360] step 4000 lr 2.50e-03 plateau mon 3.695 best 3.695@4000 since 0 (741s)
    [concat_k7_D16_s360] step 5000 lr 2.50e-03 plateau mon 3.656 best 3.656@5000 since 0 (928s)
    [concat_k7_D16_s360] step 6000 lr 2.50e-03 plateau mon 3.648 best 3.648@6000 since 0 (1114s)
    [concat_k7_D16_s360] step 7000 lr 2.50e-03 plateau mon 3.642 best 3.642@7000 since 0 (1298s)
    [concat_k7_D16_s360] step 8000 lr 2.50e-03 plateau mon 3.617 best 3.617@8000 since 0 (1474s)
    [concat_k7_D16_s360] step 9000 lr 2.50e-03 plateau mon 3.616 best 3.617@8000 since 1 (1642s)
    [concat_k7_D16_s360] step 10000 lr 2.50e-03 plateau mon 3.603 best 3.603@10000 since 0 (1808s)
    [concat_k7_D16_s360] step 11000 lr 2.50e-03 plateau mon 3.598 best 3.598@11000 since 0 (1975s)
    [concat_k7_D16_s360] step 12000 lr 2.50e-03 plateau mon 3.596 best 3.596@12000 since 0 (2143s)
    [concat_k7_D16_s360] step 13000 lr 2.50e-03 plateau mon 3.594 best 3.596@12000 since 1 (2311s)
    [concat_k7_D16_s360] step 14000 lr 2.50e-03 plateau mon 3.584 best 3.584@14000 since 0 (2478s)
    [concat_k7_D16_s360] step 15000 lr 2.50e-03 plateau mon 3.570 best 3.570@15000 since 0 (2645s)
    [concat_k7_D16_s360] step 16000 lr 2.50e-03 plateau mon 3.585 best 3.570@15000 since 1 (2813s)
    [concat_k7_D16_s360] step 17000 lr 2.50e-03 plateau mon 3.580 best 3.570@15000 since 2 (2981s)
    [concat_k7_D16_s360] step 18000 lr 2.50e-03 plateau mon 3.587 best 3.570@15000 since 3 (3149s)
    [concat_k7_D16_s360] step 19000 lr 2.50e-03 plateau mon 3.579 best 3.570@15000 since 4 (3317s)
    [concat_k7_D16_s360] step 20000 lr 2.50e-03 plateau mon 3.571 best 3.570@15000 since 5 (3484s)
    [concat_k7_D16_s360] step 21000 lr 2.50e-03 plateau mon 3.588 best 3.570@15000 since 6 (3652s)
    [concat_k7_D16_s360] step 22000 lr 2.50e-03 plateau mon 3.580 best 3.570@15000 since 7 (3820s)
    [concat_k7_D16_s360] step 23000 lr 2.50e-03 plateau mon 3.567 best 3.567@23000 since 0 (3988s)
    [concat_k7_D16_s360] step 24000 lr 2.50e-03 plateau mon 3.589 best 3.567@23000 since 1 (4156s)
    [concat_k7_D16_s360] step 25000 lr 2.50e-03 plateau mon 3.577 best 3.567@23000 since 2 (4323s)
    [concat_k7_D16_s360] step 26000 lr 2.50e-03 plateau mon 3.569 best 3.567@23000 since 3 (4491s)
    [concat_k7_D16_s360] step 27000 lr 2.50e-03 plateau mon 3.583 best 3.567@23000 since 4 (4659s)
    [concat_k7_D16_s360] step 28000 lr 2.50e-03 plateau mon 3.552 best 3.552@28000 since 0 (4827s)
    [concat_k7_D16_s360] step 29000 lr 2.50e-03 plateau mon 3.570 best 3.552@28000 since 1 (4995s)
    [concat_k7_D16_s360] step 30000 lr 2.50e-03 plateau mon 3.555 best 3.552@28000 since 2 (5162s)
    [concat_k7_D16_s360] step 31000 lr 2.50e-03 plateau mon 3.560 best 3.552@28000 since 3 (5330s)
    [concat_k7_D16_s360] step 32000 lr 2.50e-03 plateau mon 3.557 best 3.552@28000 since 4 (5497s)
    [concat_k7_D16_s360] step 33000 lr 2.50e-03 plateau mon 3.559 best 3.552@28000 since 5 (5665s)
    [concat_k7_D16_s360] step 34000 lr 2.50e-03 plateau mon 3.557 best 3.552@28000 since 6 (5833s)
    [concat_k7_D16_s360] step 35000 lr 2.50e-03 plateau mon 3.553 best 3.552@28000 since 7 (6001s)
    [concat_k7_D16_s360] step 36000 lr 2.50e-03 plateau mon 3.568 best 3.552@28000 since 8 (6169s)
    [concat_k7_D16_s360] -> DECAY triggered at step 36000
    [concat_k7_D16_s360] step 37000 lr 2.26e-03 decay mon 3.542 best 3.542@37000 since 0 (6336s)
    [concat_k7_D16_s360] step 38000 lr 1.64e-03 decay mon 3.519 best 3.519@38000 since 0 (6504s)
    [concat_k7_D16_s360] step 39000 lr 8.78e-04 decay mon 3.487 best 3.487@39000 since 0 (6671s)
    [concat_k7_D16_s360] step 40000 lr 2.57e-04 decay mon 3.469 best 3.469@40000 since 0 (6839s)
    [concat_k7_D16_s360] step 41000 lr 2.00e-05 decay mon 3.457 best 3.457@41000 since 0 (7007s)
  DONE gru/concat_k7_D16_s360/seed0: 461.1KB (i8 418.4+pke 15.75+f32 26.9) float 3.373 int8 ppl 3.376 t1 0.638 t3 0.820 | best@41000 decayed mon 3.457 [appended]
run_pke: all requested work complete.
device cuda torch 2.10.0+cu130
train 19,625,263 val 432,739  eval 200x400 = 80,000 positions

=== PHASE standalone (train-to-convergence, patience 8) ===
  RUN  standalone/mlp_head_k7_D32_H256_L2/seed0 (train-to-convergence B=512 L=96)
    [mlp_head_k7_D32_H256_L2] step 1000 lr 2.50e-03 plateau mon 13.258 best 13.258@1000 since 0 (11s)
    [mlp_head_k7_D32_H256_L2] step 2000 lr 2.50e-03 plateau mon 12.184 best 12.184@2000 since 0 (23s)
    [mlp_head_k7_D32_H256_L2] step 3000 lr 2.50e-03 plateau mon 11.819 best 11.819@3000 since 0 (35s)
    [mlp_head_k7_D32_H256_L2] step 4000 lr 2.50e-03 plateau mon 11.637 best 11.637@4000 since 0 (46s)
    [mlp_head_k7_D32_H256_L2] step 5000 lr 2.50e-03 plateau mon 11.495 best 11.495@5000 since 0 (57s)
    [mlp_head_k7_D32_H256_L2] step 6000 lr 2.50e-03 plateau mon 11.435 best 11.435@6000 since 0 (69s)
    [mlp_head_k7_D32_H256_L2] step 7000 lr 2.50e-03 plateau mon 11.288 best 11.288@7000 since 0 (80s)
    [mlp_head_k7_D32_H256_L2] step 8000 lr 2.50e-03 plateau mon 11.220 best 11.220@8000 since 0 (92s)
    [mlp_head_k7_D32_H256_L2] step 9000 lr 2.50e-03 plateau mon 11.212 best 11.212@9000 since 0 (103s)
    [mlp_head_k7_D32_H256_L2] step 10000 lr 2.50e-03 plateau mon 11.152 best 11.152@10000 since 0 (115s)
    [mlp_head_k7_D32_H256_L2] step 11000 lr 2.50e-03 plateau mon 11.171 best 11.152@10000 since 1 (126s)
    [mlp_head_k7_D32_H256_L2] step 12000 lr 2.50e-03 plateau mon 11.162 best 11.152@10000 since 2 (138s)
    [mlp_head_k7_D32_H256_L2] step 13000 lr 2.50e-03 plateau mon 11.063 best 11.063@13000 since 0 (150s)
    [mlp_head_k7_D32_H256_L2] step 14000 lr 2.50e-03 plateau mon 11.052 best 11.052@14000 since 0 (163s)
    [mlp_head_k7_D32_H256_L2] step 15000 lr 2.50e-03 plateau mon 11.090 best 11.052@14000 since 1 (175s)
    [mlp_head_k7_D32_H256_L2] step 16000 lr 2.50e-03 plateau mon 11.121 best 11.052@14000 since 2 (188s)
    [mlp_head_k7_D32_H256_L2] step 17000 lr 2.50e-03 plateau mon 10.991 best 10.991@17000 since 0 (201s)
    [mlp_head_k7_D32_H256_L2] step 18000 lr 2.50e-03 plateau mon 11.012 best 10.991@17000 since 1 (214s)
    [mlp_head_k7_D32_H256_L2] step 19000 lr 2.50e-03 plateau mon 11.030 best 10.991@17000 since 2 (228s)
    [mlp_head_k7_D32_H256_L2] step 20000 lr 2.50e-03 plateau mon 10.948 best 10.948@20000 since 0 (242s)
    [mlp_head_k7_D32_H256_L2] step 21000 lr 2.50e-03 plateau mon 10.908 best 10.908@21000 since 0 (255s)
    [mlp_head_k7_D32_H256_L2] step 22000 lr 2.50e-03 plateau mon 10.943 best 10.908@21000 since 1 (269s)
    [mlp_head_k7_D32_H256_L2] step 23000 lr 2.50e-03 plateau mon 10.903 best 10.903@23000 since 0 (282s)
    [mlp_head_k7_D32_H256_L2] step 24000 lr 2.50e-03 plateau mon 10.901 best 10.903@23000 since 1 (294s)
    [mlp_head_k7_D32_H256_L2] step 25000 lr 2.50e-03 plateau mon 11.021 best 10.903@23000 since 2 (307s)
    [mlp_head_k7_D32_H256_L2] step 26000 lr 2.50e-03 plateau mon 10.931 best 10.903@23000 since 3 (319s)
    [mlp_head_k7_D32_H256_L2] step 27000 lr 2.50e-03 plateau mon 10.890 best 10.890@27000 since 0 (331s)
    [mlp_head_k7_D32_H256_L2] step 28000 lr 2.50e-03 plateau mon 10.915 best 10.890@27000 since 1 (343s)
    [mlp_head_k7_D32_H256_L2] step 29000 lr 2.50e-03 plateau mon 10.912 best 10.890@27000 since 2 (355s)
    [mlp_head_k7_D32_H256_L2] step 30000 lr 2.50e-03 plateau mon 10.856 best 10.856@30000 since 0 (366s)
    [mlp_head_k7_D32_H256_L2] step 31000 lr 2.50e-03 plateau mon 10.951 best 10.856@30000 since 1 (378s)
    [mlp_head_k7_D32_H256_L2] step 32000 lr 2.50e-03 plateau mon 10.846 best 10.846@32000 since 0 (389s)
    [mlp_head_k7_D32_H256_L2] step 33000 lr 2.50e-03 plateau mon 10.895 best 10.846@32000 since 1 (401s)
    [mlp_head_k7_D32_H256_L2] step 34000 lr 2.50e-03 plateau mon 10.928 best 10.846@32000 since 2 (413s)
    [mlp_head_k7_D32_H256_L2] step 35000 lr 2.50e-03 plateau mon 10.864 best 10.846@32000 since 3 (425s)
    [mlp_head_k7_D32_H256_L2] step 36000 lr 2.50e-03 plateau mon 10.885 best 10.846@32000 since 4 (437s)
    [mlp_head_k7_D32_H256_L2] step 37000 lr 2.50e-03 plateau mon 10.800 best 10.800@37000 since 0 (449s)
    [mlp_head_k7_D32_H256_L2] step 38000 lr 2.50e-03 plateau mon 10.878 best 10.800@37000 since 1 (462s)
    [mlp_head_k7_D32_H256_L2] step 39000 lr 2.50e-03 plateau mon 10.872 best 10.800@37000 since 2 (475s)
    [mlp_head_k7_D32_H256_L2] step 40000 lr 2.50e-03 plateau mon 10.845 best 10.800@37000 since 3 (488s)
    [mlp_head_k7_D32_H256_L2] step 41000 lr 2.50e-03 plateau mon 10.829 best 10.800@37000 since 4 (502s)
    [mlp_head_k7_D32_H256_L2] step 42000 lr 2.50e-03 plateau mon 10.818 best 10.800@37000 since 5 (515s)
    [mlp_head_k7_D32_H256_L2] step 43000 lr 2.50e-03 plateau mon 10.857 best 10.800@37000 since 6 (529s)
    [mlp_head_k7_D32_H256_L2] step 44000 lr 2.50e-03 plateau mon 10.833 best 10.800@37000 since 7 (542s)
    [mlp_head_k7_D32_H256_L2] step 45000 lr 2.50e-03 plateau mon 10.840 best 10.800@37000 since 8 (555s)
    [mlp_head_k7_D32_H256_L2] -> DECAY triggered at step 45000
    [mlp_head_k7_D32_H256_L2] step 46000 lr 2.26e-03 decay mon 10.799 best 10.800@37000 since 9 (568s)
    [mlp_head_k7_D32_H256_L2] step 47000 lr 1.64e-03 decay mon 10.753 best 10.753@47000 since 0 (580s)
    [mlp_head_k7_D32_H256_L2] step 48000 lr 8.78e-04 decay mon 10.729 best 10.729@48000 since 0 (592s)
    [mlp_head_k7_D32_H256_L2] step 49000 lr 2.57e-04 decay mon 10.690 best 10.690@49000 since 0 (604s)
    [mlp_head_k7_D32_H256_L2] step 50000 lr 2.00e-05 decay mon 10.665 best 10.665@50000 since 0 (616s)
  DONE standalone/mlp_head_k7_D32_H256_L2/seed0: 103.6KB (i8 92.3+pke 0.00+f32 11.3) float 10.958 int8 ppl 10.994 t1 0.354 t3 0.560 | best@50000 decayed mon 10.665 [appended]
  RUN  standalone/pke_sum_k4_D32_H256_L2/seed0 (train-to-convergence B=512 L=96)
    [pke_sum_k4_D32_H256_L2] step 1000 lr 2.50e-03 plateau mon 6.613 best 6.613@1000 since 0 (11s)
    [pke_sum_k4_D32_H256_L2] step 2000 lr 2.50e-03 plateau mon 5.356 best 5.356@2000 since 0 (22s)
    [pke_sum_k4_D32_H256_L2] step 3000 lr 2.50e-03 plateau mon 5.096 best 5.096@3000 since 0 (33s)
    [pke_sum_k4_D32_H256_L2] step 4000 lr 2.50e-03 plateau mon 4.988 best 4.988@4000 since 0 (44s)
    [pke_sum_k4_D32_H256_L2] step 5000 lr 2.50e-03 plateau mon 4.896 best 4.896@5000 since 0 (56s)
    [pke_sum_k4_D32_H256_L2] step 6000 lr 2.50e-03 plateau mon 4.873 best 4.873@6000 since 0 (67s)
    [pke_sum_k4_D32_H256_L2] step 7000 lr 2.50e-03 plateau mon 4.861 best 4.861@7000 since 0 (78s)
    [pke_sum_k4_D32_H256_L2] step 8000 lr 2.50e-03 plateau mon 4.842 best 4.842@8000 since 0 (89s)
    [pke_sum_k4_D32_H256_L2] step 9000 lr 2.50e-03 plateau mon 4.825 best 4.825@9000 since 0 (100s)
    [pke_sum_k4_D32_H256_L2] step 10000 lr 2.50e-03 plateau mon 4.823 best 4.825@9000 since 1 (112s)
    [pke_sum_k4_D32_H256_L2] step 11000 lr 2.50e-03 plateau mon 4.788 best 4.788@11000 since 0 (123s)
    [pke_sum_k4_D32_H256_L2] step 12000 lr 2.50e-03 plateau mon 4.798 best 4.788@11000 since 1 (134s)
    [pke_sum_k4_D32_H256_L2] step 13000 lr 2.50e-03 plateau mon 4.780 best 4.780@13000 since 0 (145s)
    [pke_sum_k4_D32_H256_L2] step 14000 lr 2.50e-03 plateau mon 4.770 best 4.770@14000 since 0 (157s)
    [pke_sum_k4_D32_H256_L2] step 15000 lr 2.50e-03 plateau mon 4.751 best 4.751@15000 since 0 (168s)
    [pke_sum_k4_D32_H256_L2] step 16000 lr 2.50e-03 plateau mon 4.770 best 4.751@15000 since 1 (179s)
    [pke_sum_k4_D32_H256_L2] step 17000 lr 2.50e-03 plateau mon 4.759 best 4.751@15000 since 2 (191s)
    [pke_sum_k4_D32_H256_L2] step 18000 lr 2.50e-03 plateau mon 4.737 best 4.737@18000 since 0 (202s)
    [pke_sum_k4_D32_H256_L2] step 19000 lr 2.50e-03 plateau mon 4.752 best 4.737@18000 since 1 (213s)
    [pke_sum_k4_D32_H256_L2] step 20000 lr 2.50e-03 plateau mon 4.735 best 4.737@18000 since 2 (224s)
    [pke_sum_k4_D32_H256_L2] step 21000 lr 2.50e-03 plateau mon 4.735 best 4.735@21000 since 0 (236s)
    [pke_sum_k4_D32_H256_L2] step 22000 lr 2.50e-03 plateau mon 4.733 best 4.735@21000 since 1 (247s)
    [pke_sum_k4_D32_H256_L2] step 23000 lr 2.50e-03 plateau mon 4.732 best 4.732@23000 since 0 (258s)
    [pke_sum_k4_D32_H256_L2] step 24000 lr 2.50e-03 plateau mon 4.761 best 4.732@23000 since 1 (270s)
    [pke_sum_k4_D32_H256_L2] step 25000 lr 2.50e-03 plateau mon 4.724 best 4.724@25000 since 0 (281s)
    [pke_sum_k4_D32_H256_L2] step 26000 lr 2.50e-03 plateau mon 4.738 best 4.724@25000 since 1 (292s)
    [pke_sum_k4_D32_H256_L2] step 27000 lr 2.50e-03 plateau mon 4.734 best 4.724@25000 since 2 (303s)
    [pke_sum_k4_D32_H256_L2] step 28000 lr 2.50e-03 plateau mon 4.707 best 4.707@28000 since 0 (314s)
    [pke_sum_k4_D32_H256_L2] step 29000 lr 2.50e-03 plateau mon 4.722 best 4.707@28000 since 1 (325s)
    [pke_sum_k4_D32_H256_L2] step 30000 lr 2.50e-03 plateau mon 4.745 best 4.707@28000 since 2 (337s)
    [pke_sum_k4_D32_H256_L2] step 31000 lr 2.50e-03 plateau mon 4.717 best 4.707@28000 since 3 (348s)
    [pke_sum_k4_D32_H256_L2] step 32000 lr 2.50e-03 plateau mon 4.695 best 4.695@32000 since 0 (359s)
    [pke_sum_k4_D32_H256_L2] step 33000 lr 2.50e-03 plateau mon 4.721 best 4.695@32000 since 1 (370s)
    [pke_sum_k4_D32_H256_L2] step 34000 lr 2.50e-03 plateau mon 4.725 best 4.695@32000 since 2 (382s)
    [pke_sum_k4_D32_H256_L2] step 35000 lr 2.50e-03 plateau mon 4.737 best 4.695@32000 since 3 (393s)
    [pke_sum_k4_D32_H256_L2] step 36000 lr 2.50e-03 plateau mon 4.706 best 4.695@32000 since 4 (404s)
    [pke_sum_k4_D32_H256_L2] step 37000 lr 2.50e-03 plateau mon 4.722 best 4.695@32000 since 5 (415s)
    [pke_sum_k4_D32_H256_L2] step 38000 lr 2.50e-03 plateau mon 4.732 best 4.695@32000 since 6 (426s)
    [pke_sum_k4_D32_H256_L2] step 39000 lr 2.50e-03 plateau mon 4.702 best 4.695@32000 since 7 (437s)
    [pke_sum_k4_D32_H256_L2] step 40000 lr 2.50e-03 plateau mon 4.701 best 4.695@32000 since 8 (449s)
    [pke_sum_k4_D32_H256_L2] -> DECAY triggered at step 40000
    [pke_sum_k4_D32_H256_L2] step 41000 lr 2.26e-03 decay mon 4.707 best 4.695@32000 since 9 (460s)
    [pke_sum_k4_D32_H256_L2] step 42000 lr 1.64e-03 decay mon 4.696 best 4.695@32000 since 10 (471s)
    [pke_sum_k4_D32_H256_L2] step 43000 lr 8.78e-04 decay mon 4.666 best 4.666@43000 since 0 (483s)
    [pke_sum_k4_D32_H256_L2] step 44000 lr 2.57e-04 decay mon 4.650 best 4.650@44000 since 0 (494s)
    [pke_sum_k4_D32_H256_L2] step 45000 lr 2.00e-05 decay mon 4.644 best 4.644@45000 since 0 (505s)
  DONE standalone/pke_sum_k4_D32_H256_L2/seed0: 112.6KB (i8 92.3+pke 18.00+f32 2.3) float 4.709 int8 ppl 4.720 t1 0.544 t3 0.768 | best@45000 decayed mon 4.644 [appended]
  RUN  standalone/pke_sum_k7_D16_H256_L2/seed0 (train-to-convergence B=512 L=96)
    [pke_sum_k7_D16_H256_L2] step 1000 lr 2.50e-03 plateau mon 7.514 best 7.514@1000 since 0 (14s)
    [pke_sum_k7_D16_H256_L2] step 2000 lr 2.50e-03 plateau mon 6.064 best 6.064@2000 since 0 (28s)
    [pke_sum_k7_D16_H256_L2] step 3000 lr 2.50e-03 plateau mon 5.754 best 5.754@3000 since 0 (42s)
    [pke_sum_k7_D16_H256_L2] step 4000 lr 2.50e-03 plateau mon 5.556 best 5.556@4000 since 0 (56s)
    [pke_sum_k7_D16_H256_L2] step 5000 lr 2.50e-03 plateau mon 5.473 best 5.473@5000 since 0 (70s)
    [pke_sum_k7_D16_H256_L2] step 6000 lr 2.50e-03 plateau mon 5.370 best 5.370@6000 since 0 (84s)
    [pke_sum_k7_D16_H256_L2] step 7000 lr 2.50e-03 plateau mon 5.337 best 5.337@7000 since 0 (98s)
    [pke_sum_k7_D16_H256_L2] step 8000 lr 2.50e-03 plateau mon 5.301 best 5.301@8000 since 0 (112s)
    [pke_sum_k7_D16_H256_L2] step 9000 lr 2.50e-03 plateau mon 5.266 best 5.266@9000 since 0 (126s)
    [pke_sum_k7_D16_H256_L2] step 10000 lr 2.50e-03 plateau mon 5.263 best 5.263@10000 since 0 (140s)
    [pke_sum_k7_D16_H256_L2] step 11000 lr 2.50e-03 plateau mon 5.194 best 5.194@11000 since 0 (154s)
    [pke_sum_k7_D16_H256_L2] step 12000 lr 2.50e-03 plateau mon 5.252 best 5.194@11000 since 1 (168s)
    [pke_sum_k7_D16_H256_L2] step 13000 lr 2.50e-03 plateau mon 5.180 best 5.180@13000 since 0 (182s)
    [pke_sum_k7_D16_H256_L2] step 14000 lr 2.50e-03 plateau mon 5.175 best 5.175@14000 since 0 (196s)
    [pke_sum_k7_D16_H256_L2] step 15000 lr 2.50e-03 plateau mon 5.166 best 5.166@15000 since 0 (211s)
    [pke_sum_k7_D16_H256_L2] step 16000 lr 2.50e-03 plateau mon 5.192 best 5.166@15000 since 1 (226s)
    [pke_sum_k7_D16_H256_L2] step 17000 lr 2.50e-03 plateau mon 5.141 best 5.141@17000 since 0 (240s)
    [pke_sum_k7_D16_H256_L2] step 18000 lr 2.50e-03 plateau mon 5.138 best 5.138@18000 since 0 (255s)
    [pke_sum_k7_D16_H256_L2] step 19000 lr 2.50e-03 plateau mon 5.111 best 5.111@19000 since 0 (269s)
    [pke_sum_k7_D16_H256_L2] step 20000 lr 2.50e-03 plateau mon 5.144 best 5.111@19000 since 1 (283s)
    [pke_sum_k7_D16_H256_L2] step 21000 lr 2.50e-03 plateau mon 5.093 best 5.093@21000 since 0 (297s)
    [pke_sum_k7_D16_H256_L2] step 22000 lr 2.50e-03 plateau mon 5.107 best 5.093@21000 since 1 (312s)
    [pke_sum_k7_D16_H256_L2] step 23000 lr 2.50e-03 plateau mon 5.088 best 5.088@23000 since 0 (326s)
    [pke_sum_k7_D16_H256_L2] step 24000 lr 2.50e-03 plateau mon 5.136 best 5.088@23000 since 1 (340s)
    [pke_sum_k7_D16_H256_L2] step 25000 lr 2.50e-03 plateau mon 5.085 best 5.085@25000 since 0 (355s)
    [pke_sum_k7_D16_H256_L2] step 26000 lr 2.50e-03 plateau mon 5.100 best 5.085@25000 since 1 (369s)
    [pke_sum_k7_D16_H256_L2] step 27000 lr 2.50e-03 plateau mon 5.093 best 5.085@25000 since 2 (383s)
    [pke_sum_k7_D16_H256_L2] step 28000 lr 2.50e-03 plateau mon 5.102 best 5.085@25000 since 3 (398s)
    [pke_sum_k7_D16_H256_L2] step 29000 lr 2.50e-03 plateau mon 5.081 best 5.081@29000 since 0 (412s)
    [pke_sum_k7_D16_H256_L2] step 30000 lr 2.50e-03 plateau mon 5.075 best 5.075@30000 since 0 (426s)
    [pke_sum_k7_D16_H256_L2] step 31000 lr 2.50e-03 plateau mon 5.068 best 5.068@31000 since 0 (441s)
    [pke_sum_k7_D16_H256_L2] step 32000 lr 2.50e-03 plateau mon 5.091 best 5.068@31000 since 1 (455s)
    [pke_sum_k7_D16_H256_L2] step 33000 lr 2.50e-03 plateau mon 5.073 best 5.068@31000 since 2 (469s)
    [pke_sum_k7_D16_H256_L2] step 34000 lr 2.50e-03 plateau mon 5.078 best 5.068@31000 since 3 (484s)
    [pke_sum_k7_D16_H256_L2] step 35000 lr 2.50e-03 plateau mon 5.041 best 5.041@35000 since 0 (498s)
    [pke_sum_k7_D16_H256_L2] step 36000 lr 2.50e-03 plateau mon 5.061 best 5.041@35000 since 1 (512s)
    [pke_sum_k7_D16_H256_L2] step 37000 lr 2.50e-03 plateau mon 5.061 best 5.041@35000 since 2 (527s)
    [pke_sum_k7_D16_H256_L2] step 38000 lr 2.50e-03 plateau mon 5.051 best 5.041@35000 since 3 (541s)
    [pke_sum_k7_D16_H256_L2] step 39000 lr 2.50e-03 plateau mon 5.054 best 5.041@35000 since 4 (555s)
    [pke_sum_k7_D16_H256_L2] step 40000 lr 2.50e-03 plateau mon 5.080 best 5.041@35000 since 5 (570s)
    [pke_sum_k7_D16_H256_L2] step 41000 lr 2.50e-03 plateau mon 5.038 best 5.038@41000 since 0 (584s)
    [pke_sum_k7_D16_H256_L2] step 42000 lr 2.50e-03 plateau mon 5.036 best 5.036@42000 since 0 (598s)
    [pke_sum_k7_D16_H256_L2] step 43000 lr 2.50e-03 plateau mon 5.047 best 5.036@42000 since 1 (613s)
    [pke_sum_k7_D16_H256_L2] step 44000 lr 2.50e-03 plateau mon 5.051 best 5.036@42000 since 2 (627s)
    [pke_sum_k7_D16_H256_L2] step 45000 lr 2.50e-03 plateau mon 5.066 best 5.036@42000 since 3 (641s)
    [pke_sum_k7_D16_H256_L2] step 46000 lr 2.50e-03 plateau mon 5.039 best 5.036@42000 since 4 (656s)
    [pke_sum_k7_D16_H256_L2] step 47000 lr 2.50e-03 plateau mon 5.016 best 5.016@47000 since 0 (670s)
    [pke_sum_k7_D16_H256_L2] step 48000 lr 2.50e-03 plateau mon 5.023 best 5.016@47000 since 1 (684s)
    [pke_sum_k7_D16_H256_L2] step 49000 lr 2.50e-03 plateau mon 5.035 best 5.016@47000 since 2 (699s)
    [pke_sum_k7_D16_H256_L2] step 50000 lr 2.50e-03 plateau mon 5.018 best 5.016@47000 since 3 (713s)
    [pke_sum_k7_D16_H256_L2] step 51000 lr 2.50e-03 plateau mon 5.012 best 5.012@51000 since 0 (727s)
    [pke_sum_k7_D16_H256_L2] step 52000 lr 2.50e-03 plateau mon 5.026 best 5.012@51000 since 1 (742s)
    [pke_sum_k7_D16_H256_L2] step 53000 lr 2.50e-03 plateau mon 5.016 best 5.012@51000 since 2 (756s)
    [pke_sum_k7_D16_H256_L2] step 54000 lr 2.50e-03 plateau mon 5.007 best 5.007@54000 since 0 (770s)
    [pke_sum_k7_D16_H256_L2] step 55000 lr 2.50e-03 plateau mon 5.018 best 5.007@54000 since 1 (785s)
    [pke_sum_k7_D16_H256_L2] step 56000 lr 2.50e-03 plateau mon 5.027 best 5.007@54000 since 2 (799s)
    [pke_sum_k7_D16_H256_L2] step 57000 lr 2.50e-03 plateau mon 5.018 best 5.007@54000 since 3 (814s)
    [pke_sum_k7_D16_H256_L2] step 58000 lr 2.50e-03 plateau mon 5.015 best 5.007@54000 since 4 (828s)
    [pke_sum_k7_D16_H256_L2] step 59000 lr 2.50e-03 plateau mon 5.036 best 5.007@54000 since 5 (843s)
    [pke_sum_k7_D16_H256_L2] step 60000 lr 2.50e-03 plateau mon 5.010 best 5.007@54000 since 6 (857s)
    [pke_sum_k7_D16_H256_L2] step 61000 lr 2.50e-03 plateau mon 5.024 best 5.007@54000 since 7 (872s)
    [pke_sum_k7_D16_H256_L2] step 62000 lr 2.50e-03 plateau mon 5.015 best 5.007@54000 since 8 (886s)
    [pke_sum_k7_D16_H256_L2] -> DECAY triggered at step 62000
    [pke_sum_k7_D16_H256_L2] step 63000 lr 2.26e-03 decay mon 5.005 best 5.007@54000 since 9 (900s)
    [pke_sum_k7_D16_H256_L2] step 64000 lr 1.64e-03 decay mon 4.962 best 4.962@64000 since 0 (915s)
    [pke_sum_k7_D16_H256_L2] step 65000 lr 8.78e-04 decay mon 4.950 best 4.950@65000 since 0 (929s)
    [pke_sum_k7_D16_H256_L2] step 66000 lr 2.57e-04 decay mon 4.943 best 4.943@66000 since 0 (944s)
    [pke_sum_k7_D16_H256_L2] step 67000 lr 2.00e-05 decay mon 4.931 best 4.931@67000 since 0 (958s)
  DONE standalone/pke_sum_k7_D16_H256_L2/seed0: 106.3KB (i8 88.3+pke 15.75+f32 2.3) float 4.596 int8 ppl 4.640 t1 0.558 t3 0.768 | best@67000 decayed mon 4.931 [appended]
  RUN  standalone/pke_sum_k7_D32_H256_L2/seed0 (train-to-convergence B=512 L=96)
    [pke_sum_k7_D32_H256_L2] step 1000 lr 2.50e-03 plateau mon 6.950 best 6.950@1000 since 0 (15s)
    [pke_sum_k7_D32_H256_L2] step 2000 lr 2.50e-03 plateau mon 5.477 best 5.477@2000 since 0 (30s)
    [pke_sum_k7_D32_H256_L2] step 3000 lr 2.50e-03 plateau mon 5.173 best 5.173@3000 since 0 (45s)
    [pke_sum_k7_D32_H256_L2] step 4000 lr 2.50e-03 plateau mon 5.030 best 5.030@4000 since 0 (60s)
    [pke_sum_k7_D32_H256_L2] step 5000 lr 2.50e-03 plateau mon 4.964 best 4.964@5000 since 0 (75s)
    [pke_sum_k7_D32_H256_L2] step 6000 lr 2.50e-03 plateau mon 4.897 best 4.897@6000 since 0 (90s)
    [pke_sum_k7_D32_H256_L2] step 7000 lr 2.50e-03 plateau mon 4.852 best 4.852@7000 since 0 (105s)
    [pke_sum_k7_D32_H256_L2] step 8000 lr 2.50e-03 plateau mon 4.854 best 4.852@7000 since 1 (120s)
    [pke_sum_k7_D32_H256_L2] step 9000 lr 2.50e-03 plateau mon 4.802 best 4.802@9000 since 0 (135s)
    [pke_sum_k7_D32_H256_L2] step 10000 lr 2.50e-03 plateau mon 4.782 best 4.782@10000 since 0 (150s)
    [pke_sum_k7_D32_H256_L2] step 11000 lr 2.50e-03 plateau mon 4.778 best 4.778@11000 since 0 (165s)
    [pke_sum_k7_D32_H256_L2] step 12000 lr 2.50e-03 plateau mon 4.743 best 4.743@12000 since 0 (180s)
    [pke_sum_k7_D32_H256_L2] step 13000 lr 2.50e-03 plateau mon 4.759 best 4.743@12000 since 1 (195s)
    [pke_sum_k7_D32_H256_L2] step 14000 lr 2.50e-03 plateau mon 4.733 best 4.733@14000 since 0 (210s)
    [pke_sum_k7_D32_H256_L2] step 15000 lr 2.50e-03 plateau mon 4.715 best 4.715@15000 since 0 (225s)
    [pke_sum_k7_D32_H256_L2] step 16000 lr 2.50e-03 plateau mon 4.720 best 4.715@15000 since 1 (240s)
    [pke_sum_k7_D32_H256_L2] step 17000 lr 2.50e-03 plateau mon 4.697 best 4.697@17000 since 0 (255s)
    [pke_sum_k7_D32_H256_L2] step 18000 lr 2.50e-03 plateau mon 4.694 best 4.694@18000 since 0 (270s)
    [pke_sum_k7_D32_H256_L2] step 19000 lr 2.50e-03 plateau mon 4.688 best 4.688@19000 since 0 (285s)
    [pke_sum_k7_D32_H256_L2] step 20000 lr 2.50e-03 plateau mon 4.696 best 4.688@19000 since 1 (300s)
    [pke_sum_k7_D32_H256_L2] step 21000 lr 2.50e-03 plateau mon 4.677 best 4.677@21000 since 0 (315s)
    [pke_sum_k7_D32_H256_L2] step 22000 lr 2.50e-03 plateau mon 4.696 best 4.677@21000 since 1 (330s)
    [pke_sum_k7_D32_H256_L2] step 23000 lr 2.50e-03 plateau mon 4.696 best 4.677@21000 since 2 (345s)
    [pke_sum_k7_D32_H256_L2] step 24000 lr 2.50e-03 plateau mon 4.661 best 4.661@24000 since 0 (360s)
    [pke_sum_k7_D32_H256_L2] step 25000 lr 2.50e-03 plateau mon 4.670 best 4.661@24000 since 1 (375s)
    [pke_sum_k7_D32_H256_L2] step 26000 lr 2.50e-03 plateau mon 4.665 best 4.661@24000 since 2 (390s)
    [pke_sum_k7_D32_H256_L2] step 27000 lr 2.50e-03 plateau mon 4.643 best 4.643@27000 since 0 (405s)
    [pke_sum_k7_D32_H256_L2] step 28000 lr 2.50e-03 plateau mon 4.655 best 4.643@27000 since 1 (420s)
    [pke_sum_k7_D32_H256_L2] step 29000 lr 2.50e-03 plateau mon 4.655 best 4.643@27000 since 2 (435s)
    [pke_sum_k7_D32_H256_L2] step 30000 lr 2.50e-03 plateau mon 4.625 best 4.625@30000 since 0 (450s)
    [pke_sum_k7_D32_H256_L2] step 31000 lr 2.50e-03 plateau mon 4.633 best 4.625@30000 since 1 (465s)
    [pke_sum_k7_D32_H256_L2] step 32000 lr 2.50e-03 plateau mon 4.622 best 4.622@32000 since 0 (479s)
    [pke_sum_k7_D32_H256_L2] step 33000 lr 2.50e-03 plateau mon 4.619 best 4.619@33000 since 0 (494s)
    [pke_sum_k7_D32_H256_L2] step 34000 lr 2.50e-03 plateau mon 4.615 best 4.615@34000 since 0 (508s)
    [pke_sum_k7_D32_H256_L2] step 35000 lr 2.50e-03 plateau mon 4.611 best 4.611@35000 since 0 (523s)
    [pke_sum_k7_D32_H256_L2] step 36000 lr 2.50e-03 plateau mon 4.611 best 4.611@35000 since 1 (538s)
    [pke_sum_k7_D32_H256_L2] step 37000 lr 2.50e-03 plateau mon 4.625 best 4.611@35000 since 2 (552s)
    [pke_sum_k7_D32_H256_L2] step 38000 lr 2.50e-03 plateau mon 4.617 best 4.611@35000 since 3 (567s)
    [pke_sum_k7_D32_H256_L2] step 39000 lr 2.50e-03 plateau mon 4.593 best 4.593@39000 since 0 (582s)
    [pke_sum_k7_D32_H256_L2] step 40000 lr 2.50e-03 plateau mon 4.596 best 4.593@39000 since 1 (596s)
    [pke_sum_k7_D32_H256_L2] step 41000 lr 2.50e-03 plateau mon 4.603 best 4.593@39000 since 2 (611s)
    [pke_sum_k7_D32_H256_L2] step 42000 lr 2.50e-03 plateau mon 4.621 best 4.593@39000 since 3 (625s)
    [pke_sum_k7_D32_H256_L2] step 43000 lr 2.50e-03 plateau mon 4.601 best 4.593@39000 since 4 (640s)
    [pke_sum_k7_D32_H256_L2] step 44000 lr 2.50e-03 plateau mon 4.609 best 4.593@39000 since 5 (654s)
    [pke_sum_k7_D32_H256_L2] step 45000 lr 2.50e-03 plateau mon 4.594 best 4.593@39000 since 6 (669s)
    [pke_sum_k7_D32_H256_L2] step 46000 lr 2.50e-03 plateau mon 4.592 best 4.593@39000 since 7 (684s)
    [pke_sum_k7_D32_H256_L2] step 47000 lr 2.50e-03 plateau mon 4.586 best 4.586@47000 since 0 (698s)
    [pke_sum_k7_D32_H256_L2] step 48000 lr 2.50e-03 plateau mon 4.582 best 4.582@48000 since 0 (713s)
    [pke_sum_k7_D32_H256_L2] step 49000 lr 2.50e-03 plateau mon 4.600 best 4.582@48000 since 1 (727s)
    [pke_sum_k7_D32_H256_L2] step 50000 lr 2.50e-03 plateau mon 4.592 best 4.582@48000 since 2 (742s)
    [pke_sum_k7_D32_H256_L2] step 51000 lr 2.50e-03 plateau mon 4.582 best 4.582@48000 since 3 (757s)
    [pke_sum_k7_D32_H256_L2] step 52000 lr 2.50e-03 plateau mon 4.611 best 4.582@48000 since 4 (771s)
    [pke_sum_k7_D32_H256_L2] step 53000 lr 2.50e-03 plateau mon 4.577 best 4.577@53000 since 0 (786s)
    [pke_sum_k7_D32_H256_L2] step 54000 lr 2.50e-03 plateau mon 4.591 best 4.577@53000 since 1 (801s)
    [pke_sum_k7_D32_H256_L2] step 55000 lr 2.50e-03 plateau mon 4.596 best 4.577@53000 since 2 (815s)
    [pke_sum_k7_D32_H256_L2] step 56000 lr 2.50e-03 plateau mon 4.601 best 4.577@53000 since 3 (830s)
    [pke_sum_k7_D32_H256_L2] step 57000 lr 2.50e-03 plateau mon 4.596 best 4.577@53000 since 4 (844s)
    [pke_sum_k7_D32_H256_L2] step 58000 lr 2.50e-03 plateau mon 4.579 best 4.577@53000 since 5 (859s)
    [pke_sum_k7_D32_H256_L2] step 59000 lr 2.50e-03 plateau mon 4.590 best 4.577@53000 since 6 (874s)
    [pke_sum_k7_D32_H256_L2] step 60000 lr 2.50e-03 plateau mon 4.568 best 4.568@60000 since 0 (888s)
    [pke_sum_k7_D32_H256_L2] step 61000 lr 2.50e-03 plateau mon 4.585 best 4.568@60000 since 1 (903s)
    [pke_sum_k7_D32_H256_L2] step 62000 lr 2.50e-03 plateau mon 4.608 best 4.568@60000 since 2 (917s)
    [pke_sum_k7_D32_H256_L2] step 63000 lr 2.50e-03 plateau mon 4.580 best 4.568@60000 since 3 (932s)
    [pke_sum_k7_D32_H256_L2] step 64000 lr 2.50e-03 plateau mon 4.602 best 4.568@60000 since 4 (947s)
    [pke_sum_k7_D32_H256_L2] step 65000 lr 2.50e-03 plateau mon 4.582 best 4.568@60000 since 5 (961s)
    [pke_sum_k7_D32_H256_L2] step 66000 lr 2.50e-03 plateau mon 4.574 best 4.568@60000 since 6 (976s)
    [pke_sum_k7_D32_H256_L2] step 67000 lr 2.50e-03 plateau mon 4.593 best 4.568@60000 since 7 (990s)
    [pke_sum_k7_D32_H256_L2] step 68000 lr 2.50e-03 plateau mon 4.603 best 4.568@60000 since 8 (1005s)
    [pke_sum_k7_D32_H256_L2] -> DECAY triggered at step 68000
    [pke_sum_k7_D32_H256_L2] step 69000 lr 2.26e-03 decay mon 4.594 best 4.568@60000 since 9 (1020s)
    [pke_sum_k7_D32_H256_L2] step 70000 lr 1.64e-03 decay mon 4.565 best 4.565@70000 since 0 (1034s)
    [pke_sum_k7_D32_H256_L2] step 71000 lr 8.78e-04 decay mon 4.548 best 4.548@71000 since 0 (1049s)
    [pke_sum_k7_D32_H256_L2] step 72000 lr 2.57e-04 decay mon 4.521 best 4.521@72000 since 0 (1063s)
    [pke_sum_k7_D32_H256_L2] step 73000 lr 2.00e-05 decay mon 4.515 best 4.515@73000 since 0 (1078s)
  DONE standalone/pke_sum_k7_D32_H256_L2/seed0: 126.1KB (i8 92.3+pke 31.50+f32 2.3) float 4.385 int8 ppl 4.408 t1 0.571 t3 0.776 | best@73000 decayed mon 4.515 [appended]
  RUN  standalone/pke_sum_k12_D16_H256_L2/seed0 (train-to-convergence B=512 L=96)
    [pke_sum_k12_D16_H256_L2] step 1000 lr 2.50e-03 plateau mon 7.018 best 7.018@1000 since 0 (22s)
    [pke_sum_k12_D16_H256_L2] step 2000 lr 2.50e-03 plateau mon 5.585 best 5.585@2000 since 0 (44s)
    [pke_sum_k12_D16_H256_L2] step 3000 lr 2.50e-03 plateau mon 5.178 best 5.178@3000 since 0 (66s)
    [pke_sum_k12_D16_H256_L2] step 4000 lr 2.50e-03 plateau mon 5.038 best 5.038@4000 since 0 (88s)
    [pke_sum_k12_D16_H256_L2] step 5000 lr 2.50e-03 plateau mon 4.937 best 4.937@5000 since 0 (110s)
    [pke_sum_k12_D16_H256_L2] step 6000 lr 2.50e-03 plateau mon 4.822 best 4.822@6000 since 0 (132s)
    [pke_sum_k12_D16_H256_L2] step 7000 lr 2.50e-03 plateau mon 4.810 best 4.810@7000 since 0 (154s)
    [pke_sum_k12_D16_H256_L2] step 8000 lr 2.50e-03 plateau mon 4.749 best 4.749@8000 since 0 (176s)
    [pke_sum_k12_D16_H256_L2] step 9000 lr 2.50e-03 plateau mon 4.736 best 4.736@9000 since 0 (198s)
    [pke_sum_k12_D16_H256_L2] step 10000 lr 2.50e-03 plateau mon 4.696 best 4.696@10000 since 0 (220s)
    [pke_sum_k12_D16_H256_L2] step 11000 lr 2.50e-03 plateau mon 4.670 best 4.670@11000 since 0 (242s)
    [pke_sum_k12_D16_H256_L2] step 12000 lr 2.50e-03 plateau mon 4.653 best 4.653@12000 since 0 (264s)
    [pke_sum_k12_D16_H256_L2] step 13000 lr 2.50e-03 plateau mon 4.642 best 4.642@13000 since 0 (286s)
    [pke_sum_k12_D16_H256_L2] step 14000 lr 2.50e-03 plateau mon 4.627 best 4.627@14000 since 0 (308s)
    [pke_sum_k12_D16_H256_L2] step 15000 lr 2.50e-03 plateau mon 4.615 best 4.615@15000 since 0 (330s)
    [pke_sum_k12_D16_H256_L2] step 16000 lr 2.50e-03 plateau mon 4.601 best 4.601@16000 since 0 (352s)
    [pke_sum_k12_D16_H256_L2] step 17000 lr 2.50e-03 plateau mon 4.605 best 4.601@16000 since 1 (373s)
    [pke_sum_k12_D16_H256_L2] step 18000 lr 2.50e-03 plateau mon 4.576 best 4.576@18000 since 0 (395s)
    [pke_sum_k12_D16_H256_L2] step 19000 lr 2.50e-03 plateau mon 4.571 best 4.571@19000 since 0 (417s)
    [pke_sum_k12_D16_H256_L2] step 20000 lr 2.50e-03 plateau mon 4.572 best 4.571@19000 since 1 (439s)
    [pke_sum_k12_D16_H256_L2] step 21000 lr 2.50e-03 plateau mon 4.575 best 4.571@19000 since 2 (461s)
    [pke_sum_k12_D16_H256_L2] step 22000 lr 2.50e-03 plateau mon 4.583 best 4.571@19000 since 3 (483s)
    [pke_sum_k12_D16_H256_L2] step 23000 lr 2.50e-03 plateau mon 4.562 best 4.562@23000 since 0 (505s)
    [pke_sum_k12_D16_H256_L2] step 24000 lr 2.50e-03 plateau mon 4.574 best 4.562@23000 since 1 (527s)
    [pke_sum_k12_D16_H256_L2] step 25000 lr 2.50e-03 plateau mon 4.566 best 4.562@23000 since 2 (549s)
    [pke_sum_k12_D16_H256_L2] step 26000 lr 2.50e-03 plateau mon 4.560 best 4.562@23000 since 3 (571s)
    [pke_sum_k12_D16_H256_L2] step 27000 lr 2.50e-03 plateau mon 4.547 best 4.547@27000 since 0 (593s)
    [pke_sum_k12_D16_H256_L2] step 28000 lr 2.50e-03 plateau mon 4.540 best 4.540@28000 since 0 (615s)
    [pke_sum_k12_D16_H256_L2] step 29000 lr 2.50e-03 plateau mon 4.536 best 4.536@29000 since 0 (637s)
    [pke_sum_k12_D16_H256_L2] step 30000 lr 2.50e-03 plateau mon 4.542 best 4.536@29000 since 1 (659s)
    [pke_sum_k12_D16_H256_L2] step 31000 lr 2.50e-03 plateau mon 4.526 best 4.526@31000 since 0 (681s)
    [pke_sum_k12_D16_H256_L2] step 32000 lr 2.50e-03 plateau mon 4.531 best 4.526@31000 since 1 (703s)
    [pke_sum_k12_D16_H256_L2] step 33000 lr 2.50e-03 plateau mon 4.507 best 4.507@33000 since 0 (725s)
    [pke_sum_k12_D16_H256_L2] step 34000 lr 2.50e-03 plateau mon 4.511 best 4.507@33000 since 1 (747s)
    [pke_sum_k12_D16_H256_L2] step 35000 lr 2.50e-03 plateau mon 4.508 best 4.507@33000 since 2 (769s)
    [pke_sum_k12_D16_H256_L2] step 36000 lr 2.50e-03 plateau mon 4.501 best 4.501@36000 since 0 (791s)
    [pke_sum_k12_D16_H256_L2] step 37000 lr 2.50e-03 plateau mon 4.519 best 4.501@36000 since 1 (813s)
    [pke_sum_k12_D16_H256_L2] step 38000 lr 2.50e-03 plateau mon 4.499 best 4.499@38000 since 0 (835s)
    [pke_sum_k12_D16_H256_L2] step 39000 lr 2.50e-03 plateau mon 4.501 best 4.499@38000 since 1 (857s)
    [pke_sum_k12_D16_H256_L2] step 40000 lr 2.50e-03 plateau mon 4.496 best 4.496@40000 since 0 (879s)
    [pke_sum_k12_D16_H256_L2] step 41000 lr 2.50e-03 plateau mon 4.511 best 4.496@40000 since 1 (901s)
    [pke_sum_k12_D16_H256_L2] step 42000 lr 2.50e-03 plateau mon 4.497 best 4.496@40000 since 2 (923s)
    [pke_sum_k12_D16_H256_L2] step 43000 lr 2.50e-03 plateau mon 4.516 best 4.496@40000 since 3 (945s)
    [pke_sum_k12_D16_H256_L2] step 44000 lr 2.50e-03 plateau mon 4.484 best 4.484@44000 since 0 (967s)
    [pke_sum_k12_D16_H256_L2] step 45000 lr 2.50e-03 plateau mon 4.488 best 4.484@44000 since 1 (989s)
    [pke_sum_k12_D16_H256_L2] step 46000 lr 2.50e-03 plateau mon 4.504 best 4.484@44000 since 2 (1011s)
    [pke_sum_k12_D16_H256_L2] step 47000 lr 2.50e-03 plateau mon 4.465 best 4.465@47000 since 0 (1032s)
    [pke_sum_k12_D16_H256_L2] step 48000 lr 2.50e-03 plateau mon 4.497 best 4.465@47000 since 1 (1054s)
    [pke_sum_k12_D16_H256_L2] step 49000 lr 2.50e-03 plateau mon 4.486 best 4.465@47000 since 2 (1076s)
    [pke_sum_k12_D16_H256_L2] step 50000 lr 2.50e-03 plateau mon 4.487 best 4.465@47000 since 3 (1098s)
    [pke_sum_k12_D16_H256_L2] step 51000 lr 2.50e-03 plateau mon 4.461 best 4.461@51000 since 0 (1120s)
    [pke_sum_k12_D16_H256_L2] step 52000 lr 2.50e-03 plateau mon 4.474 best 4.461@51000 since 1 (1142s)
    [pke_sum_k12_D16_H256_L2] step 53000 lr 2.50e-03 plateau mon 4.465 best 4.461@51000 since 2 (1164s)
    [pke_sum_k12_D16_H256_L2] step 54000 lr 2.50e-03 plateau mon 4.468 best 4.461@51000 since 3 (1186s)
    [pke_sum_k12_D16_H256_L2] step 55000 lr 2.50e-03 plateau mon 4.478 best 4.461@51000 since 4 (1208s)
    [pke_sum_k12_D16_H256_L2] step 56000 lr 2.50e-03 plateau mon 4.465 best 4.461@51000 since 5 (1230s)
    [pke_sum_k12_D16_H256_L2] step 57000 lr 2.50e-03 plateau mon 4.456 best 4.456@57000 since 0 (1252s)
    [pke_sum_k12_D16_H256_L2] step 58000 lr 2.50e-03 plateau mon 4.463 best 4.456@57000 since 1 (1274s)
    [pke_sum_k12_D16_H256_L2] step 59000 lr 2.50e-03 plateau mon 4.465 best 4.456@57000 since 2 (1296s)
    [pke_sum_k12_D16_H256_L2] step 60000 lr 2.50e-03 plateau mon 4.465 best 4.456@57000 since 3 (1318s)
    [pke_sum_k12_D16_H256_L2] step 61000 lr 2.50e-03 plateau mon 4.450 best 4.450@61000 since 0 (1340s)
    [pke_sum_k12_D16_H256_L2] step 62000 lr 2.50e-03 plateau mon 4.461 best 4.450@61000 since 1 (1362s)
    [pke_sum_k12_D16_H256_L2] step 63000 lr 2.50e-03 plateau mon 4.464 best 4.450@61000 since 2 (1384s)
    [pke_sum_k12_D16_H256_L2] step 64000 lr 2.50e-03 plateau mon 4.458 best 4.450@61000 since 3 (1406s)
    [pke_sum_k12_D16_H256_L2] step 65000 lr 2.50e-03 plateau mon 4.464 best 4.450@61000 since 4 (1428s)
    [pke_sum_k12_D16_H256_L2] step 66000 lr 2.50e-03 plateau mon 4.460 best 4.450@61000 since 5 (1450s)
    [pke_sum_k12_D16_H256_L2] step 67000 lr 2.50e-03 plateau mon 4.435 best 4.435@67000 since 0 (1472s)
    [pke_sum_k12_D16_H256_L2] step 68000 lr 2.50e-03 plateau mon 4.447 best 4.435@67000 since 1 (1494s)
    [pke_sum_k12_D16_H256_L2] step 69000 lr 2.50e-03 plateau mon 4.441 best 4.435@67000 since 2 (1516s)
    [pke_sum_k12_D16_H256_L2] step 70000 lr 2.50e-03 plateau mon 4.458 best 4.435@67000 since 3 (1538s)
    [pke_sum_k12_D16_H256_L2] step 71000 lr 2.50e-03 plateau mon 4.443 best 4.435@67000 since 4 (1560s)
    [pke_sum_k12_D16_H256_L2] step 72000 lr 2.50e-03 plateau mon 4.467 best 4.435@67000 since 5 (1582s)
    [pke_sum_k12_D16_H256_L2] step 73000 lr 2.50e-03 plateau mon 4.449 best 4.435@67000 since 6 (1604s)
    [pke_sum_k12_D16_H256_L2] step 74000 lr 2.50e-03 plateau mon 4.459 best 4.435@67000 since 7 (1626s)
    [pke_sum_k12_D16_H256_L2] step 75000 lr 2.50e-03 plateau mon 4.479 best 4.435@67000 since 8 (1648s)
    [pke_sum_k12_D16_H256_L2] -> DECAY triggered at step 75000
    [pke_sum_k12_D16_H256_L2] step 76000 lr 2.26e-03 decay mon 4.422 best 4.422@76000 since 0 (1670s)
    [pke_sum_k12_D16_H256_L2] step 77000 lr 1.64e-03 decay mon 4.422 best 4.422@76000 since 1 (1692s)
    [pke_sum_k12_D16_H256_L2] step 78000 lr 8.78e-04 decay mon 4.385 best 4.385@78000 since 0 (1714s)
    [pke_sum_k12_D16_H256_L2] step 79000 lr 2.57e-04 decay mon 4.377 best 4.377@79000 since 0 (1735s)
    [pke_sum_k12_D16_H256_L2] step 80000 lr 2.00e-05 decay mon 4.366 best 4.366@80000 since 0 (1757s)
  DONE standalone/pke_sum_k12_D16_H256_L2/seed0: 117.6KB (i8 88.3+pke 27.00+f32 2.3) float 4.527 int8 ppl 4.543 t1 0.566 t3 0.771 | best@80000 decayed mon 4.366 [appended]
  RUN  standalone/pke_sum_k12_D32_H256_L2/seed0 (train-to-convergence B=512 L=96)
    [pke_sum_k12_D32_H256_L2] step 1000 lr 2.50e-03 plateau mon 6.793 best 6.793@1000 since 0 (23s)
    [pke_sum_k12_D32_H256_L2] step 2000 lr 2.50e-03 plateau mon 5.351 best 5.351@2000 since 0 (45s)
    [pke_sum_k12_D32_H256_L2] step 3000 lr 2.50e-03 plateau mon 5.028 best 5.028@3000 since 0 (68s)
    [pke_sum_k12_D32_H256_L2] step 4000 lr 2.50e-03 plateau mon 4.891 best 4.891@4000 since 0 (90s)
    [pke_sum_k12_D32_H256_L2] step 5000 lr 2.50e-03 plateau mon 4.812 best 4.812@5000 since 0 (113s)
    [pke_sum_k12_D32_H256_L2] step 6000 lr 2.50e-03 plateau mon 4.728 best 4.728@6000 since 0 (136s)
    [pke_sum_k12_D32_H256_L2] step 7000 lr 2.50e-03 plateau mon 4.710 best 4.710@7000 since 0 (158s)
    [pke_sum_k12_D32_H256_L2] step 8000 lr 2.50e-03 plateau mon 4.663 best 4.663@8000 since 0 (181s)
    [pke_sum_k12_D32_H256_L2] step 9000 lr 2.50e-03 plateau mon 4.653 best 4.653@9000 since 0 (203s)
    [pke_sum_k12_D32_H256_L2] step 10000 lr 2.50e-03 plateau mon 4.628 best 4.628@10000 since 0 (226s)
    [pke_sum_k12_D32_H256_L2] step 11000 lr 2.50e-03 plateau mon 4.621 best 4.621@11000 since 0 (249s)
    [pke_sum_k12_D32_H256_L2] step 12000 lr 2.50e-03 plateau mon 4.630 best 4.621@11000 since 1 (271s)
    [pke_sum_k12_D32_H256_L2] step 13000 lr 2.50e-03 plateau mon 4.582 best 4.582@13000 since 0 (294s)
    [pke_sum_k12_D32_H256_L2] step 14000 lr 2.50e-03 plateau mon 4.586 best 4.582@13000 since 1 (316s)
    [pke_sum_k12_D32_H256_L2] step 15000 lr 2.50e-03 plateau mon 4.581 best 4.582@13000 since 2 (339s)
    [pke_sum_k12_D32_H256_L2] step 16000 lr 2.50e-03 plateau mon 4.548 best 4.548@16000 since 0 (362s)
    [pke_sum_k12_D32_H256_L2] step 17000 lr 2.50e-03 plateau mon 4.565 best 4.548@16000 since 1 (384s)
    [pke_sum_k12_D32_H256_L2] step 18000 lr 2.50e-03 plateau mon 4.555 best 4.548@16000 since 2 (407s)
    [pke_sum_k12_D32_H256_L2] step 19000 lr 2.50e-03 plateau mon 4.553 best 4.548@16000 since 3 (429s)
    [pke_sum_k12_D32_H256_L2] step 20000 lr 2.50e-03 plateau mon 4.560 best 4.548@16000 since 4 (452s)
    [pke_sum_k12_D32_H256_L2] step 21000 lr 2.50e-03 plateau mon 4.540 best 4.540@21000 since 0 (474s)
    [pke_sum_k12_D32_H256_L2] step 22000 lr 2.50e-03 plateau mon 4.530 best 4.530@22000 since 0 (497s)
    [pke_sum_k12_D32_H256_L2] step 23000 lr 2.50e-03 plateau mon 4.521 best 4.521@23000 since 0 (520s)
    [pke_sum_k12_D32_H256_L2] step 24000 lr 2.50e-03 plateau mon 4.506 best 4.506@24000 since 0 (542s)
    [pke_sum_k12_D32_H256_L2] step 25000 lr 2.50e-03 plateau mon 4.523 best 4.506@24000 since 1 (565s)
    [pke_sum_k12_D32_H256_L2] step 26000 lr 2.50e-03 plateau mon 4.525 best 4.506@24000 since 2 (587s)
    [pke_sum_k12_D32_H256_L2] step 27000 lr 2.50e-03 plateau mon 4.515 best 4.506@24000 since 3 (610s)
    [pke_sum_k12_D32_H256_L2] step 28000 lr 2.50e-03 plateau mon 4.501 best 4.501@28000 since 0 (632s)
    [pke_sum_k12_D32_H256_L2] step 29000 lr 2.50e-03 plateau mon 4.491 best 4.491@29000 since 0 (655s)
    [pke_sum_k12_D32_H256_L2] step 30000 lr 2.50e-03 plateau mon 4.481 best 4.481@30000 since 0 (678s)
    [pke_sum_k12_D32_H256_L2] step 31000 lr 2.50e-03 plateau mon 4.495 best 4.481@30000 since 1 (700s)
    [pke_sum_k12_D32_H256_L2] step 32000 lr 2.50e-03 plateau mon 4.490 best 4.481@30000 since 2 (723s)
    [pke_sum_k12_D32_H256_L2] step 33000 lr 2.50e-03 plateau mon 4.478 best 4.478@33000 since 0 (745s)
    [pke_sum_k12_D32_H256_L2] step 34000 lr 2.50e-03 plateau mon 4.478 best 4.478@33000 since 1 (768s)
    [pke_sum_k12_D32_H256_L2] step 35000 lr 2.50e-03 plateau mon 4.475 best 4.475@35000 since 0 (791s)
    [pke_sum_k12_D32_H256_L2] step 36000 lr 2.50e-03 plateau mon 4.463 best 4.463@36000 since 0 (813s)
    [pke_sum_k12_D32_H256_L2] step 37000 lr 2.50e-03 plateau mon 4.479 best 4.463@36000 since 1 (836s)
    [pke_sum_k12_D32_H256_L2] step 38000 lr 2.50e-03 plateau mon 4.458 best 4.458@38000 since 0 (858s)
    [pke_sum_k12_D32_H256_L2] step 39000 lr 2.50e-03 plateau mon 4.457 best 4.458@38000 since 1 (881s)
    [pke_sum_k12_D32_H256_L2] step 40000 lr 2.50e-03 plateau mon 4.460 best 4.458@38000 since 2 (903s)
    [pke_sum_k12_D32_H256_L2] step 41000 lr 2.50e-03 plateau mon 4.461 best 4.458@38000 since 3 (926s)
    [pke_sum_k12_D32_H256_L2] step 42000 lr 2.50e-03 plateau mon 4.473 best 4.458@38000 since 4 (949s)
    [pke_sum_k12_D32_H256_L2] step 43000 lr 2.50e-03 plateau mon 4.453 best 4.453@43000 since 0 (971s)
    [pke_sum_k12_D32_H256_L2] step 44000 lr 2.50e-03 plateau mon 4.454 best 4.453@43000 since 1 (994s)
    [pke_sum_k12_D32_H256_L2] step 45000 lr 2.50e-03 plateau mon 4.433 best 4.433@45000 since 0 (1016s)
    [pke_sum_k12_D32_H256_L2] step 46000 lr 2.50e-03 plateau mon 4.441 best 4.433@45000 since 1 (1039s)
    [pke_sum_k12_D32_H256_L2] step 47000 lr 2.50e-03 plateau mon 4.441 best 4.433@45000 since 2 (1062s)
    [pke_sum_k12_D32_H256_L2] step 48000 lr 2.50e-03 plateau mon 4.455 best 4.433@45000 since 3 (1084s)
    [pke_sum_k12_D32_H256_L2] step 49000 lr 2.50e-03 plateau mon 4.445 best 4.433@45000 since 4 (1107s)
    [pke_sum_k12_D32_H256_L2] step 50000 lr 2.50e-03 plateau mon 4.436 best 4.433@45000 since 5 (1129s)
    [pke_sum_k12_D32_H256_L2] step 51000 lr 2.50e-03 plateau mon 4.442 best 4.433@45000 since 6 (1152s)
    [pke_sum_k12_D32_H256_L2] step 52000 lr 2.50e-03 plateau mon 4.442 best 4.433@45000 since 7 (1174s)
    [pke_sum_k12_D32_H256_L2] step 53000 lr 2.50e-03 plateau mon 4.426 best 4.426@53000 since 0 (1197s)
    [pke_sum_k12_D32_H256_L2] step 54000 lr 2.50e-03 plateau mon 4.428 best 4.426@53000 since 1 (1219s)
    [pke_sum_k12_D32_H256_L2] step 55000 lr 2.50e-03 plateau mon 4.442 best 4.426@53000 since 2 (1242s)
    [pke_sum_k12_D32_H256_L2] step 56000 lr 2.50e-03 plateau mon 4.436 best 4.426@53000 since 3 (1265s)
    [pke_sum_k12_D32_H256_L2] step 57000 lr 2.50e-03 plateau mon 4.436 best 4.426@53000 since 4 (1287s)
    [pke_sum_k12_D32_H256_L2] step 58000 lr 2.50e-03 plateau mon 4.423 best 4.423@58000 since 0 (1310s)
    [pke_sum_k12_D32_H256_L2] step 59000 lr 2.50e-03 plateau mon 4.428 best 4.423@58000 since 1 (1332s)
    [pke_sum_k12_D32_H256_L2] step 60000 lr 2.50e-03 plateau mon 4.421 best 4.423@58000 since 2 (1355s)
    [pke_sum_k12_D32_H256_L2] step 61000 lr 2.50e-03 plateau mon 4.438 best 4.423@58000 since 3 (1378s)
    [pke_sum_k12_D32_H256_L2] step 62000 lr 2.50e-03 plateau mon 4.441 best 4.423@58000 since 4 (1400s)
    [pke_sum_k12_D32_H256_L2] step 63000 lr 2.50e-03 plateau mon 4.427 best 4.423@58000 since 5 (1423s)
    [pke_sum_k12_D32_H256_L2] step 64000 lr 2.50e-03 plateau mon 4.435 best 4.423@58000 since 6 (1445s)
    [pke_sum_k12_D32_H256_L2] step 65000 lr 2.50e-03 plateau mon 4.446 best 4.423@58000 since 7 (1468s)
    [pke_sum_k12_D32_H256_L2] step 66000 lr 2.50e-03 plateau mon 4.433 best 4.423@58000 since 8 (1490s)
    [pke_sum_k12_D32_H256_L2] -> DECAY triggered at step 66000
    [pke_sum_k12_D32_H256_L2] step 67000 lr 2.26e-03 decay mon 4.413 best 4.413@67000 since 0 (1513s)
    [pke_sum_k12_D32_H256_L2] step 68000 lr 1.64e-03 decay mon 4.406 best 4.406@68000 since 0 (1536s)
    [pke_sum_k12_D32_H256_L2] step 69000 lr 8.78e-04 decay mon 4.381 best 4.381@69000 since 0 (1558s)
    [pke_sum_k12_D32_H256_L2] step 70000 lr 2.57e-04 decay mon 4.358 best 4.358@70000 since 0 (1581s)
    [pke_sum_k12_D32_H256_L2] step 71000 lr 2.00e-05 decay mon 4.353 best 4.353@71000 since 0 (1603s)
  DONE standalone/pke_sum_k12_D32_H256_L2/seed0: 148.6KB (i8 92.3+pke 54.00+f32 2.3) float 4.321 int8 ppl 4.339 t1 0.575 t3 0.778 | best@71000 decayed mon 4.353 [appended]
  RUN  standalone/pke_cat_k4_D16_H256_L2/seed0 (train-to-convergence B=512 L=96)
    [pke_cat_k4_D16_H256_L2] step 1000 lr 2.50e-03 plateau mon 6.460 best 6.460@1000 since 0 (11s)
    [pke_cat_k4_D16_H256_L2] step 2000 lr 2.50e-03 plateau mon 5.268 best 5.268@2000 since 0 (22s)
    [pke_cat_k4_D16_H256_L2] step 3000 lr 2.50e-03 plateau mon 5.062 best 5.062@3000 since 0 (33s)
    [pke_cat_k4_D16_H256_L2] step 4000 lr 2.50e-03 plateau mon 4.968 best 4.968@4000 since 0 (44s)
    [pke_cat_k4_D16_H256_L2] step 5000 lr 2.50e-03 plateau mon 4.905 best 4.905@5000 since 0 (55s)
    [pke_cat_k4_D16_H256_L2] step 6000 lr 2.50e-03 plateau mon 4.868 best 4.868@6000 since 0 (66s)
    [pke_cat_k4_D16_H256_L2] step 7000 lr 2.50e-03 plateau mon 4.835 best 4.835@7000 since 0 (77s)
    [pke_cat_k4_D16_H256_L2] step 8000 lr 2.50e-03 plateau mon 4.823 best 4.823@8000 since 0 (88s)
    [pke_cat_k4_D16_H256_L2] step 9000 lr 2.50e-03 plateau mon 4.825 best 4.823@8000 since 1 (100s)
    [pke_cat_k4_D16_H256_L2] step 10000 lr 2.50e-03 plateau mon 4.786 best 4.786@10000 since 0 (111s)
    [pke_cat_k4_D16_H256_L2] step 11000 lr 2.50e-03 plateau mon 4.780 best 4.780@11000 since 0 (122s)
    [pke_cat_k4_D16_H256_L2] step 12000 lr 2.50e-03 plateau mon 4.781 best 4.780@11000 since 1 (133s)
    [pke_cat_k4_D16_H256_L2] step 13000 lr 2.50e-03 plateau mon 4.783 best 4.780@11000 since 2 (144s)
    [pke_cat_k4_D16_H256_L2] step 14000 lr 2.50e-03 plateau mon 4.771 best 4.771@14000 since 0 (155s)
    [pke_cat_k4_D16_H256_L2] step 15000 lr 2.50e-03 plateau mon 4.752 best 4.752@15000 since 0 (167s)
    [pke_cat_k4_D16_H256_L2] step 16000 lr 2.50e-03 plateau mon 4.758 best 4.752@15000 since 1 (178s)
    [pke_cat_k4_D16_H256_L2] step 17000 lr 2.50e-03 plateau mon 4.725 best 4.725@17000 since 0 (190s)
    [pke_cat_k4_D16_H256_L2] step 18000 lr 2.50e-03 plateau mon 4.748 best 4.725@17000 since 1 (201s)
    [pke_cat_k4_D16_H256_L2] step 19000 lr 2.50e-03 plateau mon 4.717 best 4.717@19000 since 0 (212s)
    [pke_cat_k4_D16_H256_L2] step 20000 lr 2.50e-03 plateau mon 4.713 best 4.713@20000 since 0 (224s)
    [pke_cat_k4_D16_H256_L2] step 21000 lr 2.50e-03 plateau mon 4.701 best 4.701@21000 since 0 (235s)
    [pke_cat_k4_D16_H256_L2] step 22000 lr 2.50e-03 plateau mon 4.695 best 4.695@22000 since 0 (246s)
    [pke_cat_k4_D16_H256_L2] step 23000 lr 2.50e-03 plateau mon 4.721 best 4.695@22000 since 1 (258s)
    [pke_cat_k4_D16_H256_L2] step 24000 lr 2.50e-03 plateau mon 4.704 best 4.695@22000 since 2 (269s)
    [pke_cat_k4_D16_H256_L2] step 25000 lr 2.50e-03 plateau mon 4.713 best 4.695@22000 since 3 (280s)
    [pke_cat_k4_D16_H256_L2] step 26000 lr 2.50e-03 plateau mon 4.701 best 4.695@22000 since 4 (291s)
    [pke_cat_k4_D16_H256_L2] step 27000 lr 2.50e-03 plateau mon 4.684 best 4.684@27000 since 0 (302s)
    [pke_cat_k4_D16_H256_L2] step 28000 lr 2.50e-03 plateau mon 4.692 best 4.684@27000 since 1 (313s)
    [pke_cat_k4_D16_H256_L2] step 29000 lr 2.50e-03 plateau mon 4.704 best 4.684@27000 since 2 (324s)
    [pke_cat_k4_D16_H256_L2] step 30000 lr 2.50e-03 plateau mon 4.683 best 4.684@27000 since 3 (336s)
    [pke_cat_k4_D16_H256_L2] step 31000 lr 2.50e-03 plateau mon 4.695 best 4.684@27000 since 4 (347s)
    [pke_cat_k4_D16_H256_L2] step 32000 lr 2.50e-03 plateau mon 4.690 best 4.684@27000 since 5 (358s)
    [pke_cat_k4_D16_H256_L2] step 33000 lr 2.50e-03 plateau mon 4.697 best 4.684@27000 since 6 (369s)
    [pke_cat_k4_D16_H256_L2] step 34000 lr 2.50e-03 plateau mon 4.685 best 4.684@27000 since 7 (380s)
    [pke_cat_k4_D16_H256_L2] step 35000 lr 2.50e-03 plateau mon 4.694 best 4.684@27000 since 8 (391s)
    [pke_cat_k4_D16_H256_L2] -> DECAY triggered at step 35000
    [pke_cat_k4_D16_H256_L2] step 36000 lr 2.26e-03 decay mon 4.680 best 4.680@36000 since 0 (402s)
    [pke_cat_k4_D16_H256_L2] step 37000 lr 1.64e-03 decay mon 4.679 best 4.680@36000 since 1 (413s)
    [pke_cat_k4_D16_H256_L2] step 38000 lr 8.78e-04 decay mon 4.655 best 4.655@38000 since 0 (425s)
    [pke_cat_k4_D16_H256_L2] step 39000 lr 2.57e-04 decay mon 4.632 best 4.632@39000 since 0 (436s)
    [pke_cat_k4_D16_H256_L2] step 40000 lr 2.00e-05 decay mon 4.627 best 4.627@40000 since 0 (448s)
  DONE standalone/pke_cat_k4_D16_H256_L2/seed0: 111.6KB (i8 100.3+pke 9.00+f32 2.3) float 4.648 int8 ppl 4.654 t1 0.543 t3 0.770 | best@40000 decayed mon 4.627 [appended]
  RUN  standalone/pke_cat_k4_D32_H256_L2/seed0 (train-to-convergence B=512 L=96)
    [pke_cat_k4_D32_H256_L2] step 1000 lr 2.50e-03 plateau mon 6.723 best 6.723@1000 since 0 (11s)
    [pke_cat_k4_D32_H256_L2] step 2000 lr 2.50e-03 plateau mon 5.475 best 5.475@2000 since 0 (22s)
    [pke_cat_k4_D32_H256_L2] step 3000 lr 2.50e-03 plateau mon 5.269 best 5.269@3000 since 0 (33s)
    [pke_cat_k4_D32_H256_L2] step 4000 lr 2.50e-03 plateau mon 5.161 best 5.161@4000 since 0 (45s)
    [pke_cat_k4_D32_H256_L2] step 5000 lr 2.50e-03 plateau mon 5.098 best 5.098@5000 since 0 (56s)
    [pke_cat_k4_D32_H256_L2] step 6000 lr 2.50e-03 plateau mon 5.059 best 5.059@6000 since 0 (67s)
    [pke_cat_k4_D32_H256_L2] step 7000 lr 2.50e-03 plateau mon 5.035 best 5.035@7000 since 0 (79s)
    [pke_cat_k4_D32_H256_L2] step 8000 lr 2.50e-03 plateau mon 5.019 best 5.019@8000 since 0 (90s)
    [pke_cat_k4_D32_H256_L2] step 9000 lr 2.50e-03 plateau mon 5.018 best 5.019@8000 since 1 (102s)
    [pke_cat_k4_D32_H256_L2] step 10000 lr 2.50e-03 plateau mon 5.001 best 5.001@10000 since 0 (113s)
    [pke_cat_k4_D32_H256_L2] step 11000 lr 2.50e-03 plateau mon 5.021 best 5.001@10000 since 1 (124s)
    [pke_cat_k4_D32_H256_L2] step 12000 lr 2.50e-03 plateau mon 4.995 best 4.995@12000 since 0 (135s)
    [pke_cat_k4_D32_H256_L2] step 13000 lr 2.50e-03 plateau mon 4.965 best 4.965@13000 since 0 (146s)
    [pke_cat_k4_D32_H256_L2] step 14000 lr 2.50e-03 plateau mon 4.982 best 4.965@13000 since 1 (158s)
    [pke_cat_k4_D32_H256_L2] step 15000 lr 2.50e-03 plateau mon 4.972 best 4.965@13000 since 2 (169s)
    [pke_cat_k4_D32_H256_L2] step 16000 lr 2.50e-03 plateau mon 4.975 best 4.965@13000 since 3 (180s)
    [pke_cat_k4_D32_H256_L2] step 17000 lr 2.50e-03 plateau mon 4.965 best 4.965@13000 since 4 (192s)
    [pke_cat_k4_D32_H256_L2] step 18000 lr 2.50e-03 plateau mon 4.982 best 4.965@13000 since 5 (203s)
    [pke_cat_k4_D32_H256_L2] step 19000 lr 2.50e-03 plateau mon 4.981 best 4.965@13000 since 6 (214s)
    [pke_cat_k4_D32_H256_L2] step 20000 lr 2.50e-03 plateau mon 4.977 best 4.965@13000 since 7 (226s)
    [pke_cat_k4_D32_H256_L2] step 21000 lr 2.50e-03 plateau mon 4.968 best 4.965@13000 since 8 (237s)
    [pke_cat_k4_D32_H256_L2] -> DECAY triggered at step 21000
    [pke_cat_k4_D32_H256_L2] step 22000 lr 2.26e-03 decay mon 4.940 best 4.940@22000 since 0 (248s)
    [pke_cat_k4_D32_H256_L2] step 23000 lr 1.64e-03 decay mon 4.945 best 4.940@22000 since 1 (260s)
    [pke_cat_k4_D32_H256_L2] step 24000 lr 8.78e-04 decay mon 4.906 best 4.906@24000 since 0 (271s)
    [pke_cat_k4_D32_H256_L2] step 25000 lr 2.57e-04 decay mon 4.889 best 4.889@25000 since 0 (282s)
    [pke_cat_k4_D32_H256_L2] step 26000 lr 2.00e-05 decay mon 4.888 best 4.889@25000 since 1 (294s)
  DONE standalone/pke_cat_k4_D32_H256_L2/seed0: 136.6KB (i8 116.3+pke 18.00+f32 2.3) float 4.591 int8 ppl 4.596 t1 0.546 t3 0.773 | best@25000 decayed mon 4.889 [appended]
  RUN  standalone/pke_cat_k7_D8_H256_L2/seed0 (train-to-convergence B=512 L=96)
    [pke_cat_k7_D8_H256_L2] step 1000 lr 2.50e-03 plateau mon 7.159 best 7.159@1000 since 0 (14s)
    [pke_cat_k7_D8_H256_L2] step 2000 lr 2.50e-03 plateau mon 5.543 best 5.543@2000 since 0 (28s)
    [pke_cat_k7_D8_H256_L2] step 3000 lr 2.50e-03 plateau mon 5.205 best 5.205@3000 since 0 (41s)
    [pke_cat_k7_D8_H256_L2] step 4000 lr 2.50e-03 plateau mon 5.075 best 5.075@4000 since 0 (55s)
    [pke_cat_k7_D8_H256_L2] step 5000 lr 2.50e-03 plateau mon 4.989 best 4.989@5000 since 0 (69s)
    [pke_cat_k7_D8_H256_L2] step 6000 lr 2.50e-03 plateau mon 4.941 best 4.941@6000 since 0 (83s)
    [pke_cat_k7_D8_H256_L2] step 7000 lr 2.50e-03 plateau mon 4.913 best 4.913@7000 since 0 (96s)
    [pke_cat_k7_D8_H256_L2] step 8000 lr 2.50e-03 plateau mon 4.888 best 4.888@8000 since 0 (110s)
    [pke_cat_k7_D8_H256_L2] step 9000 lr 2.50e-03 plateau mon 4.878 best 4.878@9000 since 0 (124s)
    [pke_cat_k7_D8_H256_L2] step 10000 lr 2.50e-03 plateau mon 4.867 best 4.867@10000 since 0 (137s)
    [pke_cat_k7_D8_H256_L2] step 11000 lr 2.50e-03 plateau mon 4.843 best 4.843@11000 since 0 (151s)
    [pke_cat_k7_D8_H256_L2] step 12000 lr 2.50e-03 plateau mon 4.837 best 4.837@12000 since 0 (165s)
    [pke_cat_k7_D8_H256_L2] step 13000 lr 2.50e-03 plateau mon 4.818 best 4.818@13000 since 0 (179s)
    [pke_cat_k7_D8_H256_L2] step 14000 lr 2.50e-03 plateau mon 4.809 best 4.809@14000 since 0 (192s)
    [pke_cat_k7_D8_H256_L2] step 15000 lr 2.50e-03 plateau mon 4.786 best 4.786@15000 since 0 (206s)
    [pke_cat_k7_D8_H256_L2] step 16000 lr 2.50e-03 plateau mon 4.786 best 4.786@15000 since 1 (220s)
    [pke_cat_k7_D8_H256_L2] step 17000 lr 2.50e-03 plateau mon 4.769 best 4.769@17000 since 0 (234s)
    [pke_cat_k7_D8_H256_L2] step 18000 lr 2.50e-03 plateau mon 4.765 best 4.765@18000 since 0 (247s)
    [pke_cat_k7_D8_H256_L2] step 19000 lr 2.50e-03 plateau mon 4.761 best 4.761@19000 since 0 (261s)
    [pke_cat_k7_D8_H256_L2] step 20000 lr 2.50e-03 plateau mon 4.749 best 4.749@20000 since 0 (275s)
    [pke_cat_k7_D8_H256_L2] step 21000 lr 2.50e-03 plateau mon 4.763 best 4.749@20000 since 1 (289s)
    [pke_cat_k7_D8_H256_L2] step 22000 lr 2.50e-03 plateau mon 4.753 best 4.749@20000 since 2 (302s)
    [pke_cat_k7_D8_H256_L2] step 23000 lr 2.50e-03 plateau mon 4.746 best 4.746@23000 since 0 (316s)
    [pke_cat_k7_D8_H256_L2] step 24000 lr 2.50e-03 plateau mon 4.758 best 4.746@23000 since 1 (330s)
    [pke_cat_k7_D8_H256_L2] step 25000 lr 2.50e-03 plateau mon 4.730 best 4.730@25000 since 0 (344s)
    [pke_cat_k7_D8_H256_L2] step 26000 lr 2.50e-03 plateau mon 4.722 best 4.722@26000 since 0 (357s)
    [pke_cat_k7_D8_H256_L2] step 27000 lr 2.50e-03 plateau mon 4.716 best 4.716@27000 since 0 (371s)
    [pke_cat_k7_D8_H256_L2] step 28000 lr 2.50e-03 plateau mon 4.716 best 4.716@27000 since 1 (385s)
    [pke_cat_k7_D8_H256_L2] step 29000 lr 2.50e-03 plateau mon 4.739 best 4.716@27000 since 2 (399s)
    [pke_cat_k7_D8_H256_L2] step 30000 lr 2.50e-03 plateau mon 4.717 best 4.716@27000 since 3 (412s)
    [pke_cat_k7_D8_H256_L2] step 31000 lr 2.50e-03 plateau mon 4.702 best 4.702@31000 since 0 (426s)
    [pke_cat_k7_D8_H256_L2] step 32000 lr 2.50e-03 plateau mon 4.716 best 4.702@31000 since 1 (440s)
    [pke_cat_k7_D8_H256_L2] step 33000 lr 2.50e-03 plateau mon 4.693 best 4.693@33000 since 0 (454s)
    [pke_cat_k7_D8_H256_L2] step 34000 lr 2.50e-03 plateau mon 4.696 best 4.693@33000 since 1 (467s)
    [pke_cat_k7_D8_H256_L2] step 35000 lr 2.50e-03 plateau mon 4.682 best 4.682@35000 since 0 (481s)
    [pke_cat_k7_D8_H256_L2] step 36000 lr 2.50e-03 plateau mon 4.686 best 4.682@35000 since 1 (495s)
    [pke_cat_k7_D8_H256_L2] step 37000 lr 2.50e-03 plateau mon 4.692 best 4.682@35000 since 2 (509s)
    [pke_cat_k7_D8_H256_L2] step 38000 lr 2.50e-03 plateau mon 4.680 best 4.682@35000 since 3 (522s)
    [pke_cat_k7_D8_H256_L2] step 39000 lr 2.50e-03 plateau mon 4.698 best 4.682@35000 since 4 (536s)
    [pke_cat_k7_D8_H256_L2] step 40000 lr 2.50e-03 plateau mon 4.681 best 4.682@35000 since 5 (550s)
    [pke_cat_k7_D8_H256_L2] step 41000 lr 2.50e-03 plateau mon 4.662 best 4.662@41000 since 0 (564s)
    [pke_cat_k7_D8_H256_L2] step 42000 lr 2.50e-03 plateau mon 4.682 best 4.662@41000 since 1 (577s)
    [pke_cat_k7_D8_H256_L2] step 43000 lr 2.50e-03 plateau mon 4.694 best 4.662@41000 since 2 (591s)
    [pke_cat_k7_D8_H256_L2] step 44000 lr 2.50e-03 plateau mon 4.682 best 4.662@41000 since 3 (605s)
    [pke_cat_k7_D8_H256_L2] step 45000 lr 2.50e-03 plateau mon 4.687 best 4.662@41000 since 4 (618s)
    [pke_cat_k7_D8_H256_L2] step 46000 lr 2.50e-03 plateau mon 4.659 best 4.659@46000 since 0 (632s)
    [pke_cat_k7_D8_H256_L2] step 47000 lr 2.50e-03 plateau mon 4.655 best 4.655@47000 since 0 (646s)
    [pke_cat_k7_D8_H256_L2] step 48000 lr 2.50e-03 plateau mon 4.674 best 4.655@47000 since 1 (660s)
    [pke_cat_k7_D8_H256_L2] step 49000 lr 2.50e-03 plateau mon 4.671 best 4.655@47000 since 2 (673s)
    [pke_cat_k7_D8_H256_L2] step 50000 lr 2.50e-03 plateau mon 4.659 best 4.655@47000 since 3 (687s)
    [pke_cat_k7_D8_H256_L2] step 51000 lr 2.50e-03 plateau mon 4.641 best 4.641@51000 since 0 (701s)
    [pke_cat_k7_D8_H256_L2] step 52000 lr 2.50e-03 plateau mon 4.640 best 4.641@51000 since 1 (715s)
    [pke_cat_k7_D8_H256_L2] step 53000 lr 2.50e-03 plateau mon 4.651 best 4.641@51000 since 2 (728s)
    [pke_cat_k7_D8_H256_L2] step 54000 lr 2.50e-03 plateau mon 4.639 best 4.639@54000 since 0 (742s)
    [pke_cat_k7_D8_H256_L2] step 55000 lr 2.50e-03 plateau mon 4.640 best 4.639@54000 since 1 (756s)
    [pke_cat_k7_D8_H256_L2] step 56000 lr 2.50e-03 plateau mon 4.638 best 4.639@54000 since 2 (770s)
    [pke_cat_k7_D8_H256_L2] step 57000 lr 2.50e-03 plateau mon 4.637 best 4.639@54000 since 3 (783s)
    [pke_cat_k7_D8_H256_L2] step 58000 lr 2.50e-03 plateau mon 4.655 best 4.639@54000 since 4 (797s)
    [pke_cat_k7_D8_H256_L2] step 59000 lr 2.50e-03 plateau mon 4.643 best 4.639@54000 since 5 (811s)
    [pke_cat_k7_D8_H256_L2] step 60000 lr 2.50e-03 plateau mon 4.641 best 4.639@54000 since 6 (825s)
    [pke_cat_k7_D8_H256_L2] step 61000 lr 2.50e-03 plateau mon 4.630 best 4.630@61000 since 0 (838s)
    [pke_cat_k7_D8_H256_L2] step 62000 lr 2.50e-03 plateau mon 4.625 best 4.625@62000 since 0 (852s)
    [pke_cat_k7_D8_H256_L2] step 63000 lr 2.50e-03 plateau mon 4.638 best 4.625@62000 since 1 (866s)
    [pke_cat_k7_D8_H256_L2] step 64000 lr 2.50e-03 plateau mon 4.652 best 4.625@62000 since 2 (880s)
    [pke_cat_k7_D8_H256_L2] step 65000 lr 2.50e-03 plateau mon 4.628 best 4.625@62000 since 3 (893s)
    [pke_cat_k7_D8_H256_L2] step 66000 lr 2.50e-03 plateau mon 4.638 best 4.625@62000 since 4 (907s)
    [pke_cat_k7_D8_H256_L2] step 67000 lr 2.50e-03 plateau mon 4.641 best 4.625@62000 since 5 (921s)
    [pke_cat_k7_D8_H256_L2] step 68000 lr 2.50e-03 plateau mon 4.623 best 4.625@62000 since 6 (935s)
    [pke_cat_k7_D8_H256_L2] step 69000 lr 2.50e-03 plateau mon 4.633 best 4.625@62000 since 7 (948s)
    [pke_cat_k7_D8_H256_L2] step 70000 lr 2.50e-03 plateau mon 4.653 best 4.625@62000 since 8 (962s)
    [pke_cat_k7_D8_H256_L2] -> DECAY triggered at step 70000
    [pke_cat_k7_D8_H256_L2] step 71000 lr 2.26e-03 decay mon 4.631 best 4.625@62000 since 9 (976s)
    [pke_cat_k7_D8_H256_L2] step 72000 lr 1.64e-03 decay mon 4.624 best 4.625@62000 since 10 (990s)
    [pke_cat_k7_D8_H256_L2] step 73000 lr 8.78e-04 decay mon 4.607 best 4.607@73000 since 0 (1003s)
    [pke_cat_k7_D8_H256_L2] step 74000 lr 2.57e-04 decay mon 4.588 best 4.588@74000 since 0 (1017s)
    [pke_cat_k7_D8_H256_L2] step 75000 lr 2.00e-05 decay mon 4.580 best 4.580@75000 since 0 (1031s)
  DONE standalone/pke_cat_k7_D8_H256_L2/seed0: 108.4KB (i8 98.3+pke 7.88+f32 2.3) float 4.420 int8 ppl 4.441 t1 0.570 t3 0.776 | best@75000 decayed mon 4.580 [appended]
  RUN  standalone/pke_cat_k7_D16_H256_L2/seed0 (train-to-convergence B=512 L=96)
    [pke_cat_k7_D16_H256_L2] step 1000 lr 2.50e-03 plateau mon 6.871 best 6.871@1000 since 0 (15s)
    [pke_cat_k7_D16_H256_L2] step 2000 lr 2.50e-03 plateau mon 5.430 best 5.430@2000 since 0 (29s)
    [pke_cat_k7_D16_H256_L2] step 3000 lr 2.50e-03 plateau mon 5.170 best 5.170@3000 since 0 (44s)
    [pke_cat_k7_D16_H256_L2] step 4000 lr 2.50e-03 plateau mon 5.086 best 5.086@4000 since 0 (58s)
    [pke_cat_k7_D16_H256_L2] step 5000 lr 2.50e-03 plateau mon 5.036 best 5.036@5000 since 0 (73s)
    [pke_cat_k7_D16_H256_L2] step 6000 lr 2.50e-03 plateau mon 4.971 best 4.971@6000 since 0 (87s)
    [pke_cat_k7_D16_H256_L2] step 7000 lr 2.50e-03 plateau mon 4.956 best 4.956@7000 since 0 (102s)
    [pke_cat_k7_D16_H256_L2] step 8000 lr 2.50e-03 plateau mon 4.917 best 4.917@8000 since 0 (117s)
    [pke_cat_k7_D16_H256_L2] step 9000 lr 2.50e-03 plateau mon 4.924 best 4.917@8000 since 1 (131s)
    [pke_cat_k7_D16_H256_L2] step 10000 lr 2.50e-03 plateau mon 4.881 best 4.881@10000 since 0 (146s)
    [pke_cat_k7_D16_H256_L2] step 11000 lr 2.50e-03 plateau mon 4.871 best 4.871@11000 since 0 (160s)
    [pke_cat_k7_D16_H256_L2] step 12000 lr 2.50e-03 plateau mon 4.876 best 4.871@11000 since 1 (175s)
    [pke_cat_k7_D16_H256_L2] step 13000 lr 2.50e-03 plateau mon 4.865 best 4.865@13000 since 0 (190s)
    [pke_cat_k7_D16_H256_L2] step 14000 lr 2.50e-03 plateau mon 4.846 best 4.846@14000 since 0 (204s)
    [pke_cat_k7_D16_H256_L2] step 15000 lr 2.50e-03 plateau mon 4.833 best 4.833@15000 since 0 (219s)
    [pke_cat_k7_D16_H256_L2] step 16000 lr 2.50e-03 plateau mon 4.839 best 4.833@15000 since 1 (233s)
    [pke_cat_k7_D16_H256_L2] step 17000 lr 2.50e-03 plateau mon 4.815 best 4.815@17000 since 0 (248s)
    [pke_cat_k7_D16_H256_L2] step 18000 lr 2.50e-03 plateau mon 4.821 best 4.815@17000 since 1 (262s)
    [pke_cat_k7_D16_H256_L2] step 19000 lr 2.50e-03 plateau mon 4.809 best 4.809@19000 since 0 (277s)
    [pke_cat_k7_D16_H256_L2] step 20000 lr 2.50e-03 plateau mon 4.810 best 4.809@19000 since 1 (292s)
    [pke_cat_k7_D16_H256_L2] step 21000 lr 2.50e-03 plateau mon 4.808 best 4.809@19000 since 2 (306s)
    [pke_cat_k7_D16_H256_L2] step 22000 lr 2.50e-03 plateau mon 4.791 best 4.791@22000 since 0 (321s)
    [pke_cat_k7_D16_H256_L2] step 23000 lr 2.50e-03 plateau mon 4.797 best 4.791@22000 since 1 (336s)
    [pke_cat_k7_D16_H256_L2] step 24000 lr 2.50e-03 plateau mon 4.794 best 4.791@22000 since 2 (350s)
    [pke_cat_k7_D16_H256_L2] step 25000 lr 2.50e-03 plateau mon 4.790 best 4.791@22000 since 3 (365s)
    [pke_cat_k7_D16_H256_L2] step 26000 lr 2.50e-03 plateau mon 4.800 best 4.791@22000 since 4 (379s)
    [pke_cat_k7_D16_H256_L2] step 27000 lr 2.50e-03 plateau mon 4.776 best 4.776@27000 since 0 (394s)
    [pke_cat_k7_D16_H256_L2] step 28000 lr 2.50e-03 plateau mon 4.756 best 4.756@28000 since 0 (409s)
    [pke_cat_k7_D16_H256_L2] step 29000 lr 2.50e-03 plateau mon 4.755 best 4.756@28000 since 1 (423s)
    [pke_cat_k7_D16_H256_L2] step 30000 lr 2.50e-03 plateau mon 4.762 best 4.756@28000 since 2 (438s)
    [pke_cat_k7_D16_H256_L2] step 31000 lr 2.50e-03 plateau mon 4.770 best 4.756@28000 since 3 (452s)
    [pke_cat_k7_D16_H256_L2] step 32000 lr 2.50e-03 plateau mon 4.740 best 4.740@32000 since 0 (467s)
    [pke_cat_k7_D16_H256_L2] step 33000 lr 2.50e-03 plateau mon 4.753 best 4.740@32000 since 1 (481s)
    [pke_cat_k7_D16_H256_L2] step 34000 lr 2.50e-03 plateau mon 4.759 best 4.740@32000 since 2 (496s)
    [pke_cat_k7_D16_H256_L2] step 35000 lr 2.50e-03 plateau mon 4.750 best 4.740@32000 since 3 (510s)
    [pke_cat_k7_D16_H256_L2] step 36000 lr 2.50e-03 plateau mon 4.746 best 4.740@32000 since 4 (525s)
    [pke_cat_k7_D16_H256_L2] step 37000 lr 2.50e-03 plateau mon 4.751 best 4.740@32000 since 5 (540s)
    [pke_cat_k7_D16_H256_L2] step 38000 lr 2.50e-03 plateau mon 4.741 best 4.740@32000 since 6 (554s)
    [pke_cat_k7_D16_H256_L2] step 39000 lr 2.50e-03 plateau mon 4.726 best 4.726@39000 since 0 (569s)
    [pke_cat_k7_D16_H256_L2] step 40000 lr 2.50e-03 plateau mon 4.732 best 4.726@39000 since 1 (583s)
    [pke_cat_k7_D16_H256_L2] step 41000 lr 2.50e-03 plateau mon 4.730 best 4.726@39000 since 2 (598s)
    [pke_cat_k7_D16_H256_L2] step 42000 lr 2.50e-03 plateau mon 4.758 best 4.726@39000 since 3 (613s)
    [pke_cat_k7_D16_H256_L2] step 43000 lr 2.50e-03 plateau mon 4.726 best 4.726@39000 since 4 (627s)
    [pke_cat_k7_D16_H256_L2] step 44000 lr 2.50e-03 plateau mon 4.732 best 4.726@39000 since 5 (642s)
    [pke_cat_k7_D16_H256_L2] step 45000 lr 2.50e-03 plateau mon 4.719 best 4.719@45000 since 0 (656s)
    [pke_cat_k7_D16_H256_L2] step 46000 lr 2.50e-03 plateau mon 4.731 best 4.719@45000 since 1 (671s)
    [pke_cat_k7_D16_H256_L2] step 47000 lr 2.50e-03 plateau mon 4.717 best 4.717@47000 since 0 (685s)
    [pke_cat_k7_D16_H256_L2] step 48000 lr 2.50e-03 plateau mon 4.731 best 4.717@47000 since 1 (700s)
    [pke_cat_k7_D16_H256_L2] step 49000 lr 2.50e-03 plateau mon 4.740 best 4.717@47000 since 2 (714s)
    [pke_cat_k7_D16_H256_L2] step 50000 lr 2.50e-03 plateau mon 4.715 best 4.715@50000 since 0 (729s)
    [pke_cat_k7_D16_H256_L2] step 51000 lr 2.50e-03 plateau mon 4.703 best 4.703@51000 since 0 (744s)
    [pke_cat_k7_D16_H256_L2] step 52000 lr 2.50e-03 plateau mon 4.718 best 4.703@51000 since 1 (758s)
    [pke_cat_k7_D16_H256_L2] step 53000 lr 2.50e-03 plateau mon 4.728 best 4.703@51000 since 2 (773s)
    [pke_cat_k7_D16_H256_L2] step 54000 lr 2.50e-03 plateau mon 4.716 best 4.703@51000 since 3 (787s)
    [pke_cat_k7_D16_H256_L2] step 55000 lr 2.50e-03 plateau mon 4.717 best 4.703@51000 since 4 (802s)
    [pke_cat_k7_D16_H256_L2] step 56000 lr 2.50e-03 plateau mon 4.716 best 4.703@51000 since 5 (817s)
    [pke_cat_k7_D16_H256_L2] step 57000 lr 2.50e-03 plateau mon 4.733 best 4.703@51000 since 6 (831s)
    [pke_cat_k7_D16_H256_L2] step 58000 lr 2.50e-03 plateau mon 4.715 best 4.703@51000 since 7 (846s)
    [pke_cat_k7_D16_H256_L2] step 59000 lr 2.50e-03 plateau mon 4.713 best 4.703@51000 since 8 (860s)
    [pke_cat_k7_D16_H256_L2] -> DECAY triggered at step 59000
    [pke_cat_k7_D16_H256_L2] step 60000 lr 2.26e-03 decay mon 4.713 best 4.703@51000 since 9 (875s)
    [pke_cat_k7_D16_H256_L2] step 61000 lr 1.64e-03 decay mon 4.685 best 4.685@61000 since 0 (889s)
    [pke_cat_k7_D16_H256_L2] step 62000 lr 8.78e-04 decay mon 4.682 best 4.682@62000 since 0 (904s)
    [pke_cat_k7_D16_H256_L2] step 63000 lr 2.57e-04 decay mon 4.662 best 4.662@63000 since 0 (919s)
    [pke_cat_k7_D16_H256_L2] step 64000 lr 2.00e-05 decay mon 4.652 best 4.652@64000 since 0 (933s)
  DONE standalone/pke_cat_k7_D16_H256_L2/seed0: 130.3KB (i8 112.3+pke 15.75+f32 2.3) float 4.278 int8 ppl 4.298 t1 0.577 t3 0.779 | best@64000 decayed mon 4.652 [appended]
  RUN  standalone/pke_cat_k12_D8_H256_L2/seed0 (train-to-convergence B=512 L=96)
    [pke_cat_k12_D8_H256_L2] step 1000 lr 2.50e-03 plateau mon 6.996 best 6.996@1000 since 0 (21s)
    [pke_cat_k12_D8_H256_L2] step 2000 lr 2.50e-03 plateau mon 5.313 best 5.313@2000 since 0 (43s)
    [pke_cat_k12_D8_H256_L2] step 3000 lr 2.50e-03 plateau mon 5.006 best 5.006@3000 since 0 (64s)
    [pke_cat_k12_D8_H256_L2] step 4000 lr 2.50e-03 plateau mon 4.902 best 4.902@4000 since 0 (86s)
    [pke_cat_k12_D8_H256_L2] step 5000 lr 2.50e-03 plateau mon 4.821 best 4.821@5000 since 0 (107s)
    [pke_cat_k12_D8_H256_L2] step 6000 lr 2.50e-03 plateau mon 4.756 best 4.756@6000 since 0 (128s)
    [pke_cat_k12_D8_H256_L2] step 7000 lr 2.50e-03 plateau mon 4.735 best 4.735@7000 since 0 (150s)
    [pke_cat_k12_D8_H256_L2] step 8000 lr 2.50e-03 plateau mon 4.700 best 4.700@8000 since 0 (171s)
    [pke_cat_k12_D8_H256_L2] step 9000 lr 2.50e-03 plateau mon 4.659 best 4.659@9000 since 0 (192s)
    [pke_cat_k12_D8_H256_L2] step 10000 lr 2.50e-03 plateau mon 4.648 best 4.648@10000 since 0 (214s)
    [pke_cat_k12_D8_H256_L2] step 11000 lr 2.50e-03 plateau mon 4.630 best 4.630@11000 since 0 (235s)
    [pke_cat_k12_D8_H256_L2] step 12000 lr 2.50e-03 plateau mon 4.607 best 4.607@12000 since 0 (256s)
    [pke_cat_k12_D8_H256_L2] step 13000 lr 2.50e-03 plateau mon 4.599 best 4.599@13000 since 0 (278s)
    [pke_cat_k12_D8_H256_L2] step 14000 lr 2.50e-03 plateau mon 4.565 best 4.565@14000 since 0 (299s)
    [pke_cat_k12_D8_H256_L2] step 15000 lr 2.50e-03 plateau mon 4.564 best 4.565@14000 since 1 (321s)
    [pke_cat_k12_D8_H256_L2] step 16000 lr 2.50e-03 plateau mon 4.556 best 4.556@16000 since 0 (342s)
    [pke_cat_k12_D8_H256_L2] step 17000 lr 2.50e-03 plateau mon 4.575 best 4.556@16000 since 1 (363s)
    [pke_cat_k12_D8_H256_L2] step 18000 lr 2.50e-03 plateau mon 4.527 best 4.527@18000 since 0 (385s)
    [pke_cat_k12_D8_H256_L2] step 19000 lr 2.50e-03 plateau mon 4.530 best 4.527@18000 since 1 (406s)
    [pke_cat_k12_D8_H256_L2] step 20000 lr 2.50e-03 plateau mon 4.540 best 4.527@18000 since 2 (427s)
    [pke_cat_k12_D8_H256_L2] step 21000 lr 2.50e-03 plateau mon 4.533 best 4.527@18000 since 3 (449s)
    [pke_cat_k12_D8_H256_L2] step 22000 lr 2.50e-03 plateau mon 4.502 best 4.502@22000 since 0 (470s)
    [pke_cat_k12_D8_H256_L2] step 23000 lr 2.50e-03 plateau mon 4.515 best 4.502@22000 since 1 (491s)
    [pke_cat_k12_D8_H256_L2] step 24000 lr 2.50e-03 plateau mon 4.504 best 4.502@22000 since 2 (513s)
    [pke_cat_k12_D8_H256_L2] step 25000 lr 2.50e-03 plateau mon 4.512 best 4.502@22000 since 3 (534s)
    [pke_cat_k12_D8_H256_L2] step 26000 lr 2.50e-03 plateau mon 4.530 best 4.502@22000 since 4 (555s)
    [pke_cat_k12_D8_H256_L2] step 27000 lr 2.50e-03 plateau mon 4.497 best 4.497@27000 since 0 (577s)
    [pke_cat_k12_D8_H256_L2] step 28000 lr 2.50e-03 plateau mon 4.510 best 4.497@27000 since 1 (598s)
    [pke_cat_k12_D8_H256_L2] step 29000 lr 2.50e-03 plateau mon 4.494 best 4.494@29000 since 0 (619s)
    [pke_cat_k12_D8_H256_L2] step 30000 lr 2.50e-03 plateau mon 4.495 best 4.494@29000 since 1 (641s)
    [pke_cat_k12_D8_H256_L2] step 31000 lr 2.50e-03 plateau mon 4.496 best 4.494@29000 since 2 (662s)
    [pke_cat_k12_D8_H256_L2] step 32000 lr 2.50e-03 plateau mon 4.489 best 4.489@32000 since 0 (683s)
    [pke_cat_k12_D8_H256_L2] step 33000 lr 2.50e-03 plateau mon 4.494 best 4.489@32000 since 1 (705s)
    [pke_cat_k12_D8_H256_L2] step 34000 lr 2.50e-03 plateau mon 4.496 best 4.489@32000 since 2 (726s)
    [pke_cat_k12_D8_H256_L2] step 35000 lr 2.50e-03 plateau mon 4.476 best 4.476@35000 since 0 (748s)
    [pke_cat_k12_D8_H256_L2] step 36000 lr 2.50e-03 plateau mon 4.490 best 4.476@35000 since 1 (769s)
    [pke_cat_k12_D8_H256_L2] step 37000 lr 2.50e-03 plateau mon 4.501 best 4.476@35000 since 2 (790s)
    [pke_cat_k12_D8_H256_L2] step 38000 lr 2.50e-03 plateau mon 4.477 best 4.476@35000 since 3 (812s)
    [pke_cat_k12_D8_H256_L2] step 39000 lr 2.50e-03 plateau mon 4.477 best 4.476@35000 since 4 (833s)
    [pke_cat_k12_D8_H256_L2] step 40000 lr 2.50e-03 plateau mon 4.471 best 4.471@40000 since 0 (854s)
    [pke_cat_k12_D8_H256_L2] step 41000 lr 2.50e-03 plateau mon 4.476 best 4.471@40000 since 1 (876s)
    [pke_cat_k12_D8_H256_L2] step 42000 lr 2.50e-03 plateau mon 4.483 best 4.471@40000 since 2 (897s)
    [pke_cat_k12_D8_H256_L2] step 43000 lr 2.50e-03 plateau mon 4.486 best 4.471@40000 since 3 (918s)
    [pke_cat_k12_D8_H256_L2] step 44000 lr 2.50e-03 plateau mon 4.475 best 4.471@40000 since 4 (940s)
    [pke_cat_k12_D8_H256_L2] step 45000 lr 2.50e-03 plateau mon 4.477 best 4.471@40000 since 5 (961s)
    [pke_cat_k12_D8_H256_L2] step 46000 lr 2.50e-03 plateau mon 4.470 best 4.471@40000 since 6 (982s)
    [pke_cat_k12_D8_H256_L2] step 47000 lr 2.50e-03 plateau mon 4.471 best 4.471@40000 since 7 (1004s)
    [pke_cat_k12_D8_H256_L2] step 48000 lr 2.50e-03 plateau mon 4.484 best 4.471@40000 since 8 (1025s)
    [pke_cat_k12_D8_H256_L2] -> DECAY triggered at step 48000
    [pke_cat_k12_D8_H256_L2] step 49000 lr 2.26e-03 decay mon 4.459 best 4.459@49000 since 0 (1046s)
    [pke_cat_k12_D8_H256_L2] step 50000 lr 1.64e-03 decay mon 4.449 best 4.449@50000 since 0 (1068s)
    [pke_cat_k12_D8_H256_L2] step 51000 lr 8.78e-04 decay mon 4.414 best 4.414@51000 since 0 (1089s)
    [pke_cat_k12_D8_H256_L2] step 52000 lr 2.57e-04 decay mon 4.418 best 4.414@51000 since 1 (1110s)
    [pke_cat_k12_D8_H256_L2] step 53000 lr 2.00e-05 decay mon 4.411 best 4.411@53000 since 0 (1132s)
  DONE standalone/pke_cat_k12_D8_H256_L2/seed0: 124.1KB (i8 108.3+pke 13.50+f32 2.3) float 4.366 int8 ppl 4.379 t1 0.572 t3 0.777 | best@53000 decayed mon 4.411 [appended]
  RUN  standalone/pke_sum_k7_D16_H128_L1/seed0 (train-to-convergence B=512 L=96)
    [pke_sum_k7_D16_H128_L1] step 1000 lr 2.50e-03 plateau mon 8.661 best 8.661@1000 since 0 (12s)
    [pke_sum_k7_D16_H128_L1] step 2000 lr 2.50e-03 plateau mon 7.439 best 7.439@2000 since 0 (23s)
    [pke_sum_k7_D16_H128_L1] step 3000 lr 2.50e-03 plateau mon 7.099 best 7.099@3000 since 0 (35s)
    [pke_sum_k7_D16_H128_L1] step 4000 lr 2.50e-03 plateau mon 6.944 best 6.944@4000 since 0 (47s)
    [pke_sum_k7_D16_H128_L1] step 5000 lr 2.50e-03 plateau mon 6.877 best 6.877@5000 since 0 (58s)
    [pke_sum_k7_D16_H128_L1] step 6000 lr 2.50e-03 plateau mon 6.819 best 6.819@6000 since 0 (70s)
    [pke_sum_k7_D16_H128_L1] step 7000 lr 2.50e-03 plateau mon 6.780 best 6.780@7000 since 0 (82s)
    [pke_sum_k7_D16_H128_L1] step 8000 lr 2.50e-03 plateau mon 6.788 best 6.780@7000 since 1 (93s)
    [pke_sum_k7_D16_H128_L1] step 9000 lr 2.50e-03 plateau mon 6.761 best 6.761@9000 since 0 (104s)
    [pke_sum_k7_D16_H128_L1] step 10000 lr 2.50e-03 plateau mon 6.751 best 6.751@10000 since 0 (115s)
    [pke_sum_k7_D16_H128_L1] step 11000 lr 2.50e-03 plateau mon 6.734 best 6.734@11000 since 0 (126s)
    [pke_sum_k7_D16_H128_L1] step 12000 lr 2.50e-03 plateau mon 6.709 best 6.709@12000 since 0 (138s)
    [pke_sum_k7_D16_H128_L1] step 13000 lr 2.50e-03 plateau mon 6.684 best 6.684@13000 since 0 (148s)
    [pke_sum_k7_D16_H128_L1] step 14000 lr 2.50e-03 plateau mon 6.684 best 6.684@13000 since 1 (159s)
    [pke_sum_k7_D16_H128_L1] step 15000 lr 2.50e-03 plateau mon 6.679 best 6.679@15000 since 0 (170s)
    [pke_sum_k7_D16_H128_L1] step 16000 lr 2.50e-03 plateau mon 6.676 best 6.676@16000 since 0 (181s)
    [pke_sum_k7_D16_H128_L1] step 17000 lr 2.50e-03 plateau mon 6.655 best 6.655@17000 since 0 (193s)
    [pke_sum_k7_D16_H128_L1] step 18000 lr 2.50e-03 plateau mon 6.656 best 6.655@17000 since 1 (204s)
    [pke_sum_k7_D16_H128_L1] step 19000 lr 2.50e-03 plateau mon 6.621 best 6.621@19000 since 0 (216s)
    [pke_sum_k7_D16_H128_L1] step 20000 lr 2.50e-03 plateau mon 6.640 best 6.621@19000 since 1 (227s)
    [pke_sum_k7_D16_H128_L1] step 21000 lr 2.50e-03 plateau mon 6.628 best 6.621@19000 since 2 (239s)
    [pke_sum_k7_D16_H128_L1] step 22000 lr 2.50e-03 plateau mon 6.601 best 6.601@22000 since 0 (250s)
    [pke_sum_k7_D16_H128_L1] step 23000 lr 2.50e-03 plateau mon 6.630 best 6.601@22000 since 1 (262s)
    [pke_sum_k7_D16_H128_L1] step 24000 lr 2.50e-03 plateau mon 6.595 best 6.595@24000 since 0 (274s)
    [pke_sum_k7_D16_H128_L1] step 25000 lr 2.50e-03 plateau mon 6.611 best 6.595@24000 since 1 (285s)
    [pke_sum_k7_D16_H128_L1] step 26000 lr 2.50e-03 plateau mon 6.599 best 6.595@24000 since 2 (297s)
    [pke_sum_k7_D16_H128_L1] step 27000 lr 2.50e-03 plateau mon 6.619 best 6.595@24000 since 3 (309s)
    [pke_sum_k7_D16_H128_L1] step 28000 lr 2.50e-03 plateau mon 6.594 best 6.595@24000 since 4 (320s)
    [pke_sum_k7_D16_H128_L1] step 29000 lr 2.50e-03 plateau mon 6.602 best 6.595@24000 since 5 (332s)
    [pke_sum_k7_D16_H128_L1] step 30000 lr 2.50e-03 plateau mon 6.581 best 6.581@30000 since 0 (343s)
    [pke_sum_k7_D16_H128_L1] step 31000 lr 2.50e-03 plateau mon 6.577 best 6.577@31000 since 0 (354s)
    [pke_sum_k7_D16_H128_L1] step 32000 lr 2.50e-03 plateau mon 6.579 best 6.577@31000 since 1 (365s)
    [pke_sum_k7_D16_H128_L1] step 33000 lr 2.50e-03 plateau mon 6.579 best 6.577@31000 since 2 (376s)
    [pke_sum_k7_D16_H128_L1] step 34000 lr 2.50e-03 plateau mon 6.571 best 6.571@34000 since 0 (387s)
    [pke_sum_k7_D16_H128_L1] step 35000 lr 2.50e-03 plateau mon 6.571 best 6.571@34000 since 1 (398s)
    [pke_sum_k7_D16_H128_L1] step 36000 lr 2.50e-03 plateau mon 6.575 best 6.571@34000 since 2 (410s)
    [pke_sum_k7_D16_H128_L1] step 37000 lr 2.50e-03 plateau mon 6.551 best 6.551@37000 since 0 (422s)
    [pke_sum_k7_D16_H128_L1] step 38000 lr 2.50e-03 plateau mon 6.560 best 6.551@37000 since 1 (433s)
    [pke_sum_k7_D16_H128_L1] step 39000 lr 2.50e-03 plateau mon 6.536 best 6.536@39000 since 0 (445s)
    [pke_sum_k7_D16_H128_L1] step 40000 lr 2.50e-03 plateau mon 6.564 best 6.536@39000 since 1 (457s)
    [pke_sum_k7_D16_H128_L1] step 41000 lr 2.50e-03 plateau mon 6.546 best 6.536@39000 since 2 (468s)
    [pke_sum_k7_D16_H128_L1] step 42000 lr 2.50e-03 plateau mon 6.545 best 6.536@39000 since 3 (480s)
    [pke_sum_k7_D16_H128_L1] step 43000 lr 2.50e-03 plateau mon 6.538 best 6.536@39000 since 4 (492s)
    [pke_sum_k7_D16_H128_L1] step 44000 lr 2.50e-03 plateau mon 6.552 best 6.536@39000 since 5 (503s)
    [pke_sum_k7_D16_H128_L1] step 45000 lr 2.50e-03 plateau mon 6.541 best 6.536@39000 since 6 (515s)
    [pke_sum_k7_D16_H128_L1] step 46000 lr 2.50e-03 plateau mon 6.556 best 6.536@39000 since 7 (526s)
    [pke_sum_k7_D16_H128_L1] step 47000 lr 2.50e-03 plateau mon 6.560 best 6.536@39000 since 8 (537s)
    [pke_sum_k7_D16_H128_L1] -> DECAY triggered at step 47000
    [pke_sum_k7_D16_H128_L1] step 48000 lr 2.26e-03 decay mon 6.539 best 6.536@39000 since 9 (548s)
    [pke_sum_k7_D16_H128_L1] step 49000 lr 1.64e-03 decay mon 6.534 best 6.534@49000 since 0 (559s)
    [pke_sum_k7_D16_H128_L1] step 50000 lr 8.78e-04 decay mon 6.501 best 6.501@50000 since 0 (570s)
    [pke_sum_k7_D16_H128_L1] step 51000 lr 2.57e-04 decay mon 6.498 best 6.498@51000 since 0 (581s)
    [pke_sum_k7_D16_H128_L1] step 52000 lr 2.00e-05 decay mon 6.495 best 6.495@52000 since 0 (593s)
  DONE standalone/pke_sum_k7_D16_H128_L1/seed0: 28.3KB (i8 11.8+pke 15.75+f32 0.8) float 6.705 int8 ppl 6.713 t1 0.464 t3 0.689 | best@52000 decayed mon 6.495 [appended]
  RUN  standalone/pke_sum_k7_D32_H512_L3/seed0 (train-to-convergence B=512 L=96)
    [pke_sum_k7_D32_H512_L3] step 1000 lr 2.50e-03 plateau mon 5.645 best 5.645@1000 since 0 (32s)
    [pke_sum_k7_D32_H512_L3] step 2000 lr 2.50e-03 plateau mon 4.559 best 4.559@2000 since 0 (64s)
    [pke_sum_k7_D32_H512_L3] step 3000 lr 2.50e-03 plateau mon 4.306 best 4.306@3000 since 0 (96s)
    [pke_sum_k7_D32_H512_L3] step 4000 lr 2.50e-03 plateau mon 4.217 best 4.217@4000 since 0 (127s)
    [pke_sum_k7_D32_H512_L3] step 5000 lr 2.50e-03 plateau mon 4.149 best 4.149@5000 since 0 (158s)
    [pke_sum_k7_D32_H512_L3] step 6000 lr 2.50e-03 plateau mon 4.073 best 4.073@6000 since 0 (189s)
    [pke_sum_k7_D32_H512_L3] step 7000 lr 2.50e-03 plateau mon 4.072 best 4.073@6000 since 1 (219s)
    [pke_sum_k7_D32_H512_L3] step 8000 lr 2.50e-03 plateau mon 4.043 best 4.043@8000 since 0 (250s)
    [pke_sum_k7_D32_H512_L3] step 9000 lr 2.50e-03 plateau mon 4.016 best 4.016@9000 since 0 (280s)
    [pke_sum_k7_D32_H512_L3] step 10000 lr 2.50e-03 plateau mon 4.000 best 4.000@10000 since 0 (311s)
    [pke_sum_k7_D32_H512_L3] step 11000 lr 2.50e-03 plateau mon 4.022 best 4.000@10000 since 1 (341s)
    [pke_sum_k7_D32_H512_L3] step 12000 lr 2.50e-03 plateau mon 4.021 best 4.000@10000 since 2 (372s)
    [pke_sum_k7_D32_H512_L3] step 13000 lr 2.50e-03 plateau mon 4.005 best 4.000@10000 since 3 (402s)
    [pke_sum_k7_D32_H512_L3] step 14000 lr 2.50e-03 plateau mon 4.003 best 4.000@10000 since 4 (433s)
    [pke_sum_k7_D32_H512_L3] step 15000 lr 2.50e-03 plateau mon 4.010 best 4.000@10000 since 5 (463s)
    [pke_sum_k7_D32_H512_L3] step 16000 lr 2.50e-03 plateau mon 4.004 best 4.000@10000 since 6 (493s)
    [pke_sum_k7_D32_H512_L3] step 17000 lr 2.50e-03 plateau mon 3.975 best 3.975@17000 since 0 (524s)
    [pke_sum_k7_D32_H512_L3] step 18000 lr 2.50e-03 plateau mon 4.007 best 3.975@17000 since 1 (554s)
    [pke_sum_k7_D32_H512_L3] step 19000 lr 2.50e-03 plateau mon 3.995 best 3.975@17000 since 2 (585s)
    [pke_sum_k7_D32_H512_L3] step 20000 lr 2.50e-03 plateau mon 4.021 best 3.975@17000 since 3 (615s)
    [pke_sum_k7_D32_H512_L3] step 21000 lr 2.50e-03 plateau mon 4.005 best 3.975@17000 since 4 (646s)
    [pke_sum_k7_D32_H512_L3] step 22000 lr 2.50e-03 plateau mon 3.998 best 3.975@17000 since 5 (676s)
    [pke_sum_k7_D32_H512_L3] step 23000 lr 2.50e-03 plateau mon 3.992 best 3.975@17000 since 6 (706s)
    [pke_sum_k7_D32_H512_L3] step 24000 lr 2.50e-03 plateau mon 4.001 best 3.975@17000 since 7 (737s)
    [pke_sum_k7_D32_H512_L3] step 25000 lr 2.50e-03 plateau mon 3.985 best 3.975@17000 since 8 (767s)
    [pke_sum_k7_D32_H512_L3] -> DECAY triggered at step 25000
    [pke_sum_k7_D32_H512_L3] step 26000 lr 2.26e-03 decay mon 3.987 best 3.975@17000 since 9 (798s)
    [pke_sum_k7_D32_H512_L3] step 27000 lr 1.64e-03 decay mon 3.951 best 3.951@27000 since 0 (828s)
    [pke_sum_k7_D32_H512_L3] step 28000 lr 8.78e-04 decay mon 3.933 best 3.933@28000 since 0 (859s)
    [pke_sum_k7_D32_H512_L3] step 29000 lr 2.57e-04 decay mon 3.898 best 3.898@29000 since 0 (889s)
    [pke_sum_k7_D32_H512_L3] step 30000 lr 2.00e-05 decay mon 3.887 best 3.887@30000 since 0 (920s)
  DONE standalone/pke_sum_k7_D32_H512_L3/seed0: 608.1KB (i8 570.3+pke 31.50+f32 6.3) float 3.831 int8 ppl 3.841 t1 0.612 t3 0.805 | best@30000 decayed mon 3.887 [appended]
run_pke: all requested work complete.
device cuda torch 2.10.0+cu130
train 19,625,263 val 432,739  eval 200x400 = 80,000 positions

=== PHASE sparse (train-to-convergence, patience 8) ===
  RUN  gru/sparse_k7_Dh112_nnz16_s170/seed0 (train-to-convergence B=512 L=96)
    [sparse_k7_Dh112_nnz16_s170] step 1000 lr 2.50e-03 plateau mon 5.548 best 5.548@1000 since 0 (169s)
    [sparse_k7_Dh112_nnz16_s170] step 2000 lr 2.50e-03 plateau mon 4.742 best 4.742@2000 since 0 (338s)
    [sparse_k7_Dh112_nnz16_s170] step 3000 lr 2.50e-03 plateau mon 4.504 best 4.504@3000 since 0 (505s)
    [sparse_k7_Dh112_nnz16_s170] step 4000 lr 2.50e-03 plateau mon 4.365 best 4.365@4000 since 0 (674s)
    [sparse_k7_Dh112_nnz16_s170] step 5000 lr 2.50e-03 plateau mon 4.259 best 4.259@5000 since 0 (840s)
    [sparse_k7_Dh112_nnz16_s170] step 6000 lr 2.50e-03 plateau mon 4.221 best 4.221@6000 since 0 (1011s)
    [sparse_k7_Dh112_nnz16_s170] step 7000 lr 2.50e-03 plateau mon 4.184 best 4.184@7000 since 0 (1178s)
    [sparse_k7_Dh112_nnz16_s170] step 8000 lr 2.50e-03 plateau mon 4.166 best 4.166@8000 since 0 (1348s)
    [sparse_k7_Dh112_nnz16_s170] step 9000 lr 2.50e-03 plateau mon 4.129 best 4.129@9000 since 0 (1515s)
    [sparse_k7_Dh112_nnz16_s170] step 10000 lr 2.50e-03 plateau mon 4.087 best 4.087@10000 since 0 (1685s)
    [sparse_k7_Dh112_nnz16_s170] step 11000 lr 2.50e-03 plateau mon 4.084 best 4.084@11000 since 0 (1854s)
    [sparse_k7_Dh112_nnz16_s170] step 12000 lr 2.50e-03 plateau mon 4.044 best 4.044@12000 since 0 (2019s)
    [sparse_k7_Dh112_nnz16_s170] step 13000 lr 2.50e-03 plateau mon 4.037 best 4.037@13000 since 0 (2188s)
    [sparse_k7_Dh112_nnz16_s170] step 14000 lr 2.50e-03 plateau mon 4.042 best 4.037@13000 since 1 (2355s)
    [sparse_k7_Dh112_nnz16_s170] step 15000 lr 2.50e-03 plateau mon 4.040 best 4.037@13000 since 2 (2524s)
    [sparse_k7_Dh112_nnz16_s170] step 16000 lr 2.50e-03 plateau mon 4.022 best 4.022@16000 since 0 (2692s)
    [sparse_k7_Dh112_nnz16_s170] step 17000 lr 2.50e-03 plateau mon 4.013 best 4.013@17000 since 0 (2862s)
    [sparse_k7_Dh112_nnz16_s170] step 18000 lr 2.50e-03 plateau mon 3.988 best 3.988@18000 since 0 (3027s)
    [sparse_k7_Dh112_nnz16_s170] step 19000 lr 2.50e-03 plateau mon 4.000 best 3.988@18000 since 1 (3197s)
    [sparse_k7_Dh112_nnz16_s170] step 20000 lr 2.50e-03 plateau mon 3.985 best 3.985@20000 since 0 (3363s)
    [sparse_k7_Dh112_nnz16_s170] step 21000 lr 2.50e-03 plateau mon 3.972 best 3.972@21000 since 0 (3533s)
    [sparse_k7_Dh112_nnz16_s170] step 22000 lr 2.50e-03 plateau mon 3.984 best 3.972@21000 since 1 (3699s)
    [sparse_k7_Dh112_nnz16_s170] step 23000 lr 2.50e-03 plateau mon 3.982 best 3.972@21000 since 2 (3869s)
    [sparse_k7_Dh112_nnz16_s170] step 24000 lr 2.50e-03 plateau mon 3.965 best 3.965@24000 since 0 (4038s)
    [sparse_k7_Dh112_nnz16_s170] step 25000 lr 2.50e-03 plateau mon 3.971 best 3.965@24000 since 1 (4206s)
    [sparse_k7_Dh112_nnz16_s170] step 26000 lr 2.50e-03 plateau mon 3.968 best 3.965@24000 since 2 (4376s)
    [sparse_k7_Dh112_nnz16_s170] step 27000 lr 2.50e-03 plateau mon 3.961 best 3.961@27000 since 0 (4545s)
    [sparse_k7_Dh112_nnz16_s170] step 28000 lr 2.50e-03 plateau mon 3.960 best 3.961@27000 since 1 (4714s)
    [sparse_k7_Dh112_nnz16_s170] step 29000 lr 2.50e-03 plateau mon 3.962 best 3.961@27000 since 2 (4883s)
    [sparse_k7_Dh112_nnz16_s170] step 30000 lr 2.50e-03 plateau mon 3.959 best 3.961@27000 since 3 (5049s)
    [sparse_k7_Dh112_nnz16_s170] step 31000 lr 2.50e-03 plateau mon 3.948 best 3.948@31000 since 0 (5219s)
    [sparse_k7_Dh112_nnz16_s170] step 32000 lr 2.50e-03 plateau mon 3.941 best 3.941@32000 since 0 (5387s)
    [sparse_k7_Dh112_nnz16_s170] step 33000 lr 2.50e-03 plateau mon 3.944 best 3.941@32000 since 1 (5555s)
    [sparse_k7_Dh112_nnz16_s170] step 34000 lr 2.50e-03 plateau mon 3.942 best 3.941@32000 since 2 (5724s)
    [sparse_k7_Dh112_nnz16_s170] step 35000 lr 2.50e-03 plateau mon 3.940 best 3.941@32000 since 3 (5892s)
    [sparse_k7_Dh112_nnz16_s170] step 36000 lr 2.50e-03 plateau mon 3.943 best 3.941@32000 since 4 (6060s)
    [sparse_k7_Dh112_nnz16_s170] step 37000 lr 2.50e-03 plateau mon 3.927 best 3.927@37000 since 0 (6228s)
    [sparse_k7_Dh112_nnz16_s170] step 38000 lr 2.50e-03 plateau mon 3.933 best 3.927@37000 since 1 (6395s)
    [sparse_k7_Dh112_nnz16_s170] step 39000 lr 2.50e-03 plateau mon 3.951 best 3.927@37000 since 2 (6564s)
    [sparse_k7_Dh112_nnz16_s170] step 40000 lr 2.50e-03 plateau mon 3.936 best 3.927@37000 since 3 (6730s)
    [sparse_k7_Dh112_nnz16_s170] step 41000 lr 2.50e-03 plateau mon 3.931 best 3.927@37000 since 4 (6900s)
    [sparse_k7_Dh112_nnz16_s170] step 42000 lr 2.50e-03 plateau mon 3.932 best 3.927@37000 since 5 (7066s)
    [sparse_k7_Dh112_nnz16_s170] step 43000 lr 2.50e-03 plateau mon 3.940 best 3.927@37000 since 6 (7236s)
    [sparse_k7_Dh112_nnz16_s170] step 44000 lr 2.50e-03 plateau mon 3.927 best 3.927@37000 since 7 (7400s)
    [sparse_k7_Dh112_nnz16_s170] step 45000 lr 2.50e-03 plateau mon 3.915 best 3.915@45000 since 0 (7569s)
    [sparse_k7_Dh112_nnz16_s170] step 46000 lr 2.50e-03 plateau mon 3.923 best 3.915@45000 since 1 (7738s)
    [sparse_k7_Dh112_nnz16_s170] step 47000 lr 2.50e-03 plateau mon 3.922 best 3.915@45000 since 2 (7906s)
    [sparse_k7_Dh112_nnz16_s170] step 48000 lr 2.50e-03 plateau mon 3.940 best 3.915@45000 since 3 (8076s)
    [sparse_k7_Dh112_nnz16_s170] step 49000 lr 2.50e-03 plateau mon 3.934 best 3.915@45000 since 4 (8243s)
    [sparse_k7_Dh112_nnz16_s170] step 50000 lr 2.50e-03 plateau mon 3.929 best 3.915@45000 since 5 (8413s)
    [sparse_k7_Dh112_nnz16_s170] step 51000 lr 2.50e-03 plateau mon 3.925 best 3.915@45000 since 6 (8579s)
    [sparse_k7_Dh112_nnz16_s170] step 52000 lr 2.50e-03 plateau mon 3.909 best 3.909@52000 since 0 (8749s)
    [sparse_k7_Dh112_nnz16_s170] step 53000 lr 2.50e-03 plateau mon 3.913 best 3.909@52000 since 1 (8915s)
    [sparse_k7_Dh112_nnz16_s170] step 54000 lr 2.50e-03 plateau mon 3.904 best 3.904@54000 since 0 (9085s)
    [sparse_k7_Dh112_nnz16_s170] step 55000 lr 2.50e-03 plateau mon 3.895 best 3.895@55000 since 0 (9252s)
    [sparse_k7_Dh112_nnz16_s170] step 56000 lr 2.50e-03 plateau mon 3.927 best 3.895@55000 since 1 (9421s)
    [sparse_k7_Dh112_nnz16_s170] step 57000 lr 2.50e-03 plateau mon 3.906 best 3.895@55000 since 2 (9589s)
    [sparse_k7_Dh112_nnz16_s170] step 58000 lr 2.50e-03 plateau mon 3.908 best 3.895@55000 since 3 (9757s)
    [sparse_k7_Dh112_nnz16_s170] step 59000 lr 2.50e-03 plateau mon 3.936 best 3.895@55000 since 4 (9919s)
    [sparse_k7_Dh112_nnz16_s170] step 60000 lr 2.50e-03 plateau mon 3.901 best 3.895@55000 since 5 (10089s)
    [sparse_k7_Dh112_nnz16_s170] step 61000 lr 2.50e-03 plateau mon 3.923 best 3.895@55000 since 6 (10255s)
    [sparse_k7_Dh112_nnz16_s170] step 62000 lr 2.50e-03 plateau mon 3.924 best 3.895@55000 since 7 (10421s)
    [sparse_k7_Dh112_nnz16_s170] step 63000 lr 2.50e-03 plateau mon 3.908 best 3.895@55000 since 8 (10590s)
    [sparse_k7_Dh112_nnz16_s170] -> DECAY triggered at step 63000
    [sparse_k7_Dh112_nnz16_s170] step 64000 lr 2.26e-03 decay mon 3.883 best 3.883@64000 since 0 (10756s)
    [sparse_k7_Dh112_nnz16_s170] step 65000 lr 1.64e-03 decay mon 3.878 best 3.878@65000 since 0 (10926s)
    [sparse_k7_Dh112_nnz16_s170] step 66000 lr 8.78e-04 decay mon 3.860 best 3.860@66000 since 0 (11092s)
    [sparse_k7_Dh112_nnz16_s170] step 67000 lr 2.57e-04 decay mon 3.834 best 3.834@67000 since 0 (11261s)
    [sparse_k7_Dh112_nnz16_s170] step 68000 lr 2.00e-05 decay mon 3.830 best 3.830@68000 since 0 (11427s)
C:\Users\Timeroot\AppData\Local\Packages\PythonSoftwareFoundation.Python.3.13_qbz5n2kfra8p0\LocalCache\local-packages\Python313\site-packages\torch\nn\modules\rnn.py:1415: UserWarning: RNN module weights are not part of single contiguous chunk of memory. This means they need to be compacted at every call, possibly greatly increasing memory usage. To compact weights again call flatten_parameters(). (Triggered internally at C:\actions-runner\_work\pytorch\pytorch\pytorch\aten\src\ATen\native\cudnn\RNN.cpp:1480.)
  result = _VF.gru(
  DONE gru/sparse_k7_Dh112_nnz16_s170/seed0: 200.6KB (i8 158.9+pke 22.64+f32 19.0) float 3.798 int8 ppl 18.069 t1 0.269 t3 0.516 | best@68000 decayed mon 3.830 [appended]
  RUN  gru/sparse_k7_Dh112_nnz8_s170/seed0 (train-to-convergence B=512 L=96)
    [sparse_k7_Dh112_nnz8_s170] step 1000 lr 2.50e-03 plateau mon 5.574 best 5.574@1000 since 0 (169s)
    [sparse_k7_Dh112_nnz8_s170] step 2000 lr 2.50e-03 plateau mon 4.736 best 4.736@2000 since 0 (338s)
    [sparse_k7_Dh112_nnz8_s170] step 3000 lr 2.50e-03 plateau mon 4.489 best 4.489@3000 since 0 (507s)
    [sparse_k7_Dh112_nnz8_s170] step 4000 lr 2.50e-03 plateau mon 4.358 best 4.358@4000 since 0 (677s)
    [sparse_k7_Dh112_nnz8_s170] step 5000 lr 2.50e-03 plateau mon 4.261 best 4.261@5000 since 0 (846s)
    [sparse_k7_Dh112_nnz8_s170] step 6000 lr 2.50e-03 plateau mon 4.202 best 4.202@6000 since 0 (1016s)
    [sparse_k7_Dh112_nnz8_s170] step 7000 lr 2.50e-03 plateau mon 4.153 best 4.153@7000 since 0 (1183s)
    [sparse_k7_Dh112_nnz8_s170] step 8000 lr 2.50e-03 plateau mon 4.139 best 4.139@8000 since 0 (1352s)
    [sparse_k7_Dh112_nnz8_s170] step 9000 lr 2.50e-03 plateau mon 4.111 best 4.111@9000 since 0 (1521s)
    [sparse_k7_Dh112_nnz8_s170] step 10000 lr 2.50e-03 plateau mon 4.067 best 4.067@10000 since 0 (1688s)
    [sparse_k7_Dh112_nnz8_s170] step 11000 lr 2.50e-03 plateau mon 4.058 best 4.058@11000 since 0 (1858s)
    [sparse_k7_Dh112_nnz8_s170] step 12000 lr 2.50e-03 plateau mon 4.026 best 4.026@12000 since 0 (2025s)
    [sparse_k7_Dh112_nnz8_s170] step 13000 lr 2.50e-03 plateau mon 4.024 best 4.024@13000 since 0 (2195s)
    [sparse_k7_Dh112_nnz8_s170] step 14000 lr 2.50e-03 plateau mon 4.029 best 4.024@13000 since 1 (2362s)
    [sparse_k7_Dh112_nnz8_s170] step 15000 lr 2.50e-03 plateau mon 4.018 best 4.018@15000 since 0 (2531s)
    [sparse_k7_Dh112_nnz8_s170] step 16000 lr 2.50e-03 plateau mon 4.025 best 4.018@15000 since 1 (2698s)
    [sparse_k7_Dh112_nnz8_s170] step 17000 lr 2.50e-03 plateau mon 4.008 best 4.008@17000 since 0 (2868s)
    [sparse_k7_Dh112_nnz8_s170] step 18000 lr 2.50e-03 plateau mon 3.991 best 3.991@18000 since 0 (3034s)
    [sparse_k7_Dh112_nnz8_s170] step 19000 lr 2.50e-03 plateau mon 3.989 best 3.991@18000 since 1 (3203s)
    [sparse_k7_Dh112_nnz8_s170] step 20000 lr 2.50e-03 plateau mon 3.979 best 3.979@20000 since 0 (3370s)
    [sparse_k7_Dh112_nnz8_s170] step 21000 lr 2.50e-03 plateau mon 3.978 best 3.979@20000 since 1 (3539s)
    [sparse_k7_Dh112_nnz8_s170] step 22000 lr 2.50e-03 plateau mon 3.992 best 3.979@20000 since 2 (3706s)
    [sparse_k7_Dh112_nnz8_s170] step 23000 lr 2.50e-03 plateau mon 3.963 best 3.963@23000 since 0 (3875s)
    [sparse_k7_Dh112_nnz8_s170] step 24000 lr 2.50e-03 plateau mon 3.958 best 3.958@24000 since 0 (4043s)
    [sparse_k7_Dh112_nnz8_s170] step 25000 lr 2.50e-03 plateau mon 3.969 best 3.958@24000 since 1 (4209s)
    [sparse_k7_Dh112_nnz8_s170] step 26000 lr 2.50e-03 plateau mon 3.960 best 3.958@24000 since 2 (4375s)
    [sparse_k7_Dh112_nnz8_s170] step 27000 lr 2.50e-03 plateau mon 3.941 best 3.941@27000 since 0 (4543s)
    [sparse_k7_Dh112_nnz8_s170] step 28000 lr 2.50e-03 plateau mon 3.949 best 3.941@27000 since 1 (4710s)
    [sparse_k7_Dh112_nnz8_s170] step 29000 lr 2.50e-03 plateau mon 3.950 best 3.941@27000 since 2 (4876s)
    [sparse_k7_Dh112_nnz8_s170] step 30000 lr 2.50e-03 plateau mon 3.944 best 3.941@27000 since 3 (5045s)
    [sparse_k7_Dh112_nnz8_s170] step 31000 lr 2.50e-03 plateau mon 3.938 best 3.938@31000 since 0 (5209s)
    [sparse_k7_Dh112_nnz8_s170] step 32000 lr 2.50e-03 plateau mon 3.915 best 3.915@32000 since 0 (5380s)
    [sparse_k7_Dh112_nnz8_s170] step 33000 lr 2.50e-03 plateau mon 3.930 best 3.915@32000 since 1 (5543s)
    [sparse_k7_Dh112_nnz8_s170] step 34000 lr 2.50e-03 plateau mon 3.934 best 3.915@32000 since 2 (5713s)
    [sparse_k7_Dh112_nnz8_s170] step 35000 lr 2.50e-03 plateau mon 3.937 best 3.915@32000 since 3 (5879s)
    [sparse_k7_Dh112_nnz8_s170] step 36000 lr 2.50e-03 plateau mon 3.943 best 3.915@32000 since 4 (6049s)
    [sparse_k7_Dh112_nnz8_s170] step 37000 lr 2.50e-03 plateau mon 3.925 best 3.915@32000 since 5 (6217s)
    [sparse_k7_Dh112_nnz8_s170] step 38000 lr 2.50e-03 plateau mon 3.934 best 3.915@32000 since 6 (6386s)
    [sparse_k7_Dh112_nnz8_s170] step 39000 lr 2.50e-03 plateau mon 3.941 best 3.915@32000 since 7 (6556s)
    [sparse_k7_Dh112_nnz8_s170] step 40000 lr 2.50e-03 plateau mon 3.923 best 3.915@32000 since 8 (6724s)
    [sparse_k7_Dh112_nnz8_s170] -> DECAY triggered at step 40000
    [sparse_k7_Dh112_nnz8_s170] step 41000 lr 2.26e-03 decay mon 3.912 best 3.912@41000 since 0 (6894s)
    [sparse_k7_Dh112_nnz8_s170] step 42000 lr 1.64e-03 decay mon 3.912 best 3.912@41000 since 1 (7062s)
    [sparse_k7_Dh112_nnz8_s170] step 43000 lr 8.78e-04 decay mon 3.888 best 3.888@43000 since 0 (7231s)
    [sparse_k7_Dh112_nnz8_s170] step 44000 lr 2.57e-04 decay mon 3.848 best 3.848@44000 since 0 (7400s)
    [sparse_k7_Dh112_nnz8_s170] step 45000 lr 2.00e-05 decay mon 3.842 best 3.842@45000 since 0 (7569s)
  DONE gru/sparse_k7_Dh112_nnz8_s170/seed0: 192.7KB (i8 158.9+pke 14.77+f32 19.0) float 3.822 int8 ppl 58.053 t1 0.161 t3 0.344 | best@45000 decayed mon 3.842 [appended]
  RUN  gru/sparse_k7_Dh224_nnz16_s170/seed0 (train-to-convergence B=512 L=96)
    [sparse_k7_Dh224_nnz16_s170] step 1000 lr 2.50e-03 plateau mon 5.800 best 5.800@1000 since 0 (185s)
    [sparse_k7_Dh224_nnz16_s170] step 2000 lr 2.50e-03 plateau mon 4.972 best 4.972@2000 since 0 (372s)
    [sparse_k7_Dh224_nnz16_s170] step 3000 lr 2.50e-03 plateau mon 4.712 best 4.712@3000 since 0 (557s)
    [sparse_k7_Dh224_nnz16_s170] step 4000 lr 2.50e-03 plateau mon 4.618 best 4.618@4000 since 0 (741s)
    [sparse_k7_Dh224_nnz16_s170] step 5000 lr 2.50e-03 plateau mon 4.506 best 4.506@5000 since 0 (928s)
    [sparse_k7_Dh224_nnz16_s170] step 6000 lr 2.50e-03 plateau mon 4.453 best 4.453@6000 since 0 (1114s)
    [sparse_k7_Dh224_nnz16_s170] step 7000 lr 2.50e-03 plateau mon 4.433 best 4.433@7000 since 0 (1301s)
    [sparse_k7_Dh224_nnz16_s170] step 8000 lr 2.50e-03 plateau mon 4.398 best 4.398@8000 since 0 (1487s)
    [sparse_k7_Dh224_nnz16_s170] step 9000 lr 2.50e-03 plateau mon 4.368 best 4.368@9000 since 0 (1672s)
    [sparse_k7_Dh224_nnz16_s170] step 10000 lr 2.50e-03 plateau mon 4.356 best 4.356@10000 since 0 (1859s)
    [sparse_k7_Dh224_nnz16_s170] step 11000 lr 2.50e-03 plateau mon 4.344 best 4.344@11000 since 0 (2045s)
    [sparse_k7_Dh224_nnz16_s170] step 12000 lr 2.50e-03 plateau mon 4.320 best 4.320@12000 since 0 (2229s)
    [sparse_k7_Dh224_nnz16_s170] step 13000 lr 2.50e-03 plateau mon 4.340 best 4.320@12000 since 1 (2417s)
    [sparse_k7_Dh224_nnz16_s170] step 14000 lr 2.50e-03 plateau mon 4.335 best 4.320@12000 since 2 (2599s)
    [sparse_k7_Dh224_nnz16_s170] step 15000 lr 2.50e-03 plateau mon 4.319 best 4.320@12000 since 3 (2788s)
    [sparse_k7_Dh224_nnz16_s170] step 16000 lr 2.50e-03 plateau mon 4.301 best 4.301@16000 since 0 (2974s)
    [sparse_k7_Dh224_nnz16_s170] step 17000 lr 2.50e-03 plateau mon 4.284 best 4.284@17000 since 0 (3161s)
    [sparse_k7_Dh224_nnz16_s170] step 18000 lr 2.50e-03 plateau mon 4.270 best 4.270@18000 since 0 (3349s)
    [sparse_k7_Dh224_nnz16_s170] step 19000 lr 2.50e-03 plateau mon 4.296 best 4.270@18000 since 1 (3534s)
    [sparse_k7_Dh224_nnz16_s170] step 20000 lr 2.50e-03 plateau mon 4.296 best 4.270@18000 since 2 (3722s)
    [sparse_k7_Dh224_nnz16_s170] step 21000 lr 2.50e-03 plateau mon 4.268 best 4.268@21000 since 0 (3904s)
    [sparse_k7_Dh224_nnz16_s170] step 22000 lr 2.50e-03 plateau mon 4.276 best 4.268@21000 since 1 (4092s)
    [sparse_k7_Dh224_nnz16_s170] step 23000 lr 2.50e-03 plateau mon 4.271 best 4.268@21000 since 2 (4279s)
    [sparse_k7_Dh224_nnz16_s170] step 24000 lr 2.50e-03 plateau mon 4.268 best 4.268@21000 since 3 (4465s)
    [sparse_k7_Dh224_nnz16_s170] step 25000 lr 2.50e-03 plateau mon 4.275 best 4.268@21000 since 4 (4652s)
    [sparse_k7_Dh224_nnz16_s170] step 26000 lr 2.50e-03 plateau mon 4.268 best 4.268@21000 since 5 (4839s)
    [sparse_k7_Dh224_nnz16_s170] step 27000 lr 2.50e-03 plateau mon 4.270 best 4.268@21000 since 6 (5024s)
    [sparse_k7_Dh224_nnz16_s170] step 28000 lr 2.50e-03 plateau mon 4.277 best 4.268@21000 since 7 (5212s)
    [sparse_k7_Dh224_nnz16_s170] step 29000 lr 2.50e-03 plateau mon 4.257 best 4.257@29000 since 0 (5398s)
    [sparse_k7_Dh224_nnz16_s170] step 30000 lr 2.50e-03 plateau mon 4.243 best 4.243@30000 since 0 (5586s)
    [sparse_k7_Dh224_nnz16_s170] step 31000 lr 2.50e-03 plateau mon 4.248 best 4.243@30000 since 1 (5773s)
    [sparse_k7_Dh224_nnz16_s170] step 32000 lr 2.50e-03 plateau mon 4.238 best 4.238@32000 since 0 (5960s)
    [sparse_k7_Dh224_nnz16_s170] step 33000 lr 2.50e-03 plateau mon 4.231 best 4.231@33000 since 0 (6146s)
    [sparse_k7_Dh224_nnz16_s170] step 34000 lr 2.50e-03 plateau mon 4.231 best 4.231@33000 since 1 (6335s)
    [sparse_k7_Dh224_nnz16_s170] step 35000 lr 2.50e-03 plateau mon 4.257 best 4.231@33000 since 2 (6510s)
    [sparse_k7_Dh224_nnz16_s170] step 36000 lr 2.50e-03 plateau mon 4.230 best 4.231@33000 since 3 (6687s)
    [sparse_k7_Dh224_nnz16_s170] step 37000 lr 2.50e-03 plateau mon 4.227 best 4.227@37000 since 0 (6869s)
    [sparse_k7_Dh224_nnz16_s170] step 38000 lr 2.50e-03 plateau mon 4.230 best 4.227@37000 since 1 (7038s)
    [sparse_k7_Dh224_nnz16_s170] step 39000 lr 2.50e-03 plateau mon 4.229 best 4.227@37000 since 2 (7216s)
    [sparse_k7_Dh224_nnz16_s170] step 40000 lr 2.50e-03 plateau mon 4.228 best 4.227@37000 since 3 (7399s)
    [sparse_k7_Dh224_nnz16_s170] step 41000 lr 2.50e-03 plateau mon 4.234 best 4.227@37000 since 4 (7588s)
    [sparse_k7_Dh224_nnz16_s170] step 42000 lr 2.50e-03 plateau mon 4.236 best 4.227@37000 since 5 (7775s)
    [sparse_k7_Dh224_nnz16_s170] step 43000 lr 2.50e-03 plateau mon 4.232 best 4.227@37000 since 6 (7961s)
    [sparse_k7_Dh224_nnz16_s170] step 44000 lr 2.50e-03 plateau mon 4.221 best 4.221@44000 since 0 (8146s)
    [sparse_k7_Dh224_nnz16_s170] step 45000 lr 2.50e-03 plateau mon 4.243 best 4.221@44000 since 1 (8331s)
    [sparse_k7_Dh224_nnz16_s170] step 46000 lr 2.50e-03 plateau mon 4.233 best 4.221@44000 since 2 (8516s)
    [sparse_k7_Dh224_nnz16_s170] step 47000 lr 2.50e-03 plateau mon 4.232 best 4.221@44000 since 3 (8701s)
    [sparse_k7_Dh224_nnz16_s170] step 48000 lr 2.50e-03 plateau mon 4.208 best 4.208@48000 since 0 (8887s)
    [sparse_k7_Dh224_nnz16_s170] step 49000 lr 2.50e-03 plateau mon 4.252 best 4.208@48000 since 1 (9072s)
    [sparse_k7_Dh224_nnz16_s170] step 50000 lr 2.50e-03 plateau mon 4.217 best 4.208@48000 since 2 (9255s)
    [sparse_k7_Dh224_nnz16_s170] step 51000 lr 2.50e-03 plateau mon 4.225 best 4.208@48000 since 3 (9441s)
    [sparse_k7_Dh224_nnz16_s170] step 52000 lr 2.50e-03 plateau mon 4.230 best 4.208@48000 since 4 (9625s)
    [sparse_k7_Dh224_nnz16_s170] step 53000 lr 2.50e-03 plateau mon 4.227 best 4.208@48000 since 5 (9810s)
    [sparse_k7_Dh224_nnz16_s170] step 54000 lr 2.50e-03 plateau mon 4.227 best 4.208@48000 since 6 (9994s)
    [sparse_k7_Dh224_nnz16_s170] step 55000 lr 2.50e-03 plateau mon 4.235 best 4.208@48000 since 7 (10177s)
    [sparse_k7_Dh224_nnz16_s170] step 56000 lr 2.50e-03 plateau mon 4.202 best 4.202@56000 since 0 (10363s)
    [sparse_k7_Dh224_nnz16_s170] step 57000 lr 2.50e-03 plateau mon 4.224 best 4.202@56000 since 1 (10546s)
    [sparse_k7_Dh224_nnz16_s170] step 58000 lr 2.50e-03 plateau mon 4.233 best 4.202@56000 since 2 (10731s)
    [sparse_k7_Dh224_nnz16_s170] step 59000 lr 2.50e-03 plateau mon 4.228 best 4.202@56000 since 3 (10911s)
    [sparse_k7_Dh224_nnz16_s170] step 60000 lr 2.50e-03 plateau mon 4.243 best 4.202@56000 since 4 (11097s)
    [sparse_k7_Dh224_nnz16_s170] step 61000 lr 2.50e-03 plateau mon 4.234 best 4.202@56000 since 5 (11282s)
    [sparse_k7_Dh224_nnz16_s170] step 62000 lr 2.50e-03 plateau mon 4.222 best 4.202@56000 since 6 (11466s)
    [sparse_k7_Dh224_nnz16_s170] step 63000 lr 2.50e-03 plateau mon 4.231 best 4.202@56000 since 7 (11652s)
    [sparse_k7_Dh224_nnz16_s170] step 64000 lr 2.50e-03 plateau mon 4.217 best 4.202@56000 since 8 (11837s)
    [sparse_k7_Dh224_nnz16_s170] -> DECAY triggered at step 64000
    [sparse_k7_Dh224_nnz16_s170] step 65000 lr 2.26e-03 decay mon 4.202 best 4.202@56000 since 9 (12020s)
    [sparse_k7_Dh224_nnz16_s170] step 66000 lr 1.64e-03 decay mon 4.176 best 4.176@66000 since 0 (12206s)
    [sparse_k7_Dh224_nnz16_s170] step 67000 lr 8.78e-04 decay mon 4.167 best 4.167@67000 since 0 (12389s)
    [sparse_k7_Dh224_nnz16_s170] step 68000 lr 2.57e-04 decay mon 4.138 best 4.138@68000 since 0 (12575s)
    [sparse_k7_Dh224_nnz16_s170] step 69000 lr 2.00e-05 decay mon 4.129 best 4.129@69000 since 0 (12760s)
  DONE gru/sparse_k7_Dh224_nnz16_s170/seed0: 212.7KB (i8 164.2+pke 29.53+f32 19.0) float 3.849 int8 ppl 21.423 t1 0.246 t3 0.485 | best@69000 decayed mon 4.129 [appended]
run_pke: all requested work complete.
device cuda torch 2.10.0+cu130
train 19,625,263 val 432,739  eval 200x400 = 80,000 positions

=== PHASE confirm (train-to-convergence, patience 8) ===
  RUN  confirm/confirm_base_400/seed0 (train-to-convergence B=512 L=96)
    [confirm_base_400] step 1000 lr 2.50e-03 plateau mon 4.204 best 4.204@1000 since 0 (155s)
    [confirm_base_400] step 2000 lr 2.50e-03 plateau mon 3.833 best 3.833@2000 since 0 (314s)
    [confirm_base_400] step 3000 lr 2.50e-03 plateau mon 3.727 best 3.727@3000 since 0 (472s)
    [confirm_base_400] step 4000 lr 2.50e-03 plateau mon 3.689 best 3.689@4000 since 0 (631s)
    [confirm_base_400] step 5000 lr 2.50e-03 plateau mon 3.631 best 3.631@5000 since 0 (788s)
    [confirm_base_400] step 6000 lr 2.50e-03 plateau mon 3.621 best 3.621@6000 since 0 (947s)
    [confirm_base_400] step 7000 lr 2.50e-03 plateau mon 3.614 best 3.614@7000 since 0 (1116s)
    [confirm_base_400] step 8000 lr 2.50e-03 plateau mon 3.622 best 3.614@7000 since 1 (1279s)
    [confirm_base_400] step 9000 lr 2.50e-03 plateau mon 3.611 best 3.611@9000 since 0 (36753s)
    [confirm_base_400] step 10000 lr 2.50e-03 plateau mon 3.593 best 3.593@10000 since 0 (36896s)
    [confirm_base_400] step 11000 lr 2.50e-03 plateau mon 3.583 best 3.583@11000 since 0 (37047s)
    [confirm_base_400] step 12000 lr 2.50e-03 plateau mon 3.576 best 3.576@12000 since 0 (37202s)
    [confirm_base_400] step 13000 lr 2.50e-03 plateau mon 3.578 best 3.576@12000 since 1 (37356s)
    [confirm_base_400] step 14000 lr 2.50e-03 plateau mon 3.568 best 3.568@14000 since 0 (37515s)
    [confirm_base_400] step 15000 lr 2.50e-03 plateau mon 3.575 best 3.568@14000 since 1 (37682s)
    [confirm_base_400] step 16000 lr 2.50e-03 plateau mon 3.559 best 3.559@16000 since 0 (38008s)
    [confirm_base_400] step 17000 lr 2.50e-03 plateau mon 3.551 best 3.551@17000 since 0 (38333s)
    [confirm_base_400] step 18000 lr 2.50e-03 plateau mon 3.543 best 3.543@18000 since 0 (38659s)
    [confirm_base_400] step 19000 lr 2.50e-03 plateau mon 3.553 best 3.543@18000 since 1 (38985s)
    [confirm_base_400] step 20000 lr 2.50e-03 plateau mon 3.561 best 3.543@18000 since 2 (39311s)
    [confirm_base_400] step 21000 lr 2.50e-03 plateau mon 3.552 best 3.543@18000 since 3 (39636s)
    [confirm_base_400] step 22000 lr 2.50e-03 plateau mon 3.553 best 3.543@18000 since 4 (39962s)
    [confirm_base_400] step 23000 lr 2.50e-03 plateau mon 3.559 best 3.543@18000 since 5 (47991s)
    [confirm_base_400] step 24000 lr 2.50e-03 plateau mon 3.554 best 3.543@18000 since 6 (48133s)
    [confirm_base_400] step 25000 lr 2.50e-03 plateau mon 3.548 best 3.543@18000 since 7 (48278s)
    [confirm_base_400] step 26000 lr 2.50e-03 plateau mon 3.541 best 3.541@26000 since 0 (48437s)
    [confirm_base_400] step 27000 lr 2.50e-03 plateau mon 3.542 best 3.541@26000 since 1 (48601s)
    [confirm_base_400] step 28000 lr 2.50e-03 plateau mon 3.560 best 3.541@26000 since 2 (48762s)
    [confirm_base_400] step 29000 lr 2.50e-03 plateau mon 3.534 best 3.534@29000 since 0 (48923s)
    [confirm_base_400] step 30000 lr 2.50e-03 plateau mon 3.537 best 3.534@29000 since 1 (49084s)
    [confirm_base_400] step 31000 lr 2.50e-03 plateau mon 3.531 best 3.531@31000 since 0 (49245s)
    [confirm_base_400] step 32000 lr 2.50e-03 plateau mon 3.543 best 3.531@31000 since 1 (49416s)
    [confirm_base_400] step 33000 lr 2.50e-03 plateau mon 3.523 best 3.523@33000 since 0 (49591s)
    [confirm_base_400] step 34000 lr 2.50e-03 plateau mon 3.539 best 3.523@33000 since 1 (49766s)
    [confirm_base_400] step 35000 lr 2.50e-03 plateau mon 3.541 best 3.523@33000 since 2 (49944s)
    [confirm_base_400] step 36000 lr 2.50e-03 plateau mon 3.542 best 3.523@33000 since 3 (50123s)
    [confirm_base_400] step 37000 lr 2.50e-03 plateau mon 3.538 best 3.523@33000 since 4 (50299s)
    [confirm_base_400] step 38000 lr 2.50e-03 plateau mon 3.541 best 3.523@33000 since 5 (50477s)
=== reordered confirm start Tue Sep 15 14:45:19 EDT 2026 ===
device cuda torch 2.10.0+cu130
train 19,625,263 val 432,739  eval 200x400 = 80,000 positions

=== PHASE confirm (train-to-convergence, SEED-OUTER, seeds [0, 1, 2]) ===
  RUN  confirm/confirm_base_400/seed0 (train-to-convergence B=512 L=96)
    [confirm_base_400] step 1000 lr 2.50e-03 plateau mon 4.204 best 4.204@1000 since 0 (170s)
    [confirm_base_400] step 2000 lr 2.50e-03 plateau mon 3.833 best 3.833@2000 since 0 (349s)
    [confirm_base_400] step 3000 lr 2.50e-03 plateau mon 3.727 best 3.727@3000 since 0 (526s)
    [confirm_base_400] step 4000 lr 2.50e-03 plateau mon 3.689 best 3.689@4000 since 0 (698s)
    [confirm_base_400] step 5000 lr 2.50e-03 plateau mon 3.631 best 3.631@5000 since 0 (863s)
    [confirm_base_400] step 6000 lr 2.50e-03 plateau mon 3.621 best 3.621@6000 since 0 (1026s)
    [confirm_base_400] step 7000 lr 2.50e-03 plateau mon 3.614 best 3.614@7000 since 0 (1189s)
    [confirm_base_400] step 8000 lr 2.50e-03 plateau mon 3.622 best 3.614@7000 since 1 (1354s)
    [confirm_base_400] step 9000 lr 2.50e-03 plateau mon 3.611 best 3.611@9000 since 0 (1520s)
    [confirm_base_400] step 10000 lr 2.50e-03 plateau mon 3.593 best 3.593@10000 since 0 (1689s)
    [confirm_base_400] step 11000 lr 2.50e-03 plateau mon 3.583 best 3.583@11000 since 0 (1848s)
    [confirm_base_400] step 12000 lr 2.50e-03 plateau mon 3.576 best 3.576@12000 since 0 (2013s)
    [confirm_base_400] step 13000 lr 2.50e-03 plateau mon 3.578 best 3.576@12000 since 1 (2180s)
    [confirm_base_400] step 14000 lr 2.50e-03 plateau mon 3.568 best 3.568@14000 since 0 (2339s)
    [confirm_base_400] step 15000 lr 2.50e-03 plateau mon 3.575 best 3.568@14000 since 1 (2497s)
    [confirm_base_400] step 16000 lr 2.50e-03 plateau mon 3.559 best 3.559@16000 since 0 (2656s)
    [confirm_base_400] step 17000 lr 2.50e-03 plateau mon 3.551 best 3.551@17000 since 0 (2817s)
    [confirm_base_400] step 18000 lr 2.50e-03 plateau mon 3.543 best 3.543@18000 since 0 (2985s)
    [confirm_base_400] step 19000 lr 2.50e-03 plateau mon 3.553 best 3.543@18000 since 1 (3147s)
    [confirm_base_400] step 20000 lr 2.50e-03 plateau mon 3.561 best 3.543@18000 since 2 (3308s)
    [confirm_base_400] step 21000 lr 2.50e-03 plateau mon 3.552 best 3.543@18000 since 3 (3468s)
    [confirm_base_400] step 22000 lr 2.50e-03 plateau mon 3.553 best 3.543@18000 since 4 (3626s)
    [confirm_base_400] step 23000 lr 2.50e-03 plateau mon 3.559 best 3.543@18000 since 5 (3784s)
    [confirm_base_400] step 24000 lr 2.50e-03 plateau mon 3.554 best 3.543@18000 since 6 (3942s)
    [confirm_base_400] step 25000 lr 2.50e-03 plateau mon 3.548 best 3.543@18000 since 7 (4099s)
    [confirm_base_400] step 26000 lr 2.50e-03 plateau mon 3.541 best 3.541@26000 since 0 (4257s)
    [confirm_base_400] step 27000 lr 2.50e-03 plateau mon 3.542 best 3.541@26000 since 1 (4416s)
    [confirm_base_400] step 28000 lr 2.50e-03 plateau mon 3.560 best 3.541@26000 since 2 (4574s)
    [confirm_base_400] step 29000 lr 2.50e-03 plateau mon 3.534 best 3.534@29000 since 0 (4731s)
    [confirm_base_400] step 30000 lr 2.50e-03 plateau mon 3.537 best 3.534@29000 since 1 (4887s)
    [confirm_base_400] step 31000 lr 2.50e-03 plateau mon 3.531 best 3.531@31000 since 0 (5044s)
    [confirm_base_400] step 32000 lr 2.50e-03 plateau mon 3.543 best 3.531@31000 since 1 (5198s)
    [confirm_base_400] step 33000 lr 2.50e-03 plateau mon 3.523 best 3.523@33000 since 0 (5354s)
    [confirm_base_400] step 34000 lr 2.50e-03 plateau mon 3.539 best 3.523@33000 since 1 (5509s)
    [confirm_base_400] step 35000 lr 2.50e-03 plateau mon 3.541 best 3.523@33000 since 2 (5666s)
    [confirm_base_400] step 36000 lr 2.50e-03 plateau mon 3.542 best 3.523@33000 since 3 (5822s)
    [confirm_base_400] step 37000 lr 2.50e-03 plateau mon 3.538 best 3.523@33000 since 4 (5975s)
    [confirm_base_400] step 38000 lr 2.50e-03 plateau mon 3.541 best 3.523@33000 since 5 (6130s)
    [confirm_base_400] step 39000 lr 2.50e-03 plateau mon 3.544 best 3.523@33000 since 6 (6287s)
    [confirm_base_400] step 40000 lr 2.50e-03 plateau mon 3.526 best 3.523@33000 since 7 (6443s)
    [confirm_base_400] step 41000 lr 2.50e-03 plateau mon 3.524 best 3.523@33000 since 8 (6599s)
    [confirm_base_400] -> DECAY triggered at step 41000
    [confirm_base_400] step 42000 lr 2.26e-03 decay mon 3.524 best 3.523@33000 since 9 (6755s)
    [confirm_base_400] step 43000 lr 1.64e-03 decay mon 3.499 best 3.499@43000 since 0 (6911s)
    [confirm_base_400] step 44000 lr 8.78e-04 decay mon 3.489 best 3.489@44000 since 0 (7067s)
    [confirm_base_400] step 45000 lr 2.57e-04 decay mon 3.450 best 3.450@45000 since 0 (7221s)
    [confirm_base_400] step 46000 lr 2.00e-05 decay mon 3.450 best 3.450@45000 since 1 (7376s)
C:\Users\Timeroot\AppData\Local\Packages\PythonSoftwareFoundation.Python.3.13_qbz5n2kfra8p0\LocalCache\local-packages\Python313\site-packages\torch\nn\modules\rnn.py:1415: UserWarning: RNN module weights are not part of single contiguous chunk of memory. This means they need to be compacted at every call, possibly greatly increasing memory usage. To compact weights again call flatten_parameters(). (Triggered internally at C:\actions-runner\_work\pytorch\pytorch\pytorch\aten\src\ATen\native\cudnn\RNN.cpp:1480.)
  result = _VF.gru(
  DONE confirm/confirm_base_400/seed0: 403.3KB (i8 376.8+pke 0.00+f32 26.5) float 3.382 int8 ppl 3.388 t1 0.638 t3 0.821 | best@45000 decayed mon 3.450 [appended]
  RUN  confirm/confirm_fmlpres_400/seed0 (train-to-convergence B=512 L=96)
    [confirm_fmlpres_400] step 1000 lr 2.50e-03 plateau mon 4.402 best 4.402@1000 since 0 (166s)
    [confirm_fmlpres_400] step 2000 lr 2.50e-03 plateau mon 3.967 best 3.967@2000 since 0 (332s)
    [confirm_fmlpres_400] step 3000 lr 2.50e-03 plateau mon 3.831 best 3.831@3000 since 0 (498s)
    [confirm_fmlpres_400] step 4000 lr 2.50e-03 plateau mon 3.769 best 3.769@4000 since 0 (663s)
    [confirm_fmlpres_400] step 5000 lr 2.50e-03 plateau mon 3.713 best 3.713@5000 since 0 (829s)
    [confirm_fmlpres_400] step 6000 lr 2.50e-03 plateau mon 3.684 best 3.684@6000 since 0 (994s)
    [confirm_fmlpres_400] step 7000 lr 2.50e-03 plateau mon 3.645 best 3.645@7000 since 0 (1159s)
    [confirm_fmlpres_400] step 8000 lr 2.50e-03 plateau mon 3.642 best 3.642@8000 since 0 (1324s)
    [confirm_fmlpres_400] step 9000 lr 2.50e-03 plateau mon 3.644 best 3.642@8000 since 1 (1490s)
    [confirm_fmlpres_400] step 10000 lr 2.50e-03 plateau mon 3.642 best 3.642@8000 since 2 (1655s)
    [confirm_fmlpres_400] step 11000 lr 2.50e-03 plateau mon 3.632 best 3.632@11000 since 0 (1821s)
    [confirm_fmlpres_400] step 12000 lr 2.50e-03 plateau mon 3.644 best 3.632@11000 since 1 (1987s)
    [confirm_fmlpres_400] step 13000 lr 2.50e-03 plateau mon 3.615 best 3.615@13000 since 0 (2152s)
    [confirm_fmlpres_400] step 14000 lr 2.50e-03 plateau mon 3.603 best 3.603@14000 since 0 (2318s)
    [confirm_fmlpres_400] step 15000 lr 2.50e-03 plateau mon 3.612 best 3.603@14000 since 1 (2483s)
    [confirm_fmlpres_400] step 16000 lr 2.50e-03 plateau mon 3.611 best 3.603@14000 since 2 (2648s)
    [confirm_fmlpres_400] step 17000 lr 2.50e-03 plateau mon 3.590 best 3.590@17000 since 0 (2814s)
    [confirm_fmlpres_400] step 18000 lr 2.50e-03 plateau mon 3.615 best 3.590@17000 since 1 (2980s)
    [confirm_fmlpres_400] step 19000 lr 2.50e-03 plateau mon 3.606 best 3.590@17000 since 2 (3146s)
    [confirm_fmlpres_400] step 20000 lr 2.50e-03 plateau mon 3.599 best 3.590@17000 since 3 (3312s)
    [confirm_fmlpres_400] step 21000 lr 2.50e-03 plateau mon 3.575 best 3.575@21000 since 0 (3477s)
    [confirm_fmlpres_400] step 22000 lr 2.50e-03 plateau mon 3.582 best 3.575@21000 since 1 (3642s)
    [confirm_fmlpres_400] step 23000 lr 2.50e-03 plateau mon 3.581 best 3.575@21000 since 2 (3808s)
    [confirm_fmlpres_400] step 24000 lr 2.50e-03 plateau mon 3.591 best 3.575@21000 since 3 (3975s)
    [confirm_fmlpres_400] step 25000 lr 2.50e-03 plateau mon 3.586 best 3.575@21000 since 4 (4140s)
    [confirm_fmlpres_400] step 26000 lr 2.50e-03 plateau mon 3.585 best 3.575@21000 since 5 (4306s)
    [confirm_fmlpres_400] step 27000 lr 2.50e-03 plateau mon 3.569 best 3.569@27000 since 0 (4472s)
    [confirm_fmlpres_400] step 28000 lr 2.50e-03 plateau mon 3.588 best 3.569@27000 since 1 (4638s)
    [confirm_fmlpres_400] step 29000 lr 2.50e-03 plateau mon 3.572 best 3.569@27000 since 2 (4804s)
    [confirm_fmlpres_400] step 30000 lr 2.50e-03 plateau mon 3.574 best 3.569@27000 since 3 (4968s)
    [confirm_fmlpres_400] step 31000 lr 2.50e-03 plateau mon 3.582 best 3.569@27000 since 4 (5135s)
    [confirm_fmlpres_400] step 32000 lr 2.50e-03 plateau mon 3.578 best 3.569@27000 since 5 (5300s)
    [confirm_fmlpres_400] step 33000 lr 2.50e-03 plateau mon 3.558 best 3.558@33000 since 0 (5465s)
    [confirm_fmlpres_400] step 34000 lr 2.50e-03 plateau mon 3.570 best 3.558@33000 since 1 (5630s)
    [confirm_fmlpres_400] step 35000 lr 2.50e-03 plateau mon 3.565 best 3.558@33000 since 2 (5793s)
    [confirm_fmlpres_400] step 36000 lr 2.50e-03 plateau mon 3.566 best 3.558@33000 since 3 (5959s)
    [confirm_fmlpres_400] step 37000 lr 2.50e-03 plateau mon 3.585 best 3.558@33000 since 4 (6124s)
    [confirm_fmlpres_400] step 38000 lr 2.50e-03 plateau mon 3.548 best 3.548@38000 since 0 (6287s)
    [confirm_fmlpres_400] step 39000 lr 2.50e-03 plateau mon 3.559 best 3.548@38000 since 1 (6454s)
    [confirm_fmlpres_400] step 40000 lr 2.50e-03 plateau mon 3.544 best 3.544@40000 since 0 (6619s)
    [confirm_fmlpres_400] step 41000 lr 2.50e-03 plateau mon 3.547 best 3.544@40000 since 1 (6784s)
    [confirm_fmlpres_400] step 42000 lr 2.50e-03 plateau mon 3.555 best 3.544@40000 since 2 (6956s)
    [confirm_fmlpres_400] step 43000 lr 2.50e-03 plateau mon 3.544 best 3.544@40000 since 3 (7122s)
    [confirm_fmlpres_400] step 44000 lr 2.50e-03 plateau mon 3.580 best 3.544@40000 since 4 (7287s)
    [confirm_fmlpres_400] step 45000 lr 2.50e-03 plateau mon 3.568 best 3.544@40000 since 5 (7455s)
    [confirm_fmlpres_400] step 46000 lr 2.50e-03 plateau mon 3.534 best 3.534@46000 since 0 (7623s)
    [confirm_fmlpres_400] step 47000 lr 2.50e-03 plateau mon 3.555 best 3.534@46000 since 1 (7789s)
    [confirm_fmlpres_400] step 48000 lr 2.50e-03 plateau mon 3.548 best 3.534@46000 since 2 (7956s)
    [confirm_fmlpres_400] step 49000 lr 2.50e-03 plateau mon 3.554 best 3.534@46000 since 3 (8122s)
    [confirm_fmlpres_400] step 50000 lr 2.50e-03 plateau mon 3.555 best 3.534@46000 since 4 (8289s)
    [confirm_fmlpres_400] step 51000 lr 2.50e-03 plateau mon 3.540 best 3.534@46000 since 5 (8461s)
    [confirm_fmlpres_400] step 52000 lr 2.50e-03 plateau mon 3.560 best 3.534@46000 since 6 (8630s)
    [confirm_fmlpres_400] step 53000 lr 2.50e-03 plateau mon 3.567 best 3.534@46000 since 7 (8799s)
    [confirm_fmlpres_400] step 54000 lr 2.50e-03 plateau mon 3.575 best 3.534@46000 since 8 (8970s)
    [confirm_fmlpres_400] -> DECAY triggered at step 54000
    [confirm_fmlpres_400] step 55000 lr 2.26e-03 decay mon 3.555 best 3.534@46000 since 9 (9140s)
    [confirm_fmlpres_400] step 56000 lr 1.64e-03 decay mon 3.515 best 3.515@56000 since 0 (9310s)
    [confirm_fmlpres_400] step 57000 lr 8.78e-04 decay mon 3.497 best 3.497@57000 since 0 (9480s)
    [confirm_fmlpres_400] step 58000 lr 2.57e-04 decay mon 3.476 best 3.476@58000 since 0 (9650s)
    [confirm_fmlpres_400] step 59000 lr 2.00e-05 decay mon 3.465 best 3.465@59000 since 0 (9818s)
  DONE confirm/confirm_fmlpres_400/seed0: 403.7KB (i8 361.0+pke 15.75+f32 27.0) float 3.388 int8 ppl 3.390 t1 0.637 t3 0.821 | best@59000 decayed mon 3.465 [appended]
  RUN  confirm/confirm_addstate_400/seed0 (train-to-convergence B=512 L=96)
    [confirm_addstate_400] step 1000 lr 2.50e-03 plateau mon 4.558 best 4.558@1000 since 0 (170s)
    [confirm_addstate_400] step 2000 lr 2.50e-03 plateau mon 4.176 best 4.176@2000 since 0 (339s)
    [confirm_addstate_400] step 3000 lr 2.50e-03 plateau mon 4.043 best 4.043@3000 since 0 (510s)
    [confirm_addstate_400] step 4000 lr 2.50e-03 plateau mon 3.978 best 3.978@4000 since 0 (679s)
    [confirm_addstate_400] step 5000 lr 2.50e-03 plateau mon 3.951 best 3.951@5000 since 0 (848s)
    [confirm_addstate_400] step 6000 lr 2.50e-03 plateau mon 3.923 best 3.923@6000 since 0 (1017s)
    [confirm_addstate_400] step 7000 lr 2.50e-03 plateau mon 3.922 best 3.923@6000 since 1 (1187s)
    [confirm_addstate_400] step 8000 lr 2.50e-03 plateau mon 3.892 best 3.892@8000 since 0 (1357s)
    [confirm_addstate_400] step 9000 lr 2.50e-03 plateau mon 3.896 best 3.892@8000 since 1 (1527s)
    [confirm_addstate_400] step 10000 lr 2.50e-03 plateau mon 3.878 best 3.878@10000 since 0 (1696s)
    [confirm_addstate_400] step 11000 lr 2.50e-03 plateau mon 3.859 best 3.859@11000 since 0 (1866s)
    [confirm_addstate_400] step 12000 lr 2.50e-03 plateau mon 3.853 best 3.853@12000 since 0 (2036s)
    [confirm_addstate_400] step 13000 lr 2.50e-03 plateau mon 3.863 best 3.853@12000 since 1 (2206s)
    [confirm_addstate_400] step 14000 lr 2.50e-03 plateau mon 3.847 best 3.847@14000 since 0 (2375s)
    [confirm_addstate_400] step 15000 lr 2.50e-03 plateau mon 3.830 best 3.830@15000 since 0 (2544s)
    [confirm_addstate_400] step 16000 lr 2.50e-03 plateau mon 3.835 best 3.830@15000 since 1 (2714s)
    [confirm_addstate_400] step 17000 lr 2.50e-03 plateau mon 3.841 best 3.830@15000 since 2 (2884s)
    [confirm_addstate_400] step 18000 lr 2.50e-03 plateau mon 3.845 best 3.830@15000 since 3 (3054s)
    [confirm_addstate_400] step 19000 lr 2.50e-03 plateau mon 3.840 best 3.830@15000 since 4 (3223s)
    [confirm_addstate_400] step 20000 lr 2.50e-03 plateau mon 3.848 best 3.830@15000 since 5 (3392s)
    [confirm_addstate_400] step 21000 lr 2.50e-03 plateau mon 3.834 best 3.830@15000 since 6 (3561s)
    [confirm_addstate_400] step 22000 lr 2.50e-03 plateau mon 3.828 best 3.828@22000 since 0 (3730s)
    [confirm_addstate_400] step 23000 lr 2.50e-03 plateau mon 3.834 best 3.828@22000 since 1 (3899s)
    [confirm_addstate_400] step 24000 lr 2.50e-03 plateau mon 3.839 best 3.828@22000 since 2 (4068s)
    [confirm_addstate_400] step 25000 lr 2.50e-03 plateau mon 3.833 best 3.828@22000 since 3 (4236s)
    [confirm_addstate_400] step 26000 lr 2.50e-03 plateau mon 3.846 best 3.828@22000 since 4 (4405s)
    [confirm_addstate_400] step 27000 lr 2.50e-03 plateau mon 3.835 best 3.828@22000 since 5 (4574s)
    [confirm_addstate_400] step 28000 lr 2.50e-03 plateau mon 3.821 best 3.821@28000 since 0 (4744s)
    [confirm_addstate_400] step 29000 lr 2.50e-03 plateau mon 3.822 best 3.821@28000 since 1 (4913s)
    [confirm_addstate_400] step 30000 lr 2.50e-03 plateau mon 3.835 best 3.821@28000 since 2 (5081s)
    [confirm_addstate_400] step 31000 lr 2.50e-03 plateau mon 3.822 best 3.821@28000 since 3 (5250s)
    [confirm_addstate_400] step 32000 lr 2.50e-03 plateau mon 3.816 best 3.816@32000 since 0 (5419s)
    [confirm_addstate_400] step 33000 lr 2.50e-03 plateau mon 3.826 best 3.816@32000 since 1 (5587s)
    [confirm_addstate_400] step 34000 lr 2.50e-03 plateau mon 3.821 best 3.816@32000 since 2 (5756s)
    [confirm_addstate_400] step 35000 lr 2.50e-03 plateau mon 3.808 best 3.808@35000 since 0 (5925s)
    [confirm_addstate_400] step 36000 lr 2.50e-03 plateau mon 3.820 best 3.808@35000 since 1 (6094s)
    [confirm_addstate_400] step 37000 lr 2.50e-03 plateau mon 3.829 best 3.808@35000 since 2 (6264s)
    [confirm_addstate_400] step 38000 lr 2.50e-03 plateau mon 3.815 best 3.808@35000 since 3 (6432s)
    [confirm_addstate_400] step 39000 lr 2.50e-03 plateau mon 3.817 best 3.808@35000 since 4 (6600s)
    [confirm_addstate_400] step 40000 lr 2.50e-03 plateau mon 3.838 best 3.808@35000 since 5 (6769s)
    [confirm_addstate_400] step 41000 lr 2.50e-03 plateau mon 3.824 best 3.808@35000 since 6 (6938s)
    [confirm_addstate_400] step 42000 lr 2.50e-03 plateau mon 3.811 best 3.808@35000 since 7 (7107s)
    [confirm_addstate_400] step 43000 lr 2.50e-03 plateau mon 3.832 best 3.808@35000 since 8 (7275s)
    [confirm_addstate_400] -> DECAY triggered at step 43000
    [confirm_addstate_400] step 44000 lr 2.26e-03 decay mon 3.819 best 3.808@35000 since 9 (7444s)
    [confirm_addstate_400] step 45000 lr 1.64e-03 decay mon 3.785 best 3.785@45000 since 0 (7612s)
    [confirm_addstate_400] step 46000 lr 8.78e-04 decay mon 3.756 best 3.756@46000 since 0 (7781s)
    [confirm_addstate_400] step 47000 lr 2.57e-04 decay mon 3.742 best 3.742@47000 since 0 (7949s)
    [confirm_addstate_400] step 48000 lr 2.00e-05 decay mon 3.728 best 3.728@48000 since 0 (8118s)
  DONE confirm/confirm_addstate_400/seed0: 403.7KB (i8 362.1+pke 15.75+f32 25.9) float 3.419 int8 ppl 3.421 t1 0.634 t3 0.818 | best@48000 decayed mon 3.728 [appended]
  RUN  confirm/confirm_concat_400/seed0 (train-to-convergence B=512 L=96)
    [confirm_concat_400] step 1000 lr 2.50e-03 plateau mon 4.369 best 4.369@1000 since 0 (185s)
    [confirm_concat_400] step 2000 lr 2.50e-03 plateau mon 3.969 best 3.969@2000 since 0 (386s)
    [confirm_concat_400] step 3000 lr 2.50e-03 plateau mon 3.854 best 3.854@3000 since 0 (554s)
    [confirm_concat_400] step 4000 lr 2.50e-03 plateau mon 3.795 best 3.795@4000 since 0 (721s)
    [confirm_concat_400] step 5000 lr 2.50e-03 plateau mon 3.767 best 3.767@5000 since 0 (890s)
    [confirm_concat_400] step 6000 lr 2.50e-03 plateau mon 3.736 best 3.736@6000 since 0 (1062s)
    [confirm_concat_400] step 7000 lr 2.50e-03 plateau mon 3.737 best 3.736@6000 since 1 (1237s)
    [confirm_concat_400] step 8000 lr 2.50e-03 plateau mon 3.701 best 3.701@8000 since 0 (1406s)
    [confirm_concat_400] step 9000 lr 2.50e-03 plateau mon 3.686 best 3.686@9000 since 0 (1573s)
    [confirm_concat_400] step 10000 lr 2.50e-03 plateau mon 3.686 best 3.686@9000 since 1 (1741s)
    [confirm_concat_400] step 11000 lr 2.50e-03 plateau mon 3.701 best 3.686@9000 since 2 (1909s)
    [confirm_concat_400] step 12000 lr 2.50e-03 plateau mon 3.673 best 3.673@12000 since 0 (2078s)
    [confirm_concat_400] step 13000 lr 2.50e-03 plateau mon 3.665 best 3.665@13000 since 0 (2246s)
    [confirm_concat_400] step 14000 lr 2.50e-03 plateau mon 3.659 best 3.659@14000 since 0 (2416s)
    [confirm_concat_400] step 15000 lr 2.50e-03 plateau mon 3.683 best 3.659@14000 since 1 (2582s)
    [confirm_concat_400] step 16000 lr 2.50e-03 plateau mon 3.655 best 3.655@16000 since 0 (2747s)
    [confirm_concat_400] step 17000 lr 2.50e-03 plateau mon 3.655 best 3.655@16000 since 1 (2914s)
    [confirm_concat_400] step 18000 lr 2.50e-03 plateau mon 3.643 best 3.643@18000 since 0 (3088s)
    [confirm_concat_400] step 19000 lr 2.50e-03 plateau mon 3.653 best 3.643@18000 since 1 (3262s)
    [confirm_concat_400] step 20000 lr 2.50e-03 plateau mon 3.628 best 3.628@20000 since 0 (3437s)
    [confirm_concat_400] step 21000 lr 2.50e-03 plateau mon 3.651 best 3.628@20000 since 1 (3613s)
    [confirm_concat_400] step 22000 lr 2.50e-03 plateau mon 3.650 best 3.628@20000 since 2 (3790s)
    [confirm_concat_400] step 23000 lr 2.50e-03 plateau mon 3.638 best 3.628@20000 since 3 (3963s)
    [confirm_concat_400] step 24000 lr 2.50e-03 plateau mon 3.632 best 3.628@20000 since 4 (4138s)
    [confirm_concat_400] step 25000 lr 2.50e-03 plateau mon 3.634 best 3.628@20000 since 5 (4314s)
    [confirm_concat_400] step 26000 lr 2.50e-03 plateau mon 3.660 best 3.628@20000 since 6 (4487s)
    [confirm_concat_400] step 27000 lr 2.50e-03 plateau mon 3.663 best 3.628@20000 since 7 (4664s)
    [confirm_concat_400] step 28000 lr 2.50e-03 plateau mon 3.646 best 3.628@20000 since 8 (4838s)
    [confirm_concat_400] -> DECAY triggered at step 28000
    [confirm_concat_400] step 29000 lr 2.26e-03 decay mon 3.632 best 3.628@20000 since 9 (5011s)
    [confirm_concat_400] step 30000 lr 1.64e-03 decay mon 3.605 best 3.605@30000 since 0 (5187s)
    [confirm_concat_400] step 31000 lr 8.78e-04 decay mon 3.584 best 3.584@31000 since 0 (5361s)
    [confirm_concat_400] step 32000 lr 2.57e-04 decay mon 3.557 best 3.557@32000 since 0 (5535s)
    [confirm_concat_400] step 33000 lr 2.00e-05 decay mon 3.555 best 3.557@32000 since 1 (5711s)
  DONE confirm/confirm_concat_400/seed0: 406.4KB (i8 364.3+pke 15.75+f32 26.3) float 3.445 int8 ppl 3.446 t1 0.632 t3 0.817 | best@32000 decayed mon 3.557 [appended]
  RUN  confirm/confirm_base_400/seed1 (train-to-convergence B=512 L=96)
    [confirm_base_400] step 1000 lr 2.50e-03 plateau mon 4.117 best 4.117@1000 since 0 (165s)
    [confirm_base_400] step 2000 lr 2.50e-03 plateau mon 3.768 best 3.768@2000 since 0 (336s)
    [confirm_base_400] step 3000 lr 2.50e-03 plateau mon 3.667 best 3.667@3000 since 0 (503s)
    [confirm_base_400] step 4000 lr 2.50e-03 plateau mon 3.597 best 3.597@4000 since 0 (673s)
    [confirm_base_400] step 5000 lr 2.50e-03 plateau mon 3.587 best 3.587@5000 since 0 (846s)
    [confirm_base_400] step 6000 lr 2.50e-03 plateau mon 3.581 best 3.581@6000 since 0 (1011s)
    [confirm_base_400] step 7000 lr 2.50e-03 plateau mon 3.579 best 3.579@7000 since 0 (1188s)
    [confirm_base_400] step 8000 lr 2.50e-03 plateau mon 3.550 best 3.550@8000 since 0 (1341s)
    [confirm_base_400] step 9000 lr 2.50e-03 plateau mon 3.544 best 3.544@9000 since 0 (1504s)
    [confirm_base_400] step 10000 lr 2.50e-03 plateau mon 3.537 best 3.537@10000 since 0 (1668s)
    [confirm_base_400] step 11000 lr 2.50e-03 plateau mon 3.530 best 3.530@11000 since 0 (1832s)
    [confirm_base_400] step 12000 lr 2.50e-03 plateau mon 3.504 best 3.504@12000 since 0 (1996s)
    [confirm_base_400] step 13000 lr 2.50e-03 plateau mon 3.493 best 3.493@13000 since 0 (2160s)
    [confirm_base_400] step 14000 lr 2.50e-03 plateau mon 3.516 best 3.493@13000 since 1 (2323s)
    [confirm_base_400] step 15000 lr 2.50e-03 plateau mon 3.484 best 3.484@15000 since 0 (2488s)
    [confirm_base_400] step 16000 lr 2.50e-03 plateau mon 3.499 best 3.484@15000 since 1 (2652s)
    [confirm_base_400] step 17000 lr 2.50e-03 plateau mon 3.522 best 3.484@15000 since 2 (2812s)
    [confirm_base_400] step 18000 lr 2.50e-03 plateau mon 3.478 best 3.478@18000 since 0 (2972s)
    [confirm_base_400] step 19000 lr 2.50e-03 plateau mon 3.509 best 3.478@18000 since 1 (3132s)
    [confirm_base_400] step 20000 lr 2.50e-03 plateau mon 3.485 best 3.478@18000 since 2 (3293s)
    [confirm_base_400] step 21000 lr 2.50e-03 plateau mon 3.489 best 3.478@18000 since 3 (3453s)
    [confirm_base_400] step 22000 lr 2.50e-03 plateau mon 3.481 best 3.478@18000 since 4 (3613s)
    [confirm_base_400] step 23000 lr 2.50e-03 plateau mon 3.482 best 3.478@18000 since 5 (3773s)
    [confirm_base_400] step 24000 lr 2.50e-03 plateau mon 3.484 best 3.478@18000 since 6 (3934s)
    [confirm_base_400] step 25000 lr 2.50e-03 plateau mon 3.477 best 3.478@18000 since 7 (4094s)
    [confirm_base_400] step 26000 lr 2.50e-03 plateau mon 3.492 best 3.478@18000 since 8 (4255s)
    [confirm_base_400] -> DECAY triggered at step 26000
    [confirm_base_400] step 27000 lr 2.26e-03 decay mon 3.469 best 3.469@27000 since 0 (4415s)
    [confirm_base_400] step 28000 lr 1.64e-03 decay mon 3.449 best 3.449@28000 since 0 (4576s)
    [confirm_base_400] step 29000 lr 8.78e-04 decay mon 3.423 best 3.423@29000 since 0 (4736s)
    [confirm_base_400] step 30000 lr 2.57e-04 decay mon 3.398 best 3.398@30000 since 0 (4897s)
    [confirm_base_400] step 31000 lr 2.00e-05 decay mon 3.393 best 3.393@31000 since 0 (5057s)
  DONE confirm/confirm_base_400/seed1: 403.3KB (i8 376.8+pke 0.00+f32 26.5) float 3.405 int8 ppl 3.406 t1 0.635 t3 0.819 | best@31000 decayed mon 3.393 [appended]
  RUN  confirm/confirm_fmlpres_400/seed1 (train-to-convergence B=512 L=96)
    [confirm_fmlpres_400] step 1000 lr 2.50e-03 plateau mon 4.477 best 4.477@1000 since 0 (185s)
    [confirm_fmlpres_400] step 2000 lr 2.50e-03 plateau mon 4.054 best 4.054@2000 since 0 (370s)
    [confirm_fmlpres_400] step 3000 lr 2.50e-03 plateau mon 3.895 best 3.895@3000 since 0 (555s)
    [confirm_fmlpres_400] step 4000 lr 2.50e-03 plateau mon 3.824 best 3.824@4000 since 0 (738s)
    [confirm_fmlpres_400] step 5000 lr 2.50e-03 plateau mon 3.786 best 3.786@5000 since 0 (922s)
    [confirm_fmlpres_400] step 6000 lr 2.50e-03 plateau mon 3.768 best 3.768@6000 since 0 (1106s)
    [confirm_fmlpres_400] step 7000 lr 2.50e-03 plateau mon 3.724 best 3.724@7000 since 0 (1289s)
    [confirm_fmlpres_400] step 8000 lr 2.50e-03 plateau mon 3.692 best 3.692@8000 since 0 (1473s)
    [confirm_fmlpres_400] step 9000 lr 2.50e-03 plateau mon 3.699 best 3.692@8000 since 1 (1657s)
    [confirm_fmlpres_400] step 10000 lr 2.50e-03 plateau mon 3.662 best 3.662@10000 since 0 (1840s)
    [confirm_fmlpres_400] step 11000 lr 2.50e-03 plateau mon 3.657 best 3.657@11000 since 0 (2023s)
    [confirm_fmlpres_400] step 12000 lr 2.50e-03 plateau mon 3.656 best 3.657@11000 since 1 (2207s)
    [confirm_fmlpres_400] step 13000 lr 2.50e-03 plateau mon 3.645 best 3.645@13000 since 0 (2391s)
    [confirm_fmlpres_400] step 14000 lr 2.50e-03 plateau mon 3.633 best 3.633@14000 since 0 (2575s)
    [confirm_fmlpres_400] step 15000 lr 2.50e-03 plateau mon 3.640 best 3.633@14000 since 1 (2759s)
    [confirm_fmlpres_400] step 16000 lr 2.50e-03 plateau mon 3.623 best 3.623@16000 since 0 (2942s)
    [confirm_fmlpres_400] step 17000 lr 2.50e-03 plateau mon 3.622 best 3.623@16000 since 1 (3124s)
    [confirm_fmlpres_400] step 18000 lr 2.50e-03 plateau mon 3.626 best 3.623@16000 since 2 (3309s)
    [confirm_fmlpres_400] step 19000 lr 2.50e-03 plateau mon 3.619 best 3.619@19000 since 0 (3492s)
    [confirm_fmlpres_400] step 20000 lr 2.50e-03 plateau mon 3.612 best 3.612@20000 since 0 (3678s)
    [confirm_fmlpres_400] step 21000 lr 2.50e-03 plateau mon 3.605 best 3.605@21000 since 0 (3864s)
    [confirm_fmlpres_400] step 22000 lr 2.50e-03 plateau mon 3.601 best 3.601@22000 since 0 (4048s)
    [confirm_fmlpres_400] step 23000 lr 2.50e-03 plateau mon 3.608 best 3.601@22000 since 1 (4232s)
    [confirm_fmlpres_400] step 24000 lr 2.50e-03 plateau mon 3.619 best 3.601@22000 since 2 (4416s)
    [confirm_fmlpres_400] step 25000 lr 2.50e-03 plateau mon 3.619 best 3.601@22000 since 3 (4599s)
    [confirm_fmlpres_400] step 26000 lr 2.50e-03 plateau mon 3.599 best 3.601@22000 since 4 (4783s)
    [confirm_fmlpres_400] step 27000 lr 2.50e-03 plateau mon 3.601 best 3.601@22000 since 5 (4967s)
    [confirm_fmlpres_400] step 28000 lr 2.50e-03 plateau mon 3.592 best 3.592@28000 since 0 (5151s)
    [confirm_fmlpres_400] step 29000 lr 2.50e-03 plateau mon 3.612 best 3.592@28000 since 1 (5335s)
    [confirm_fmlpres_400] step 30000 lr 2.50e-03 plateau mon 3.579 best 3.579@30000 since 0 (5519s)
    [confirm_fmlpres_400] step 31000 lr 2.50e-03 plateau mon 3.590 best 3.579@30000 since 1 (5702s)
    [confirm_fmlpres_400] step 32000 lr 2.50e-03 plateau mon 3.589 best 3.579@30000 since 2 (5886s)
    [confirm_fmlpres_400] step 33000 lr 2.50e-03 plateau mon 3.584 best 3.579@30000 since 3 (6070s)
    [confirm_fmlpres_400] step 34000 lr 2.50e-03 plateau mon 3.579 best 3.579@30000 since 4 (6255s)
    [confirm_fmlpres_400] step 35000 lr 2.50e-03 plateau mon 3.594 best 3.579@30000 since 5 (6439s)
    [confirm_fmlpres_400] step 36000 lr 2.50e-03 plateau mon 3.584 best 3.579@30000 since 6 (6622s)
    [confirm_fmlpres_400] step 37000 lr 2.50e-03 plateau mon 3.585 best 3.579@30000 since 7 (6806s)
    [confirm_fmlpres_400] step 38000 lr 2.50e-03 plateau mon 3.607 best 3.579@30000 since 8 (6990s)
    [confirm_fmlpres_400] -> DECAY triggered at step 38000
    [confirm_fmlpres_400] step 39000 lr 2.26e-03 decay mon 3.567 best 3.567@39000 since 0 (7175s)
    [confirm_fmlpres_400] step 40000 lr 1.64e-03 decay mon 3.548 best 3.548@40000 since 0 (7358s)
    [confirm_fmlpres_400] step 41000 lr 8.78e-04 decay mon 3.522 best 3.522@41000 since 0 (7542s)
    [confirm_fmlpres_400] step 42000 lr 2.57e-04 decay mon 3.496 best 3.496@42000 since 0 (7726s)
    [confirm_fmlpres_400] step 43000 lr 2.00e-05 decay mon 3.489 best 3.489@43000 since 0 (7909s)
  DONE confirm/confirm_fmlpres_400/seed1: 403.7KB (i8 361.0+pke 15.75+f32 27.0) float 3.389 int8 ppl 3.395 t1 0.636 t3 0.820 | best@43000 decayed mon 3.489 [appended]
  RUN  confirm/confirm_addstate_400/seed1 (train-to-convergence B=512 L=96)
    [confirm_addstate_400] step 1000 lr 2.50e-03 plateau mon 4.332 best 4.332@1000 since 0 (167s)
    [confirm_addstate_400] step 2000 lr 2.50e-03 plateau mon 3.941 best 3.941@2000 since 0 (334s)
    [confirm_addstate_400] step 3000 lr 2.50e-03 plateau mon 3.821 best 3.821@3000 since 0 (501s)
    [confirm_addstate_400] step 4000 lr 2.50e-03 plateau mon 3.773 best 3.773@4000 since 0 (668s)
    [confirm_addstate_400] step 5000 lr 2.50e-03 plateau mon 3.725 best 3.725@5000 since 0 (836s)
    [confirm_addstate_400] step 6000 lr 2.50e-03 plateau mon 3.721 best 3.721@6000 since 0 (1003s)
    [confirm_addstate_400] step 7000 lr 2.50e-03 plateau mon 3.705 best 3.705@7000 since 0 (1170s)
    [confirm_addstate_400] step 8000 lr 2.50e-03 plateau mon 3.671 best 3.671@8000 since 0 (1337s)
    [confirm_addstate_400] step 9000 lr 2.50e-03 plateau mon 3.701 best 3.671@8000 since 1 (1504s)
    [confirm_addstate_400] step 10000 lr 2.50e-03 plateau mon 3.674 best 3.671@8000 since 2 (1671s)
    [confirm_addstate_400] step 11000 lr 2.50e-03 plateau mon 3.633 best 3.633@11000 since 0 (1838s)
    [confirm_addstate_400] step 12000 lr 2.50e-03 plateau mon 3.645 best 3.633@11000 since 1 (2006s)
    [confirm_addstate_400] step 13000 lr 2.50e-03 plateau mon 3.632 best 3.633@11000 since 2 (2173s)
    [confirm_addstate_400] step 14000 lr 2.50e-03 plateau mon 3.650 best 3.633@11000 since 3 (2340s)
    [confirm_addstate_400] step 15000 lr 2.50e-03 plateau mon 3.624 best 3.624@15000 since 0 (2508s)
    [confirm_addstate_400] step 16000 lr 2.50e-03 plateau mon 3.634 best 3.624@15000 since 1 (2675s)
    [confirm_addstate_400] step 17000 lr 2.50e-03 plateau mon 3.638 best 3.624@15000 since 2 (2842s)
    [confirm_addstate_400] step 18000 lr 2.50e-03 plateau mon 3.628 best 3.624@15000 since 3 (3010s)
    [confirm_addstate_400] step 19000 lr 2.50e-03 plateau mon 3.643 best 3.624@15000 since 4 (3177s)
    [confirm_addstate_400] step 20000 lr 2.50e-03 plateau mon 3.643 best 3.624@15000 since 5 (3344s)
    [confirm_addstate_400] step 21000 lr 2.50e-03 plateau mon 3.621 best 3.621@21000 since 0 (3511s)
    [confirm_addstate_400] step 22000 lr 2.50e-03 plateau mon 3.628 best 3.621@21000 since 1 (3679s)
    [confirm_addstate_400] step 23000 lr 2.50e-03 plateau mon 3.638 best 3.621@21000 since 2 (3846s)
    [confirm_addstate_400] step 24000 lr 2.50e-03 plateau mon 3.613 best 3.613@24000 since 0 (4013s)
    [confirm_addstate_400] step 25000 lr 2.50e-03 plateau mon 3.600 best 3.600@25000 since 0 (4180s)
    [confirm_addstate_400] step 26000 lr 2.50e-03 plateau mon 3.621 best 3.600@25000 since 1 (4347s)
    [confirm_addstate_400] step 27000 lr 2.50e-03 plateau mon 3.600 best 3.600@25000 since 2 (4515s)
    [confirm_addstate_400] step 28000 lr 2.50e-03 plateau mon 3.612 best 3.600@25000 since 3 (4682s)
    [confirm_addstate_400] step 29000 lr 2.50e-03 plateau mon 3.604 best 3.600@25000 since 4 (4849s)
    [confirm_addstate_400] step 30000 lr 2.50e-03 plateau mon 3.586 best 3.586@30000 since 0 (5016s)
    [confirm_addstate_400] step 31000 lr 2.50e-03 plateau mon 3.605 best 3.586@30000 since 1 (5184s)
    [confirm_addstate_400] step 32000 lr 2.50e-03 plateau mon 3.584 best 3.586@30000 since 2 (5351s)
    [confirm_addstate_400] step 33000 lr 2.50e-03 plateau mon 3.616 best 3.586@30000 since 3 (5519s)
    [confirm_addstate_400] step 34000 lr 2.50e-03 plateau mon 3.606 best 3.586@30000 since 4 (5686s)
    [confirm_addstate_400] step 35000 lr 2.50e-03 plateau mon 3.604 best 3.586@30000 since 5 (5853s)
    [confirm_addstate_400] step 36000 lr 2.50e-03 plateau mon 3.593 best 3.586@30000 since 6 (6021s)
    [confirm_addstate_400] step 37000 lr 2.50e-03 plateau mon 3.607 best 3.586@30000 since 7 (6188s)
    [confirm_addstate_400] step 38000 lr 2.50e-03 plateau mon 3.593 best 3.586@30000 since 8 (6356s)
    [confirm_addstate_400] -> DECAY triggered at step 38000
    [confirm_addstate_400] step 39000 lr 2.26e-03 decay mon 3.597 best 3.586@30000 since 9 (6523s)
    [confirm_addstate_400] step 40000 lr 1.64e-03 decay mon 3.578 best 3.578@40000 since 0 (6690s)
    [confirm_addstate_400] step 41000 lr 8.78e-04 decay mon 3.541 best 3.541@41000 since 0 (6858s)
    [confirm_addstate_400] step 42000 lr 2.57e-04 decay mon 3.518 best 3.518@42000 since 0 (7025s)
    [confirm_addstate_400] step 43000 lr 2.00e-05 decay mon 3.511 best 3.511@43000 since 0 (7192s)
  DONE confirm/confirm_addstate_400/seed1: 403.7KB (i8 362.1+pke 15.75+f32 25.9) float 3.455 int8 ppl 3.456 t1 0.632 t3 0.818 | best@43000 decayed mon 3.511 [appended]
  RUN  confirm/confirm_concat_400/seed1 (train-to-convergence B=512 L=96)
    [confirm_concat_400] step 1000 lr 2.50e-03 plateau mon 4.569 best 4.569@1000 since 0 (185s)
    [confirm_concat_400] step 2000 lr 2.50e-03 plateau mon 4.152 best 4.152@2000 since 0 (370s)
    [confirm_concat_400] step 3000 lr 2.50e-03 plateau mon 4.019 best 4.019@3000 since 0 (554s)
    [confirm_concat_400] step 4000 lr 2.50e-03 plateau mon 3.982 best 3.982@4000 since 0 (738s)
    [confirm_concat_400] step 5000 lr 2.50e-03 plateau mon 3.967 best 3.967@5000 since 0 (923s)
    [confirm_concat_400] step 6000 lr 2.50e-03 plateau mon 3.923 best 3.923@6000 since 0 (1106s)
    [confirm_concat_400] step 7000 lr 2.50e-03 plateau mon 3.930 best 3.923@6000 since 1 (1290s)
    [confirm_concat_400] step 8000 lr 2.50e-03 plateau mon 3.905 best 3.905@8000 since 0 (1475s)
    [confirm_concat_400] step 9000 lr 2.50e-03 plateau mon 3.894 best 3.894@9000 since 0 (1658s)
    [confirm_concat_400] step 10000 lr 2.50e-03 plateau mon 3.880 best 3.880@10000 since 0 (1842s)
    [confirm_concat_400] step 11000 lr 2.50e-03 plateau mon 3.853 best 3.853@11000 since 0 (2026s)
    [confirm_concat_400] step 12000 lr 2.50e-03 plateau mon 3.855 best 3.853@11000 since 1 (2210s)
    [confirm_concat_400] step 13000 lr 2.50e-03 plateau mon 3.866 best 3.853@11000 since 2 (2394s)
    [confirm_concat_400] step 14000 lr 2.50e-03 plateau mon 3.859 best 3.853@11000 since 3 (2577s)
    [confirm_concat_400] step 15000 lr 2.50e-03 plateau mon 3.847 best 3.847@15000 since 0 (2761s)
    [confirm_concat_400] step 16000 lr 2.50e-03 plateau mon 3.877 best 3.847@15000 since 1 (2945s)
    [confirm_concat_400] step 17000 lr 2.50e-03 plateau mon 3.870 best 3.847@15000 since 2 (3129s)
    [confirm_concat_400] step 18000 lr 2.50e-03 plateau mon 3.863 best 3.847@15000 since 3 (3312s)
    [confirm_concat_400] step 19000 lr 2.50e-03 plateau mon 3.859 best 3.847@15000 since 4 (3496s)
    [confirm_concat_400] step 20000 lr 2.50e-03 plateau mon 3.842 best 3.842@20000 since 0 (3679s)
    [confirm_concat_400] step 21000 lr 2.50e-03 plateau mon 3.842 best 3.842@20000 since 1 (3861s)
    [confirm_concat_400] step 22000 lr 2.50e-03 plateau mon 3.851 best 3.842@20000 since 2 (4046s)
    [confirm_concat_400] step 23000 lr 2.50e-03 plateau mon 3.832 best 3.832@23000 since 0 (4230s)
    [confirm_concat_400] step 24000 lr 2.50e-03 plateau mon 3.858 best 3.832@23000 since 1 (4413s)
    [confirm_concat_400] step 25000 lr 2.50e-03 plateau mon 3.838 best 3.832@23000 since 2 (4597s)
    [confirm_concat_400] step 26000 lr 2.50e-03 plateau mon 3.860 best 3.832@23000 since 3 (4780s)
    [confirm_concat_400] step 27000 lr 2.50e-03 plateau mon 3.861 best 3.832@23000 since 4 (4964s)
    [confirm_concat_400] step 28000 lr 2.50e-03 plateau mon 3.860 best 3.832@23000 since 5 (5148s)
    [confirm_concat_400] step 29000 lr 2.50e-03 plateau mon 3.845 best 3.832@23000 since 6 (5332s)
    [confirm_concat_400] step 30000 lr 2.50e-03 plateau mon 3.840 best 3.832@23000 since 7 (5515s)
    [confirm_concat_400] step 31000 lr 2.50e-03 plateau mon 3.837 best 3.832@23000 since 8 (5699s)
    [confirm_concat_400] -> DECAY triggered at step 31000
    [confirm_concat_400] step 32000 lr 2.26e-03 decay mon 3.849 best 3.832@23000 since 9 (5882s)
    [confirm_concat_400] step 33000 lr 1.64e-03 decay mon 3.804 best 3.804@33000 since 0 (6065s)
    [confirm_concat_400] step 34000 lr 8.78e-04 decay mon 3.790 best 3.790@34000 since 0 (6249s)
    [confirm_concat_400] step 35000 lr 2.57e-04 decay mon 3.755 best 3.755@35000 since 0 (6433s)
    [confirm_concat_400] step 36000 lr 2.00e-05 decay mon 3.750 best 3.750@36000 since 0 (6616s)
  DONE confirm/confirm_concat_400/seed1: 406.4KB (i8 364.3+pke 15.75+f32 26.3) float 3.515 int8 ppl 3.518 t1 0.630 t3 0.815 | best@36000 decayed mon 3.750 [appended]
  RUN  confirm/confirm_base_400/seed2 (train-to-convergence B=512 L=96)
    [confirm_base_400] step 1000 lr 2.50e-03 plateau mon 4.457 best 4.457@1000 since 0 (161s)
    [confirm_base_400] step 2000 lr 2.50e-03 plateau mon 4.046 best 4.046@2000 since 0 (328s)
    [confirm_base_400] step 3000 lr 2.50e-03 plateau mon 3.954 best 3.954@3000 since 0 (773s)
    [confirm_base_400] step 4000 lr 2.50e-03 plateau mon 3.888 best 3.888@4000 since 0 (924s)
    [confirm_base_400] step 5000 lr 2.50e-03 plateau mon 3.842 best 3.842@5000 since 0 (1090s)
    [confirm_base_400] step 6000 lr 2.50e-03 plateau mon 3.818 best 3.818@6000 since 0 (1269s)
    [confirm_base_400] step 7000 lr 2.50e-03 plateau mon 3.794 best 3.794@7000 since 0 (1436s)
    [confirm_base_400] step 8000 lr 2.50e-03 plateau mon 3.790 best 3.790@8000 since 0 (1649s)
    [confirm_base_400] step 9000 lr 2.50e-03 plateau mon 3.777 best 3.777@9000 since 0 (1816s)
    [confirm_base_400] step 10000 lr 2.50e-03 plateau mon 3.760 best 3.760@10000 since 0 (1983s)
    [confirm_base_400] step 11000 lr 2.50e-03 plateau mon 3.762 best 3.760@10000 since 1 (2149s)
    [confirm_base_400] step 12000 lr 2.50e-03 plateau mon 3.747 best 3.747@12000 since 0 (2315s)
    [confirm_base_400] step 13000 lr 2.50e-03 plateau mon 3.766 best 3.747@12000 since 1 (2481s)
    [confirm_base_400] step 14000 lr 2.50e-03 plateau mon 3.757 best 3.747@12000 since 2 (2646s)
    [confirm_base_400] step 15000 lr 2.50e-03 plateau mon 3.740 best 3.740@15000 since 0 (2812s)
    [confirm_base_400] step 16000 lr 2.50e-03 plateau mon 3.741 best 3.740@15000 since 1 (2976s)
    [confirm_base_400] step 17000 lr 2.50e-03 plateau mon 3.740 best 3.740@15000 since 2 (3141s)
    [confirm_base_400] step 18000 lr 2.50e-03 plateau mon 3.725 best 3.725@18000 since 0 (3305s)
    [confirm_base_400] step 19000 lr 2.50e-03 plateau mon 3.747 best 3.725@18000 since 1 (3470s)
    [confirm_base_400] step 20000 lr 2.50e-03 plateau mon 3.723 best 3.725@18000 since 2 (3635s)
    [confirm_base_400] step 21000 lr 2.50e-03 plateau mon 3.737 best 3.725@18000 since 3 (3801s)
    [confirm_base_400] step 22000 lr 2.50e-03 plateau mon 3.719 best 3.719@22000 since 0 (3966s)
    [confirm_base_400] step 23000 lr 2.50e-03 plateau mon 3.734 best 3.719@22000 since 1 (4132s)
    [confirm_base_400] step 24000 lr 2.50e-03 plateau mon 3.731 best 3.719@22000 since 2 (4297s)
    [confirm_base_400] step 25000 lr 2.50e-03 plateau mon 3.733 best 3.719@22000 since 3 (4462s)
    [confirm_base_400] step 26000 lr 2.50e-03 plateau mon 3.742 best 3.719@22000 since 4 (4628s)
    [confirm_base_400] step 27000 lr 2.50e-03 plateau mon 3.709 best 3.709@27000 since 0 (4791s)
    [confirm_base_400] step 28000 lr 2.50e-03 plateau mon 3.737 best 3.709@27000 since 1 (4957s)
    [confirm_base_400] step 29000 lr 2.50e-03 plateau mon 3.724 best 3.709@27000 since 2 (5122s)
    [confirm_base_400] step 30000 lr 2.50e-03 plateau mon 3.724 best 3.709@27000 since 3 (5287s)
    [confirm_base_400] step 31000 lr 2.50e-03 plateau mon 3.709 best 3.709@27000 since 4 (5453s)
    [confirm_base_400] step 32000 lr 2.50e-03 plateau mon 3.745 best 3.709@27000 since 5 (5619s)
    [confirm_base_400] step 33000 lr 2.50e-03 plateau mon 3.706 best 3.706@33000 since 0 (5784s)
    [confirm_base_400] step 34000 lr 2.50e-03 plateau mon 3.708 best 3.706@33000 since 1 (5947s)
    [confirm_base_400] step 35000 lr 2.50e-03 plateau mon 3.714 best 3.706@33000 since 2 (6110s)
    [confirm_base_400] step 36000 lr 2.50e-03 plateau mon 3.717 best 3.706@33000 since 3 (6276s)
    [confirm_base_400] step 37000 lr 2.50e-03 plateau mon 3.712 best 3.706@33000 since 4 (6439s)
    [confirm_base_400] step 38000 lr 2.50e-03 plateau mon 3.716 best 3.706@33000 since 5 (6604s)
    [confirm_base_400] step 39000 lr 2.50e-03 plateau mon 3.723 best 3.706@33000 since 6 (6768s)
    [confirm_base_400] step 40000 lr 2.50e-03 plateau mon 3.716 best 3.706@33000 since 7 (6929s)
    [confirm_base_400] step 41000 lr 2.50e-03 plateau mon 3.720 best 3.706@33000 since 8 (7093s)
    [confirm_base_400] -> DECAY triggered at step 41000
    [confirm_base_400] step 42000 lr 2.26e-03 decay mon 3.708 best 3.706@33000 since 9 (7257s)
    [confirm_base_400] step 43000 lr 1.64e-03 decay mon 3.676 best 3.676@43000 since 0 (7421s)
    [confirm_base_400] step 44000 lr 8.78e-04 decay mon 3.653 best 3.653@44000 since 0 (7584s)
    [confirm_base_400] step 45000 lr 2.57e-04 decay mon 3.622 best 3.622@45000 since 0 (7747s)
    [confirm_base_400] step 46000 lr 2.00e-05 decay mon 3.613 best 3.613@46000 since 0 (7937s)
  DONE confirm/confirm_base_400/seed2: 403.3KB (i8 376.8+pke 0.00+f32 26.5) float 3.413 int8 ppl 3.417 t1 0.634 t3 0.820 | best@46000 decayed mon 3.613 [appended]
  RUN  confirm/confirm_fmlpres_400/seed2 (train-to-convergence B=512 L=96)
    [confirm_fmlpres_400] step 1000 lr 2.50e-03 plateau mon 4.725 best 4.725@1000 since 0 (321s)
    [confirm_fmlpres_400] step 2000 lr 2.50e-03 plateau mon 4.235 best 4.235@2000 since 0 (622s)
    [confirm_fmlpres_400] step 3000 lr 2.50e-03 plateau mon 4.102 best 4.102@3000 since 0 (924s)
    [confirm_fmlpres_400] step 4000 lr 2.50e-03 plateau mon 4.033 best 4.033@4000 since 0 (1223s)
    [confirm_fmlpres_400] step 5000 lr 2.50e-03 plateau mon 3.998 best 3.998@5000 since 0 (1521s)
    [confirm_fmlpres_400] step 6000 lr 2.50e-03 plateau mon 3.970 best 3.970@6000 since 0 (1817s)
    [confirm_fmlpres_400] step 7000 lr 2.50e-03 plateau mon 3.946 best 3.946@7000 since 0 (2113s)
    [confirm_fmlpres_400] step 8000 lr 2.50e-03 plateau mon 3.942 best 3.942@8000 since 0 (2410s)
    [confirm_fmlpres_400] step 9000 lr 2.50e-03 plateau mon 3.911 best 3.911@9000 since 0 (2706s)
    [confirm_fmlpres_400] step 10000 lr 2.50e-03 plateau mon 3.926 best 3.911@9000 since 1 (2995s)
    [confirm_fmlpres_400] step 11000 lr 2.50e-03 plateau mon 3.892 best 3.892@11000 since 0 (3287s)
    [confirm_fmlpres_400] step 12000 lr 2.50e-03 plateau mon 3.897 best 3.892@11000 since 1 (3577s)
    [confirm_fmlpres_400] step 13000 lr 2.50e-03 plateau mon 3.900 best 3.892@11000 since 2 (5961s)
    [confirm_fmlpres_400] step 14000 lr 2.50e-03 plateau mon 3.884 best 3.884@14000 since 0 (6122s)
    [confirm_fmlpres_400] step 15000 lr 2.50e-03 plateau mon 3.887 best 3.884@14000 since 1 (6293s)
    [confirm_fmlpres_400] step 16000 lr 2.50e-03 plateau mon 3.873 best 3.873@16000 since 0 (6465s)
    [confirm_fmlpres_400] step 17000 lr 2.50e-03 plateau mon 3.876 best 3.873@16000 since 1 (6636s)
    [confirm_fmlpres_400] step 18000 lr 2.50e-03 plateau mon 3.890 best 3.873@16000 since 2 (6818s)
    [confirm_fmlpres_400] step 19000 lr 2.50e-03 plateau mon 3.872 best 3.873@16000 since 3 (7009s)
    [confirm_fmlpres_400] step 20000 lr 2.50e-03 plateau mon 3.870 best 3.870@20000 since 0 (7201s)
    [confirm_fmlpres_400] step 21000 lr 2.50e-03 plateau mon 3.898 best 3.870@20000 since 1 (7393s)
    [confirm_fmlpres_400] step 22000 lr 2.50e-03 plateau mon 3.865 best 3.865@22000 since 0 (7585s)
    [confirm_fmlpres_400] step 23000 lr 2.50e-03 plateau mon 3.876 best 3.865@22000 since 1 (7776s)
    [confirm_fmlpres_400] step 24000 lr 2.50e-03 plateau mon 3.876 best 3.865@22000 since 2 (7968s)
    [confirm_fmlpres_400] step 25000 lr 2.50e-03 plateau mon 3.863 best 3.865@22000 since 3 (8156s)
    [confirm_fmlpres_400] step 26000 lr 2.50e-03 plateau mon 3.876 best 3.865@22000 since 4 (8329s)
    [confirm_fmlpres_400] step 27000 lr 2.50e-03 plateau mon 3.864 best 3.865@22000 since 5 (8503s)
    [confirm_fmlpres_400] step 28000 lr 2.50e-03 plateau mon 3.862 best 3.862@28000 since 0 (8676s)
    [confirm_fmlpres_400] step 29000 lr 2.50e-03 plateau mon 3.864 best 3.862@28000 since 1 (8854s)
    [confirm_fmlpres_400] step 30000 lr 2.50e-03 plateau mon 3.852 best 3.852@30000 since 0 (9028s)
    [confirm_fmlpres_400] step 31000 lr 2.50e-03 plateau mon 3.878 best 3.852@30000 since 1 (9202s)
    [confirm_fmlpres_400] step 32000 lr 2.50e-03 plateau mon 3.898 best 3.852@30000 since 2 (9375s)
    [confirm_fmlpres_400] step 33000 lr 2.50e-03 plateau mon 3.878 best 3.852@30000 since 3 (9549s)
    [confirm_fmlpres_400] step 34000 lr 2.50e-03 plateau mon 3.871 best 3.852@30000 since 4 (9722s)
    [confirm_fmlpres_400] step 35000 lr 2.50e-03 plateau mon 3.872 best 3.852@30000 since 5 (9895s)
    [confirm_fmlpres_400] step 36000 lr 2.50e-03 plateau mon 3.863 best 3.852@30000 since 6 (10069s)
    [confirm_fmlpres_400] step 37000 lr 2.50e-03 plateau mon 3.863 best 3.852@30000 since 7 (10243s)
    [confirm_fmlpres_400] step 38000 lr 2.50e-03 plateau mon 3.850 best 3.852@30000 since 8 (10417s)
    [confirm_fmlpres_400] -> DECAY triggered at step 38000
    [confirm_fmlpres_400] step 39000 lr 2.26e-03 decay mon 3.832 best 3.832@39000 since 0 (10594s)
    [confirm_fmlpres_400] step 40000 lr 1.64e-03 decay mon 3.836 best 3.832@39000 since 1 (10759s)
    [confirm_fmlpres_400] step 41000 lr 8.78e-04 decay mon 3.783 best 3.783@41000 since 0 (10928s)
    [confirm_fmlpres_400] step 42000 lr 2.57e-04 decay mon 3.758 best 3.758@42000 since 0 (11095s)
    [confirm_fmlpres_400] step 43000 lr 2.00e-05 decay mon 3.752 best 3.752@43000 since 0 (11260s)
  DONE confirm/confirm_fmlpres_400/seed2: 403.7KB (i8 361.0+pke 15.75+f32 27.0) float 3.393 int8 ppl 3.395 t1 0.636 t3 0.820 | best@43000 decayed mon 3.752 [appended]
  RUN  confirm/confirm_addstate_400/seed2 (train-to-convergence B=512 L=96)
    [confirm_addstate_400] step 1000 lr 2.50e-03 plateau mon 4.356 best 4.356@1000 since 0 (166s)
    [confirm_addstate_400] step 2000 lr 2.50e-03 plateau mon 3.954 best 3.954@2000 since 0 (331s)
    [confirm_addstate_400] step 3000 lr 2.50e-03 plateau mon 3.835 best 3.835@3000 since 0 (498s)
    [confirm_addstate_400] step 4000 lr 2.50e-03 plateau mon 3.779 best 3.779@4000 since 0 (662s)
    [confirm_addstate_400] step 5000 lr 2.50e-03 plateau mon 3.743 best 3.743@5000 since 0 (828s)
    [confirm_addstate_400] step 6000 lr 2.50e-03 plateau mon 3.737 best 3.737@6000 since 0 (995s)
    [confirm_addstate_400] step 7000 lr 2.50e-03 plateau mon 3.708 best 3.708@7000 since 0 (1163s)
    [confirm_addstate_400] step 8000 lr 2.50e-03 plateau mon 3.702 best 3.702@8000 since 0 (1332s)
    [confirm_addstate_400] step 9000 lr 2.50e-03 plateau mon 3.698 best 3.698@9000 since 0 (1506s)
    [confirm_addstate_400] step 10000 lr 2.50e-03 plateau mon 3.700 best 3.698@9000 since 1 (1682s)
    [confirm_addstate_400] step 11000 lr 2.50e-03 plateau mon 3.696 best 3.698@9000 since 2 (1861s)
    [confirm_addstate_400] step 12000 lr 2.50e-03 plateau mon 3.672 best 3.672@12000 since 0 (2035s)
    [confirm_addstate_400] step 13000 lr 2.50e-03 plateau mon 3.678 best 3.672@12000 since 1 (2207s)
    [confirm_addstate_400] step 14000 lr 2.50e-03 plateau mon 3.651 best 3.651@14000 since 0 (2379s)
    [confirm_addstate_400] step 15000 lr 2.50e-03 plateau mon 3.685 best 3.651@14000 since 1 (2550s)
    [confirm_addstate_400] step 16000 lr 2.50e-03 plateau mon 3.683 best 3.651@14000 since 2 (2722s)
    [confirm_addstate_400] step 17000 lr 2.50e-03 plateau mon 3.675 best 3.651@14000 since 3 (2893s)
    [confirm_addstate_400] step 18000 lr 2.50e-03 plateau mon 3.660 best 3.651@14000 since 4 (3064s)
    [confirm_addstate_400] step 19000 lr 2.50e-03 plateau mon 3.673 best 3.651@14000 since 5 (3236s)
    [confirm_addstate_400] step 20000 lr 2.50e-03 plateau mon 3.679 best 3.651@14000 since 6 (3407s)
    [confirm_addstate_400] step 21000 lr 2.50e-03 plateau mon 3.663 best 3.651@14000 since 7 (3579s)
    [confirm_addstate_400] step 22000 lr 2.50e-03 plateau mon 3.665 best 3.651@14000 since 8 (3751s)
    [confirm_addstate_400] -> DECAY triggered at step 22000
    [confirm_addstate_400] step 23000 lr 2.26e-03 decay mon 3.650 best 3.651@14000 since 9 (3922s)
    [confirm_addstate_400] step 24000 lr 1.64e-03 decay mon 3.624 best 3.624@24000 since 0 (4093s)
    [confirm_addstate_400] step 25000 lr 8.78e-04 decay mon 3.597 best 3.597@25000 since 0 (4264s)
    [confirm_addstate_400] step 26000 lr 2.57e-04 decay mon 3.580 best 3.580@26000 since 0 (4436s)
    [confirm_addstate_400] step 27000 lr 2.00e-05 decay mon 3.569 best 3.569@27000 since 0 (4607s)
  DONE confirm/confirm_addstate_400/seed2: 403.7KB (i8 362.1+pke 15.75+f32 25.9) float 3.447 int8 ppl 3.448 t1 0.632 t3 0.817 | best@27000 decayed mon 3.569 [appended]
  RUN  confirm/confirm_concat_400/seed2 (train-to-convergence B=512 L=96)
    [confirm_concat_400] step 1000 lr 2.50e-03 plateau mon 4.230 best 4.230@1000 since 0 (189s)
    [confirm_concat_400] step 2000 lr 2.50e-03 plateau mon 3.858 best 3.858@2000 since 0 (379s)
    [confirm_concat_400] step 3000 lr 2.50e-03 plateau mon 3.747 best 3.747@3000 since 0 (571s)
    [confirm_concat_400] step 4000 lr 2.50e-03 plateau mon 3.685 best 3.685@4000 since 0 (763s)
    [confirm_concat_400] step 5000 lr 2.50e-03 plateau mon 3.650 best 3.650@5000 since 0 (955s)
    [confirm_concat_400] step 6000 lr 2.50e-03 plateau mon 3.642 best 3.642@6000 since 0 (1141s)
    [confirm_concat_400] step 7000 lr 2.50e-03 plateau mon 3.623 best 3.623@7000 since 0 (1312s)
    [confirm_concat_400] step 8000 lr 2.50e-03 plateau mon 3.621 best 3.621@8000 since 0 (1475s)
    [confirm_concat_400] step 9000 lr 2.50e-03 plateau mon 3.604 best 3.604@9000 since 0 (1638s)
    [confirm_concat_400] step 10000 lr 2.50e-03 plateau mon 3.595 best 3.595@10000 since 0 (1802s)
    [confirm_concat_400] step 11000 lr 2.50e-03 plateau mon 3.595 best 3.595@10000 since 1 (1973s)
    [confirm_concat_400] step 12000 lr 2.50e-03 plateau mon 3.563 best 3.563@12000 since 0 (2144s)
    [confirm_concat_400] step 13000 lr 2.50e-03 plateau mon 3.550 best 3.550@13000 since 0 (2315s)
    [confirm_concat_400] step 14000 lr 2.50e-03 plateau mon 3.564 best 3.550@13000 since 1 (2486s)
    [confirm_concat_400] step 15000 lr 2.50e-03 plateau mon 3.562 best 3.550@13000 since 2 (2657s)
    [confirm_concat_400] step 16000 lr 2.50e-03 plateau mon 3.562 best 3.550@13000 since 3 (2828s)
    [confirm_concat_400] step 17000 lr 2.50e-03 plateau mon 3.561 best 3.550@13000 since 4 (2998s)
    [confirm_concat_400] step 18000 lr 2.50e-03 plateau mon 3.571 best 3.550@13000 since 5 (3169s)
    [confirm_concat_400] step 19000 lr 2.50e-03 plateau mon 3.576 best 3.550@13000 since 6 (3340s)
    [confirm_concat_400] step 20000 lr 2.50e-03 plateau mon 3.541 best 3.541@20000 since 0 (3511s)
    [confirm_concat_400] step 21000 lr 2.50e-03 plateau mon 3.578 best 3.541@20000 since 1 (3681s)
    [confirm_concat_400] step 22000 lr 2.50e-03 plateau mon 3.547 best 3.541@20000 since 2 (3852s)
    [confirm_concat_400] step 23000 lr 2.50e-03 plateau mon 3.546 best 3.541@20000 since 3 (4030s)
    [confirm_concat_400] step 24000 lr 2.50e-03 plateau mon 3.552 best 3.541@20000 since 4 (4209s)
    [confirm_concat_400] step 25000 lr 2.50e-03 plateau mon 3.552 best 3.541@20000 since 5 (4397s)
    [confirm_concat_400] step 26000 lr 2.50e-03 plateau mon 3.538 best 3.538@26000 since 0 (4583s)
    [confirm_concat_400] step 27000 lr 2.50e-03 plateau mon 3.537 best 3.538@26000 since 1 (4770s)
    [confirm_concat_400] step 28000 lr 2.50e-03 plateau mon 3.538 best 3.538@26000 since 2 (4953s)
    [confirm_concat_400] step 29000 lr 2.50e-03 plateau mon 3.550 best 3.538@26000 since 3 (5133s)
    [confirm_concat_400] step 30000 lr 2.50e-03 plateau mon 3.539 best 3.538@26000 since 4 (5311s)
    [confirm_concat_400] step 31000 lr 2.50e-03 plateau mon 3.534 best 3.534@31000 since 0 (5496s)
    [confirm_concat_400] step 32000 lr 2.50e-03 plateau mon 3.560 best 3.534@31000 since 1 (5677s)
    [confirm_concat_400] step 33000 lr 2.50e-03 plateau mon 3.545 best 3.534@31000 since 2 (5849s)
    [confirm_concat_400] step 34000 lr 2.50e-03 plateau mon 3.535 best 3.534@31000 since 3 (6029s)
    [confirm_concat_400] step 35000 lr 2.50e-03 plateau mon 3.528 best 3.528@35000 since 0 (6201s)
    [confirm_concat_400] step 36000 lr 2.50e-03 plateau mon 3.534 best 3.528@35000 since 1 (6374s)
    [confirm_concat_400] step 37000 lr 2.50e-03 plateau mon 3.544 best 3.528@35000 since 2 (6549s)
    [confirm_concat_400] step 38000 lr 2.50e-03 plateau mon 3.550 best 3.528@35000 since 3 (6726s)
    [confirm_concat_400] step 39000 lr 2.50e-03 plateau mon 3.516 best 3.516@39000 since 0 (6899s)
    [confirm_concat_400] step 40000 lr 2.50e-03 plateau mon 3.522 best 3.516@39000 since 1 (7079s)
    [confirm_concat_400] step 41000 lr 2.50e-03 plateau mon 3.498 best 3.498@41000 since 0 (7255s)
    [confirm_concat_400] step 42000 lr 2.50e-03 plateau mon 3.510 best 3.498@41000 since 1 (7425s)
    [confirm_concat_400] step 43000 lr 2.50e-03 plateau mon 3.529 best 3.498@41000 since 2 (7593s)
    [confirm_concat_400] step 44000 lr 2.50e-03 plateau mon 3.527 best 3.498@41000 since 3 (7759s)
    [confirm_concat_400] step 45000 lr 2.50e-03 plateau mon 3.514 best 3.498@41000 since 4 (7924s)
    [confirm_concat_400] step 46000 lr 2.50e-03 plateau mon 3.518 best 3.498@41000 since 5 (8092s)
    [confirm_concat_400] step 47000 lr 2.50e-03 plateau mon 3.539 best 3.498@41000 since 6 (8258s)
=== pke_chain start Thu Sep 17 20:42:12 EDT 2026 ===
device cuda torch 2.10.0+cu130
train 19,625,263 val 432,739  eval 200x400 = 80,000 positions
  size s100: HF96 HS40 E40 FL1 -> 84.8KB
  size s170: HF152 HS64 E48 FL1 -> 172.3KB
  size s260: HF208 HS80 E56 FL1 -> 282.4KB
  size s360: HF272 HS96 E64 FL1 -> 437.4KB

=== PHASE base (train-to-convergence, patience 8) ===
  skip gru/base_s100/seed0
  skip gru/base_s170/seed0
  skip gru/base_s260/seed0
  skip gru/base_s360/seed0
run_pke: all requested work complete.
device cuda torch 2.10.0+cu130
train 19,625,263 val 432,739  eval 200x400 = 80,000 positions

=== PHASE fmlp (train-to-convergence, patience 8) ===
  skip gru/replace_fmlp_k7_D4_HfkD_s170/seed0
  skip gru/replace_fmlp_k7_D8_HfkD_s170/seed0
  skip gru/replace_fmlp_k7_D16_HfkD_s170/seed0
  skip gru/replace_fmlp_k7_D32_HfkD_s170/seed0
  skip gru/replace_fmlp_k7_D16_HfE_s170/seed0
  skip gru/replace_fmlp_k7_D16_Hf2kD_s170/seed0
  skip gru/replace_fmlp_k12_D16_HfkD_s170/seed0
  RUN  gru/replace_fmlp_k7_D16_Hf2kD_s100/seed0 (train-to-convergence B=512 L=96)
Traceback (most recent call last):
  File "C:\Users\Timeroot\azoth\firmware_re\cfw\run_pke.py", line 834, in <module>
    main()
    ~~~~^^
  File "C:\Users\Timeroot\azoth\firmware_re\cfw\run_pke.py", line 779, in main
    do("fmlp", "gru", fmlp_cfgs(), args.seeds or [0])
    ~~^^^^^^^^^^^^^^^^^^^^^^^^^^^^^^^^^^^^^^^^^^^^^^^
  File "C:\Users\Timeroot\azoth\firmware_re\cfw\run_pke.py", line 769, in do
    run_one(variant, name, bfn, tr, va, seqs, tgt, sd, done, **tk)
    ~~~~~~~^^^^^^^^^^^^^^^^^^^^^^^^^^^^^^^^^^^^^^^^^^^^^^^^^^^^^^^
  File "C:\Users\Timeroot\azoth\firmware_re\cfw\run_pke.py", line 571, in run_one
    net, m = train_model(build_fn, tr, va, seed, tag=f"{cfg_name}", B=B, L=L, **tk)
             ~~~~~~~~~~~^^^^^^^^^^^^^^^^^^^^^^^^^^^^^^^^^^^^^^^^^^^^^^^^^^^^^^^^^^^
  File "C:\Users\Timeroot\azoth\firmware_re\cfw\run_pke.py", line 434, in train_model
    opt.zero_grad(); loss.backward()
                     ~~~~~~~~~~~~~^^
  File "C:\Users\Timeroot\AppData\Local\Packages\PythonSoftwareFoundation.Python.3.13_qbz5n2kfra8p0\LocalCache\local-packages\Python313\site-packages\torch\_tensor.py", line 630, in backward
    torch.autograd.backward(
    ~~~~~~~~~~~~~~~~~~~~~~~^
        self, gradient, retain_graph, create_graph, inputs=inputs
        ^^^^^^^^^^^^^^^^^^^^^^^^^^^^^^^^^^^^^^^^^^^^^^^^^^^^^^^^^
    )
    ^
  File "C:\Users\Timeroot\AppData\Local\Packages\PythonSoftwareFoundation.Python.3.13_qbz5n2kfra8p0\LocalCache\local-packages\Python313\site-packages\torch\autograd\__init__.py", line 364, in backward
    _engine_run_backward(
    ~~~~~~~~~~~~~~~~~~~~^
        tensors,
        ^^^^^^^^
    ...<5 lines>...
        accumulate_grad=True,
        ^^^^^^^^^^^^^^^^^^^^^
    )
    ^
  File "C:\Users\Timeroot\AppData\Local\Packages\PythonSoftwareFoundation.Python.3.13_qbz5n2kfra8p0\LocalCache\local-packages\Python313\site-packages\torch\autograd\graph.py", line 865, in _engine_run_backward
    return Variable._execution_engine.run_backward(  # Calls into the C++ engine to run the backward pass
           ~~~~~~~~~~~~~~~~~~~~~~~~~~~~~~~~~~~~~~~^^^^^^^^^^^^^^^^^^^^^^^^^^^^^^^^^^^^^^^^^^^^^^^^^^^^^^^
        t_outputs, *args, **kwargs
        ^^^^^^^^^^^^^^^^^^^^^^^^^^
    )  # Calls into the C++ engine to run the backward pass
    ^
torch.AcceleratorError: CUDA error: out of memory
Search for `cudaErrorMemoryAllocation' in https://docs.nvidia.com/cuda/cuda-runtime-api/group__CUDART__TYPES.html for more information.
CUDA kernel errors might be asynchronously reported at some other API call, so the stacktrace below might be incorrect.
For debugging consider passing CUDA_LAUNCH_BLOCKING=1
Compile with `TORCH_USE_CUDA_DSA` to enable device-side assertions.

       t_outputs, *args, **kwargs
        ^^^^^^^^^^^^^^^^^^^^^^^^^^
    )  # Calls into the C++ engine to run the backward pass
    ^
torch.AcceleratorError: CUDA error: out of memory
Search for `cudaErrorMemoryAllocation' in https://docs.nvidia.com/cuda/cuda-runtime-api/group__CUDART__TYPES.html for more information.
CUDA kernel errors might be asynchronously reported at some other API call, so the stacktrace below might be incorrect.
For debugging consider passing CUDA_LAUNCH_BLOCKING=1
Compile with `TORCH_USE_CUDA_DSA` to enable device-side assertions.

=== confirm resume2 Thu Sep 17 20:46:12 EDT 2026 ===
device cuda torch 2.10.0+cu130
train 19,625,263 val 432,739  eval 200x400 = 80,000 positions

=== PHASE confirm (train-to-convergence, SEED-OUTER, seeds [0, 1, 2]) ===
  skip confirm/confirm_base_400/seed0
  skip confirm/confirm_fmlpres_400/seed0
  skip confirm/confirm_addstate_400/seed0
  skip confirm/confirm_concat_400/seed0
  skip confirm/confirm_base_400/seed1
  skip confirm/confirm_fmlpres_400/seed1
  skip confirm/confirm_addstate_400/seed1
  skip confirm/confirm_concat_400/seed1
  skip confirm/confirm_base_400/seed2
  skip confirm/confirm_fmlpres_400/seed2
  skip confirm/confirm_addstate_400/seed2
  RUN  confirm/confirm_concat_400/seed2 (train-to-convergence B=512 L=96)
    [confirm_concat_400] step 1000 lr 2.50e-03 plateau mon 4.214 best 4.214@1000 since 0 (152s)
    [confirm_concat_400] step 2000 lr 2.50e-03 plateau mon 3.852 best 3.852@2000 since 0 (301s)
    [confirm_concat_400] step 3000 lr 2.50e-03 plateau mon 3.757 best 3.757@3000 since 0 (461s)
    [confirm_concat_400] step 4000 lr 2.50e-03 plateau mon 3.684 best 3.684@4000 since 0 (614s)
    [confirm_concat_400] step 5000 lr 2.50e-03 plateau mon 3.663 best 3.663@5000 since 0 (773s)
    [confirm_concat_400] step 6000 lr 2.50e-03 plateau mon 3.649 best 3.649@6000 since 0 (928s)
    [confirm_concat_400] step 7000 lr 2.50e-03 plateau mon 3.634 best 3.634@7000 since 0 (1081s)
    [confirm_concat_400] step 8000 lr 2.50e-03 plateau mon 3.620 best 3.620@8000 since 0 (1239s)
    [confirm_concat_400] step 9000 lr 2.50e-03 plateau mon 3.611 best 3.611@9000 since 0 (1390s)
    [confirm_concat_400] step 10000 lr 2.50e-03 plateau mon 3.608 best 3.608@10000 since 0 (1548s)
    [confirm_concat_400] step 11000 lr 2.50e-03 plateau mon 3.590 best 3.590@11000 since 0 (1700s)
    [confirm_concat_400] step 12000 lr 2.50e-03 plateau mon 3.575 best 3.575@12000 since 0 (1857s)
    [confirm_concat_400] step 13000 lr 2.50e-03 plateau mon 3.579 best 3.575@12000 since 1 (2013s)
    [confirm_concat_400] step 14000 lr 2.50e-03 plateau mon 3.570 best 3.570@14000 since 0 (2168s)
    [confirm_concat_400] step 15000 lr 2.50e-03 plateau mon 3.569 best 3.570@14000 since 1 (2334s)
    [confirm_concat_400] step 16000 lr 2.50e-03 plateau mon 3.595 best 3.570@14000 since 2 (2498s)
    [confirm_concat_400] step 17000 lr 2.50e-03 plateau mon 3.557 best 3.557@17000 since 0 (2667s)
    [confirm_concat_400] step 18000 lr 2.50e-03 plateau mon 3.579 best 3.557@17000 since 1 (2835s)
    [confirm_concat_400] step 19000 lr 2.50e-03 plateau mon 3.574 best 3.557@17000 since 2 (3003s)
    [confirm_concat_400] step 20000 lr 2.50e-03 plateau mon 3.554 best 3.554@20000 since 0 (3171s)
    [confirm_concat_400] step 21000 lr 2.50e-03 plateau mon 3.586 best 3.554@20000 since 1 (3336s)
    [confirm_concat_400] step 22000 lr 2.50e-03 plateau mon 3.567 best 3.554@20000 since 2 (3503s)
    [confirm_concat_400] step 23000 lr 2.50e-03 plateau mon 3.565 best 3.554@20000 since 3 (3673s)
    [confirm_concat_400] step 24000 lr 2.50e-03 plateau mon 3.570 best 3.554@20000 since 4 (3842s)
    [confirm_concat_400] step 25000 lr 2.50e-03 plateau mon 3.579 best 3.554@20000 since 5 (4011s)
    [confirm_concat_400] step 26000 lr 2.50e-03 plateau mon 3.547 best 3.547@26000 since 0 (4178s)
    [confirm_concat_400] step 27000 lr 2.50e-03 plateau mon 3.534 best 3.534@27000 since 0 (4348s)
    [confirm_concat_400] step 28000 lr 2.50e-03 plateau mon 3.536 best 3.534@27000 since 1 (4516s)
    [confirm_concat_400] step 29000 lr 2.50e-03 plateau mon 3.559 best 3.534@27000 since 2 (4681s)
    [confirm_concat_400] step 30000 lr 2.50e-03 plateau mon 3.546 best 3.534@27000 since 3 (4851s)
    [confirm_concat_400] step 31000 lr 2.50e-03 plateau mon 3.549 best 3.534@27000 since 4 (5025s)
    [confirm_concat_400] step 32000 lr 2.50e-03 plateau mon 3.570 best 3.534@27000 since 5 (5193s)
    [confirm_concat_400] step 33000 lr 2.50e-03 plateau mon 3.557 best 3.534@27000 since 6 (5368s)
    [confirm_concat_400] step 34000 lr 2.50e-03 plateau mon 3.555 best 3.534@27000 since 7 (5552s)
    [confirm_concat_400] step 35000 lr 2.50e-03 plateau mon 3.552 best 3.534@27000 since 8 (5734s)
    [confirm_concat_400] -> DECAY triggered at step 35000
    [confirm_concat_400] step 36000 lr 2.26e-03 decay mon 3.537 best 3.534@27000 since 9 (5898s)
    [confirm_concat_400] step 37000 lr 1.64e-03 decay mon 3.508 best 3.508@37000 since 0 (6062s)
    [confirm_concat_400] step 38000 lr 8.78e-04 decay mon 3.491 best 3.491@38000 since 0 (6228s)
    [confirm_concat_400] step 39000 lr 2.57e-04 decay mon 3.468 best 3.468@39000 since 0 (6390s)
    [confirm_concat_400] step 40000 lr 2.00e-05 decay mon 3.457 best 3.457@40000 since 0 (6554s)
C:\Users\Timeroot\AppData\Local\Packages\PythonSoftwareFoundation.Python.3.13_qbz5n2kfra8p0\LocalCache\local-packages\Python313\site-packages\torch\nn\modules\rnn.py:1415: UserWarning: RNN module weights are not part of single contiguous chunk of memory. This means they need to be compacted at every call, possibly greatly increasing memory usage. To compact weights again call flatten_parameters(). (Triggered internally at C:\actions-runner\_work\pytorch\pytorch\pytorch\aten\src\ATen\native\cudnn\RNN.cpp:1480.)
  result = _VF.gru(
  DONE confirm/confirm_concat_400/seed2: 406.4KB (i8 364.3+pke 15.75+f32 26.3) float 3.412 int8 ppl 3.412 t1 0.636 t3 0.819 | best@40000 decayed mon 3.457 [appended]
run_pke: all requested work complete.
=== pke_chain done Thu Sep 17 22:35:35 EDT 2026 ===
=== sparse2 start Thu Sep 17 22:36:54 EDT 2026 ===
device cuda torch 2.10.0+cu130
train 19,625,263 val 432,739  eval 200x400 = 80,000 positions

=== PHASE sparse2 (hard-L1-anneal + STE prune, to convergence) ===
  RUN  sparse2/sparse_res_k7_Dh112_nnz16_s170/seed0 (train-to-convergence B=512 L=96)
    [sparse_res_k7_Dh112_nnz16_s170] conc(top16)=0.344 l1c=1.5e-04
    [sparse_res_k7_Dh112_nnz16_s170] step 1000 lr 2.50e-03 plateau mon 8.112 best 8.112@1000 since 0 (196s)
    [sparse_res_k7_Dh112_nnz16_s170] conc(top16)=0.349 l1c=3.0e-04
    [sparse_res_k7_Dh112_nnz16_s170] step 2000 lr 2.50e-03 plateau mon 8.321 best 8.112@1000 since 1 (479s)
    [sparse_res_k7_Dh112_nnz16_s170] conc(top16)=0.346 l1c=4.5e-04
    [sparse_res_k7_Dh112_nnz16_s170] step 3000 lr 2.50e-03 plateau mon 8.021 best 8.021@3000 since 0 (761s)
    [sparse_res_k7_Dh112_nnz16_s170] conc(top16)=0.345 l1c=6.0e-04
    [sparse_res_k7_Dh112_nnz16_s170] step 4000 lr 2.50e-03 plateau mon 8.014 best 8.014@4000 since 0 (1046s)
    [sparse_res_k7_Dh112_nnz16_s170] conc(top16)=0.344 l1c=7.5e-04
    [sparse_res_k7_Dh112_nnz16_s170] step 5000 lr 2.50e-03 plateau mon 8.542 best 8.014@4000 since 1 (1331s)
    [sparse_res_k7_Dh112_nnz16_s170] conc(top16)=0.345 l1c=9.0e-04
    [sparse_res_k7_Dh112_nnz16_s170] step 6000 lr 2.50e-03 plateau mon 8.254 best 8.014@4000 since 2 (1614s)
    [sparse_res_k7_Dh112_nnz16_s170] conc(top16)=0.345 l1c=1.0e-03
    [sparse_res_k7_Dh112_nnz16_s170] step 7000 lr 2.50e-03 plateau mon 8.290 best 8.014@4000 since 3 (1896s)
    [sparse_res_k7_Dh112_nnz16_s170] conc(top16)=0.346 l1c=1.2e-03
    [sparse_res_k7_Dh112_nnz16_s170] step 8000 lr 2.50e-03 plateau mon 7.852 best 7.852@8000 since 0 (2178s)
    [sparse_res_k7_Dh112_nnz16_s170] conc(top16)=0.346 l1c=1.3e-03
    [sparse_res_k7_Dh112_nnz16_s170] step 9000 lr 2.50e-03 plateau mon 8.098 best 7.852@8000 since 1 (2462s)
    [sparse_res_k7_Dh112_nnz16_s170] conc(top16)=0.347 l1c=1.5e-03
    [sparse_res_k7_Dh112_nnz16_s170] step 10000 lr 2.50e-03 plateau mon 8.057 best 7.852@8000 since 2 (2746s)
    [sparse_res_k7_Dh112_nnz16_s170] conc(top16)=0.348 l1c=1.6e-03
    [sparse_res_k7_Dh112_nnz16_s170] step 11000 lr 2.50e-03 plateau mon 8.030 best 7.852@8000 since 3 (3030s)
    [sparse_res_k7_Dh112_nnz16_s170] conc(top16)=0.347 l1c=1.8e-03
    [sparse_res_k7_Dh112_nnz16_s170] step 12000 lr 2.50e-03 plateau mon 7.993 best 7.852@8000 since 4 (3315s)
    [sparse_res_k7_Dh112_nnz16_s170] conc(top16)=0.348 l1c=1.9e-03
    [sparse_res_k7_Dh112_nnz16_s170] step 13000 lr 2.50e-03 plateau mon 7.821 best 7.821@13000 since 0 (3603s)
    [sparse_res_k7_Dh112_nnz16_s170] conc(top16)=0.349 l1c=2.1e-03
    [sparse_res_k7_Dh112_nnz16_s170] step 14000 lr 2.50e-03 plateau mon 7.883 best 7.821@13000 since 1 (3899s)
    [sparse_res_k7_Dh112_nnz16_s170] conc(top16)=0.349 l1c=2.2e-03
    [sparse_res_k7_Dh112_nnz16_s170] step 15000 lr 2.50e-03 plateau mon 8.045 best 7.821@13000 since 2 (4200s)
    [sparse_res_k7_Dh112_nnz16_s170] conc(top16)=0.349 l1c=2.4e-03
    [sparse_res_k7_Dh112_nnz16_s170] step 16000 lr 2.50e-03 plateau mon 8.060 best 7.821@13000 since 3 (4494s)
    [sparse_res_k7_Dh112_nnz16_s170] conc(top16)=0.349 l1c=2.5e-03
    [sparse_res_k7_Dh112_nnz16_s170] step 17000 lr 2.50e-03 plateau mon 7.776 best 7.776@17000 since 0 (4795s)
    [sparse_res_k7_Dh112_nnz16_s170] conc(top16)=0.350 l1c=2.7e-03
    [sparse_res_k7_Dh112_nnz16_s170] step 18000 lr 2.50e-03 plateau mon 7.878 best 7.776@17000 since 1 (5085s)
    [sparse_res_k7_Dh112_nnz16_s170] conc(top16)=0.351 l1c=2.8e-03
    [sparse_res_k7_Dh112_nnz16_s170] step 19000 lr 2.50e-03 plateau mon 7.968 best 7.776@17000 since 2 (5382s)
    [sparse_res_k7_Dh112_nnz16_s170] conc(top16)=0.351 l1c=3.0e-03
    [sparse_res_k7_Dh112_nnz16_s170] step 20000 lr 2.50e-03 plateau mon 7.700 best 7.700@20000 since 0 (5671s)
    [sparse_res_k7_Dh112_nnz16_s170] conc(top16)=0.352 l1c=3.0e-03
    [sparse_res_k7_Dh112_nnz16_s170] step 21000 lr 2.50e-03 plateau mon 7.501 best 7.501@21000 since 0 (5958s)
    [sparse_res_k7_Dh112_nnz16_s170] conc(top16)=0.352 l1c=3.0e-03
    [sparse_res_k7_Dh112_nnz16_s170] step 22000 lr 2.50e-03 plateau mon 7.678 best 7.501@21000 since 1 (6246s)
    [sparse_res_k7_Dh112_nnz16_s170] conc(top16)=0.353 l1c=3.0e-03
    [sparse_res_k7_Dh112_nnz16_s170] step 23000 lr 2.50e-03 plateau mon 7.534 best 7.501@21000 since 2 (6533s)
    [sparse_res_k7_Dh112_nnz16_s170] conc(top16)=0.353 l1c=3.0e-03
    [sparse_res_k7_Dh112_nnz16_s170] step 24000 lr 2.50e-03 plateau mon 7.555 best 7.501@21000 since 3 (6821s)
    [sparse_res_k7_Dh112_nnz16_s170] conc(top16)=0.354 l1c=3.0e-03
    [sparse_res_k7_Dh112_nnz16_s170] step 25000 lr 2.50e-03 plateau mon 7.341 best 7.341@25000 since 0 (7108s)
    [sparse_res_k7_Dh112_nnz16_s170] -> PRUNE baked in (STE top-16) at 25000
    [sparse_res_k7_Dh112_nnz16_s170] conc(top16)=0.288 l1c=3.0e-03
    [sparse_res_k7_Dh112_nnz16_s170] step 26000 lr 2.50e-03 plateau mon 3.997 best 3.997@26000 since 0 (7395s)
    [sparse_res_k7_Dh112_nnz16_s170] conc(top16)=0.289 l1c=3.0e-03
    [sparse_res_k7_Dh112_nnz16_s170] step 27000 lr 2.50e-03 plateau mon 3.950 best 3.950@27000 since 0 (7681s)
    [sparse_res_k7_Dh112_nnz16_s170] conc(top16)=0.292 l1c=3.0e-03
    [sparse_res_k7_Dh112_nnz16_s170] step 28000 lr 2.50e-03 plateau mon 3.918 best 3.918@28000 since 0 (7967s)
    [sparse_res_k7_Dh112_nnz16_s170] conc(top16)=0.296 l1c=3.0e-03
    [sparse_res_k7_Dh112_nnz16_s170] step 29000 lr 2.50e-03 plateau mon 3.876 best 3.876@29000 since 0 (8254s)
    [sparse_res_k7_Dh112_nnz16_s170] conc(top16)=0.299 l1c=3.0e-03
    [sparse_res_k7_Dh112_nnz16_s170] step 30000 lr 2.50e-03 plateau mon 3.876 best 3.876@29000 since 1 (8540s)
    [sparse_res_k7_Dh112_nnz16_s170] conc(top16)=0.304 l1c=3.0e-03
    [sparse_res_k7_Dh112_nnz16_s170] step 31000 lr 2.50e-03 plateau mon 3.866 best 3.866@31000 since 0 (8827s)
    [sparse_res_k7_Dh112_nnz16_s170] conc(top16)=0.306 l1c=3.0e-03
    [sparse_res_k7_Dh112_nnz16_s170] step 32000 lr 2.50e-03 plateau mon 3.857 best 3.857@32000 since 0 (9113s)
    [sparse_res_k7_Dh112_nnz16_s170] conc(top16)=0.308 l1c=3.0e-03
    [sparse_res_k7_Dh112_nnz16_s170] step 33000 lr 2.50e-03 plateau mon 3.850 best 3.850@33000 since 0 (9400s)
    [sparse_res_k7_Dh112_nnz16_s170] conc(top16)=0.311 l1c=3.0e-03
    [sparse_res_k7_Dh112_nnz16_s170] step 34000 lr 2.50e-03 plateau mon 3.842 best 3.842@34000 since 0 (9688s)
    [sparse_res_k7_Dh112_nnz16_s170] conc(top16)=0.316 l1c=3.0e-03
    [sparse_res_k7_Dh112_nnz16_s170] step 35000 lr 2.50e-03 plateau mon 3.855 best 3.842@34000 since 1 (9974s)
    [sparse_res_k7_Dh112_nnz16_s170] conc(top16)=0.316 l1c=3.0e-03
    [sparse_res_k7_Dh112_nnz16_s170] step 36000 lr 2.50e-03 plateau mon 3.836 best 3.836@36000 since 0 (10262s)
    [sparse_res_k7_Dh112_nnz16_s170] conc(top16)=0.319 l1c=3.0e-03
    [sparse_res_k7_Dh112_nnz16_s170] step 37000 lr 2.50e-03 plateau mon 3.830 best 3.830@37000 since 0 (10548s)
    [sparse_res_k7_Dh112_nnz16_s170] conc(top16)=0.324 l1c=3.0e-03
    [sparse_res_k7_Dh112_nnz16_s170] step 38000 lr 2.50e-03 plateau mon 3.815 best 3.815@38000 since 0 (10835s)
    [sparse_res_k7_Dh112_nnz16_s170] conc(top16)=0.326 l1c=3.0e-03
    [sparse_res_k7_Dh112_nnz16_s170] step 39000 lr 2.50e-03 plateau mon 3.827 best 3.815@38000 since 1 (11123s)
    [sparse_res_k7_Dh112_nnz16_s170] conc(top16)=0.331 l1c=3.0e-03
    [sparse_res_k7_Dh112_nnz16_s170] step 40000 lr 2.50e-03 plateau mon 3.817 best 3.815@38000 since 2 (11409s)
    [sparse_res_k7_Dh112_nnz16_s170] conc(top16)=0.335 l1c=3.0e-03
    [sparse_res_k7_Dh112_nnz16_s170] step 41000 lr 2.50e-03 plateau mon 3.826 best 3.815@38000 since 3 (11696s)
    [sparse_res_k7_Dh112_nnz16_s170] conc(top16)=0.340 l1c=3.0e-03
    [sparse_res_k7_Dh112_nnz16_s170] step 42000 lr 2.50e-03 plateau mon 3.802 best 3.802@42000 since 0 (11982s)
    [sparse_res_k7_Dh112_nnz16_s170] conc(top16)=0.342 l1c=3.0e-03
    [sparse_res_k7_Dh112_nnz16_s170] step 43000 lr 2.50e-03 plateau mon 3.803 best 3.802@42000 since 1 (12268s)
    [sparse_res_k7_Dh112_nnz16_s170] conc(top16)=0.342 l1c=3.0e-03
    [sparse_res_k7_Dh112_nnz16_s170] step 44000 lr 2.50e-03 plateau mon 3.810 best 3.802@42000 since 2 (12554s)
    [sparse_res_k7_Dh112_nnz16_s170] conc(top16)=0.345 l1c=3.0e-03
    [sparse_res_k7_Dh112_nnz16_s170] step 45000 lr 2.50e-03 plateau mon 3.798 best 3.798@45000 since 0 (12849s)
    [sparse_res_k7_Dh112_nnz16_s170] conc(top16)=0.349 l1c=3.0e-03
    [sparse_res_k7_Dh112_nnz16_s170] step 46000 lr 2.50e-03 plateau mon 3.816 best 3.798@45000 since 1 (13139s)
    [sparse_res_k7_Dh112_nnz16_s170] conc(top16)=0.351 l1c=3.0e-03
    [sparse_res_k7_Dh112_nnz16_s170] step 47000 lr 2.50e-03 plateau mon 3.799 best 3.798@45000 since 2 (13432s)
    [sparse_res_k7_Dh112_nnz16_s170] conc(top16)=0.353 l1c=3.0e-03
    [sparse_res_k7_Dh112_nnz16_s170] step 48000 lr 2.50e-03 plateau mon 3.794 best 3.794@48000 since 0 (13721s)
    [sparse_res_k7_Dh112_nnz16_s170] conc(top16)=0.355 l1c=3.0e-03
    [sparse_res_k7_Dh112_nnz16_s170] step 49000 lr 2.50e-03 plateau mon 3.793 best 3.794@48000 since 1 (14009s)
    [sparse_res_k7_Dh112_nnz16_s170] conc(top16)=0.357 l1c=3.0e-03
    [sparse_res_k7_Dh112_nnz16_s170] step 50000 lr 2.50e-03 plateau mon 3.800 best 3.794@48000 since 2 (14296s)
    [sparse_res_k7_Dh112_nnz16_s170] conc(top16)=0.362 l1c=3.0e-03
    [sparse_res_k7_Dh112_nnz16_s170] step 51000 lr 2.50e-03 plateau mon 3.805 best 3.794@48000 since 3 (14583s)
    [sparse_res_k7_Dh112_nnz16_s170] conc(top16)=0.369 l1c=3.0e-03
    [sparse_res_k7_Dh112_nnz16_s170] step 52000 lr 2.50e-03 plateau mon 3.793 best 3.794@48000 since 4 (14870s)
    [sparse_res_k7_Dh112_nnz16_s170] conc(top16)=0.368 l1c=3.0e-03
    [sparse_res_k7_Dh112_nnz16_s170] step 53000 lr 2.50e-03 plateau mon 3.790 best 3.790@53000 since 0 (15156s)
    [sparse_res_k7_Dh112_nnz16_s170] conc(top16)=0.373 l1c=3.0e-03
    [sparse_res_k7_Dh112_nnz16_s170] step 54000 lr 2.50e-03 plateau mon 3.789 best 3.790@53000 since 1 (15443s)
    [sparse_res_k7_Dh112_nnz16_s170] conc(top16)=0.374 l1c=3.0e-03
    [sparse_res_k7_Dh112_nnz16_s170] step 55000 lr 2.50e-03 plateau mon 3.788 best 3.790@53000 since 2 (15730s)
    [sparse_res_k7_Dh112_nnz16_s170] conc(top16)=0.376 l1c=3.0e-03
    [sparse_res_k7_Dh112_nnz16_s170] step 56000 lr 2.50e-03 plateau mon 3.792 best 3.790@53000 since 3 (16016s)
    [sparse_res_k7_Dh112_nnz16_s170] conc(top16)=0.381 l1c=3.0e-03
    [sparse_res_k7_Dh112_nnz16_s170] step 57000 lr 2.50e-03 plateau mon 3.792 best 3.790@53000 since 4 (16303s)
    [sparse_res_k7_Dh112_nnz16_s170] conc(top16)=0.382 l1c=3.0e-03
    [sparse_res_k7_Dh112_nnz16_s170] step 58000 lr 2.50e-03 plateau mon 3.779 best 3.779@58000 since 0 (16590s)
    [sparse_res_k7_Dh112_nnz16_s170] conc(top16)=0.386 l1c=3.0e-03
    [sparse_res_k7_Dh112_nnz16_s170] step 59000 lr 2.50e-03 plateau mon 3.802 best 3.779@58000 since 1 (16878s)
    [sparse_res_k7_Dh112_nnz16_s170] conc(top16)=0.388 l1c=3.0e-03
    [sparse_res_k7_Dh112_nnz16_s170] step 60000 lr 2.50e-03 plateau mon 3.784 best 3.779@58000 since 2 (17164s)
    [sparse_res_k7_Dh112_nnz16_s170] conc(top16)=0.390 l1c=3.0e-03
    [sparse_res_k7_Dh112_nnz16_s170] step 61000 lr 2.50e-03 plateau mon 3.791 best 3.779@58000 since 3 (17450s)
    [sparse_res_k7_Dh112_nnz16_s170] conc(top16)=0.393 l1c=3.0e-03
    [sparse_res_k7_Dh112_nnz16_s170] step 62000 lr 2.50e-03 plateau mon 3.790 best 3.779@58000 since 4 (17737s)
    [sparse_res_k7_Dh112_nnz16_s170] conc(top16)=0.395 l1c=3.0e-03
    [sparse_res_k7_Dh112_nnz16_s170] step 63000 lr 2.50e-03 plateau mon 3.792 best 3.779@58000 since 5 (18024s)
    [sparse_res_k7_Dh112_nnz16_s170] conc(top16)=0.398 l1c=3.0e-03
    [sparse_res_k7_Dh112_nnz16_s170] step 64000 lr 2.50e-03 plateau mon 3.781 best 3.779@58000 since 6 (18311s)
    [sparse_res_k7_Dh112_nnz16_s170] conc(top16)=0.398 l1c=3.0e-03
    [sparse_res_k7_Dh112_nnz16_s170] step 65000 lr 2.50e-03 plateau mon 3.804 best 3.779@58000 since 7 (18597s)
    [sparse_res_k7_Dh112_nnz16_s170] conc(top16)=0.400 l1c=3.0e-03
    [sparse_res_k7_Dh112_nnz16_s170] step 66000 lr 2.50e-03 plateau mon 3.788 best 3.779@58000 since 8 (18884s)
    [sparse_res_k7_Dh112_nnz16_s170] -> DECAY triggered at step 66000
    [sparse_res_k7_Dh112_nnz16_s170] conc(top16)=0.404 l1c=3.0e-03
    [sparse_res_k7_Dh112_nnz16_s170] step 67000 lr 2.26e-03 decay mon 3.764 best 3.764@67000 since 0 (19170s)
    [sparse_res_k7_Dh112_nnz16_s170] conc(top16)=0.406 l1c=3.0e-03
    [sparse_res_k7_Dh112_nnz16_s170] step 68000 lr 1.64e-03 decay mon 3.767 best 3.764@67000 since 1 (19457s)
    [sparse_res_k7_Dh112_nnz16_s170] conc(top16)=0.413 l1c=3.0e-03
    [sparse_res_k7_Dh112_nnz16_s170] step 69000 lr 8.78e-04 decay mon 3.723 best 3.723@69000 since 0 (19744s)
    [sparse_res_k7_Dh112_nnz16_s170] conc(top16)=0.417 l1c=3.0e-03
    [sparse_res_k7_Dh112_nnz16_s170] step 70000 lr 2.57e-04 decay mon 3.685 best 3.685@70000 since 0 (20030s)
    [sparse_res_k7_Dh112_nnz16_s170] conc(top16)=0.423 l1c=3.0e-03
    [sparse_res_k7_Dh112_nnz16_s170] step 71000 lr 2.00e-05 decay mon 3.668 best 3.668@71000 since 0 (20317s)
C:\Users\Timeroot\AppData\Local\Packages\PythonSoftwareFoundation.Python.3.13_qbz5n2kfra8p0\LocalCache\local-packages\Python3    [sparse_res_k7_Dh112_nnz16_s170] conc(top16)=0.423 l1c=3.0e-03
    [sparse_res_k7_Dh112_nnz16_s170] step 71000 lr 2.00e-05 decay mon 3.668 best 3.668@71000 since 0 (20415s)
C:\Users\Timeroot\AppData\Local\Packages\PythonSoftwareFoundation.Python.3.13_qbz5n2kfra8p0\LocalCache\local-packages\Python313\site-packages\torch\nn\modules\rnn.py:1415: UserWarning: RNN module weights are not part of single contiguous chunk of memory. This means they need to be compacted at every call, possibly greatly increasing memory usage. To compact weights again call flatten_parameters(). (Triggered internally at C:\actions-runner\_work\pytorch\pytorch\pytorch\aten\src\ATen\native\cudnn    [sparse_res_k7_Dh112_nnz16_s170] conc(top16)=0.344 l1c=1.5e-04
    [sparse_res_k7_Dh112_nnz16_s170] step 1000 lr 2.50e-03 plateau mon 10.397 best 10.397@1000 since 0 (286s)
    [sparse_res_k7_Dh112_nnz16_s170] conc(top16)=0.349 l1c=3.0e-04
    [sparse_res_k7_Dh112_nnz16_s170] step 2000 lr 2.50e-03 plateau mon 10.176 best 10.176@2000 since 0 (573s)
    [sparse_res_k7_Dh112_nnz16_s170] conc(top16)=0.348 l1c=4.5e-04
    [sparse_res_k7_Dh112_nnz16_s170] step 3000 lr 2.50e-03 plateau mon 10.324 best 10.176@2000 since 1 (860s)
    [sparse_res_k7_Dh112_nnz16_s170] conc(top16)=0.347 l1c=6.0e-04
    [sparse_res_k7_Dh112_nnz16_s170] step 4000 lr 2.50e-03 plateau mon 10.521 best 10.176@2000 since 2 (1147s)
    [sparse_res_k7_Dh112_nnz16_s170] conc(top16)=0.347 l1c=7.5e-04
    [sparse_res_k7_Dh112_nnz16_s170] step 5000 lr 2.50e-03 plateau mon 10.216 best 10.176@2000 since 3 (1433s)
    [sparse_res_k7_Dh112_nnz16_s170] conc(top16)=0.347 l1c=9.0e-04
    [sparse_res_k7_Dh112_nnz16_s170] step 6000 lr 2.50e-03 plateau mon 9.672 best 9.672@6000 since 0 (1720s)
    [sparse_res_k7_Dh112_nnz16_s170] conc(top16)=0.347 l1c=1.0e-03
    [sparse_res_k7_Dh112_nnz16_s170] step 7000 lr 2.50e-03 plateau mon 9.420 best 9.420@7000 since 0 (2007s)
    [sparse_res_k7_Dh112_nnz16_s170] conc(top16)=0.347 l1c=1.2e-03
    [sparse_res_k7_Dh112_nnz16_s170] step 8000 lr 2.50e-03 plateau mon 9.453 best 9.420@7000 since 1 (2292s)
    [sparse_res_k7_Dh112_nnz16_s170] conc(top16)=0.348 l1c=1.3e-03
    [sparse_res_k7_Dh112_nnz16_s170] step 9000 lr 2.50e-03 plateau mon 9.088 best 9.088@9000 since 0 (2579s)
    [sparse_res_k7_Dh112_nnz16_s170] conc(top16)=0.347 l1c=1.5e-03
    [sparse_res_k7_Dh112_nnz16_s170] step 10000 lr 2.50e-03 plateau mon 8.801 best 8.801@10000 since 0 (2867s)
    [sparse_res_k7_Dh112_nnz16_s170] conc(top16)=0.348 l1c=1.6e-03
    [sparse_res_k7_Dh112_nnz16_s170] step 11000 lr 2.50e-03 plateau mon 8.857 best 8.801@10000 since 1 (3152s)
    [sparse_res_k7_Dh112_nnz16_s170] conc(top16)=0.349 l1c=1.8e-03
    [sparse_res_k7_Dh112_nnz16_s170] step 12000 lr 2.50e-03 plateau mon 8.553 best 8.553@12000 since 0 (3439s)
    [sparse_res_k7_Dh112_nnz16_s170] conc(top16)=0.349 l1c=1.9e-03
    [sparse_res_k7_Dh112_nnz16_s170] step 13000 lr 2.50e-03 plateau mon 8.571 best 8.553@12000 since 1 (3726s)
    [sparse_res_k7_Dh112_nnz16_s170] conc(top16)=0.350 l1c=2.1e-03
    [sparse_res_k7_Dh112_nnz16_s170] step 14000 lr 2.50e-03 plateau mon 8.507 best 8.507@14000 since 0 (4012s)
    [sparse_res_k7_Dh112_nnz16_s170] conc(top16)=0.350 l1c=2.2e-03
    [sparse_res_k7_Dh112_nnz16_s170] step 15000 lr 2.50e-03 plateau mon 8.375 best 8.375@15000 since 0 (4299s)
    [sparse_res_k7_Dh112_nnz16_s170] conc(top16)=0.351 l1c=2.4e-03
    [sparse_res_k7_Dh112_nnz16_s170] step 16000 lr 2.50e-03 plateau mon 8.403 best 8.375@15000 since 1 (4586s)
    [sparse_res_k7_Dh112_nnz16_s170] conc(top16)=0.351 l1c=2.5e-03
    [sparse_res_k7_Dh112_nnz16_s170] step 17000 lr 2.50e-03 plateau mon 8.070 best 8.070@17000 since 0 (4872s)
    [sparse_res_k7_Dh112_nnz16_s170] conc(top16)=0.353 l1c=2.7e-03
    [sparse_res_k7_Dh112_nnz16_s170] step 18000 lr 2.50e-03 plateau mon 8.264 best 8.070@17000 since 1 (5159s)
    [sparse_res_k7_Dh112_nnz16_s170] conc(top16)=0.353 l1c=2.8e-03
    [sparse_res_k7_Dh112_nnz16_s170] step 19000 lr 2.50e-03 plateau mon 8.107 best 8.070@17000 since 2 (5446s)
    [sparse_res_k7_Dh112_nnz16_s170] conc(top16)=0.354 l1c=3.0e-03
    [sparse_res_k7_Dh112_nnz16_s170] step 20000 lr 2.50e-03 plateau mon 8.177 best 8.070@17000 since 3 (5732s)
    [sparse_res_k7_Dh112_nnz16_s170] conc(top16)=0.354 l1c=3.0e-03
    [sparse_res_k7_Dh112_nnz16_s170] step 21000 lr 2.50e-03 plateau mon 8.077 best 8.070@17000 since 4 (6019s)
    [sparse_res_k7_Dh112_nnz16_s170] conc(top16)=0.354 l1c=3.0e-03
    [sparse_res_k7_Dh112_nnz16_s170] step 22000 lr 2.50e-03 plateau mon 7.831 best 7.831@22000 since 0 (6306s)
    [sparse_res_k7_Dh112_nnz16_s170] conc(top16)=0.355 l1c=3.0e-03
    [sparse_res_k7_Dh112_nnz16_s170] step 23000 lr 2.50e-03 plateau mon 7.773 best 7.773@23000 since 0 (6592s)
    [sparse_res_k7_Dh112_nnz16_s170] conc(top16)=0.356 l1c=3.0e-03
    [sparse_res_k7_Dh112_nnz16_s170] step 24000 lr 2.50e-03 plateau mon 7.639 best 7.639@24000 since 0 (6879s)
    [sparse_res_k7_Dh112_nnz16_s170] conc(top16)=0.356 l1c=3.0e-03
    [sparse_res_k7_Dh112_nnz16_s170] step 25000 lr 2.50e-03 plateau mon 7.719 best 7.639@24000 since 1 (7166s)
    [sparse_res_k7_Dh112_nnz16_s170] -> PRUNE baked in (STE top-16) at 25000
    [sparse_res_k7_Dh112_nnz16_s170] conc(top16)=0.289 l1c=3.0e-03
    [sparse_res_k7_Dh112_nnz16_s170] step 26000 lr 2.50e-03 plateau mon 4.032 best 4.032@26000 since 0 (7452s)
    [sparse_res_k7_Dh112_nnz16_s170] conc(top16)=0.290 l1c=3.0e-03
    [sparse_res_k7_Dh112_nnz16_s170] step 27000 lr 2.50e-03 plateau mon 3.970 best 3.970@27000 since 0 (7739s)
    [sparse_res_k7_Dh112_nnz16_s170] conc(top16)=0.293 l1c=3.0e-03
    [sparse_res_k7_Dh112_nnz16_s170] step 28000 lr 2.50e-03 plateau mon 3.906 best 3.906@28000 since 0 (8026s)
    [sparse_res_k7_Dh112_nnz16_s170] conc(top16)=0.296 l1c=3.0e-03
    [sparse_res_k7_Dh112_nnz16_s170] step 29000 lr 2.50e-03 plateau mon 3.901 best 3.901@29000 since 0 (8313s)
    [sparse_res_k7_Dh112_nnz16_s170] conc(top16)=0.302 l1c=3.0e-03
    [sparse_res_k7_Dh112_nnz16_s170] step 30000 lr 2.50e-03 plateau mon 3.881 best 3.881@30000 since 0 (8601s)
    [sparse_res_k7_Dh112_nnz16_s170] conc(top16)=0.305 l1c=3.0e-03
    [sparse_res_k7_Dh112_nnz16_s170] step 31000 lr 2.50e-03 plateau mon 3.863 best 3.863@31000 since 0 (8887s)
    [sparse_res_k7_Dh112_nnz16_s170] conc(top16)=0.306 l1c=3.0e-03
    [sparse_res_k7_Dh112_nnz16_s170] step 32000 lr 2.50e-03 plateau mon 3.853 best 3.853@32000 since 0 (9174s)
    [sparse_res_k7_Dh112_nnz16_s170] conc(top16)=0.308 l1c=3.0e-03
    [sparse_res_k7_Dh112_nnz16_s170] step 33000 lr 2.50e-03 plateau mon 3.848 best 3.848@33000 since 0 (9461s)
    [sparse_res_k7_Dh112_nnz16_s170] conc(top16)=0.315 l1c=3.0e-03
    [sparse_res_k7_Dh112_nnz16_s170] step 34000 lr 2.50e-03 plateau mon 3.832 best 3.832@34000 since 0 (9749s)
    [sparse_res_k7_Dh112_nnz16_s170] conc(top16)=0.314 l1c=3.0e-03
    [sparse_res_k7_Dh112_nnz16_s170] step 35000 lr 2.50e-03 plateau mon 3.848 best 3.832@34000 since 1 (10035s)
    [sparse_res_k7_Dh112_nnz16_s170] conc(top16)=0.317 l1c=3.0e-03
    [sparse_res_k7_Dh112_nnz16_s170] step 36000 lr 2.50e-03 plateau mon 3.847 best 3.832@34000 since 2 (10322s)
    [sparse_res_k7_Dh112_nnz16_s170] conc(top16)=0.323 l1c=3.0e-03
    [sparse_res_k7_Dh112_nnz16_s170] step 37000 lr 2.50e-03 plateau mon 3.842 best 3.832@34000 since 3 (10609s)
    [sparse_res_k7_Dh112_nnz16_s170] conc(top16)=0.322 l1c=3.0e-03
    [sparse_res_k7_Dh112_nnz16_s170] step 38000 lr 2.50e-03 plateau mon 3.832 best 3.832@34000 since 4 (10896s)
    [sparse_res_k7_Dh112_nnz16_s170] conc(top16)=0.328 l1c=3.0e-03
    [sparse_res_k7_Dh112_nnz16_s170] step 39000 lr 2.50e-03 plateau mon 3.845 best 3.832@34000 since 5 (11182s)
    [sparse_res_k7_Dh112_nnz16_s170] conc(top16)=0.333 l1c=3.0e-03
    [sparse_res_k7_Dh112_nnz16_s170] step 40000 lr 2.50e-03 plateau mon 3.822 best 3.822@40000 since 0 (11470s)
    [sparse_res_k7_Dh112_nnz16_s170] conc(top16)=0.332 l1c=3.0e-03
    [sparse_res_k7_Dh112_nnz16_s170] step 41000 lr 2.50e-03 plateau mon 3.821 best 3.822@40000 since 1 (11757s)
    [sparse_res_k7_Dh112_nnz16_s170] conc(top16)=0.335 l1c=3.0e-03
    [sparse_res_k7_Dh112_nnz16_s170] step 42000 lr 2.50e-03 plateau mon 3.826 best 3.822@40000 since 2 (12044s)
    [sparse_res_k7_Dh112_nnz16_s170] conc(top16)=0.336 l1c=3.0e-03
    [sparse_res_k7_Dh112_nnz16_s170] step 43000 lr 2.50e-03 plateau mon 3.818 best 3.818@43000 since 0 (12330s)
    [sparse_res_k7_Dh112_nnz16_s170] conc(top16)=0.341 l1c=3.0e-03
    [sparse_res_k7_Dh112_nnz16_s170] step 44000 lr 2.50e-03 plateau mon 3.807 best 3.807@44000 since 0 (12628s)
    [sparse_res_k7_Dh112_nnz16_s170] conc(top16)=0.343 l1c=3.0e-03
    [sparse_res_k7_Dh112_nnz16_s170] step 45000 lr 2.50e-03 plateau mon 3.828 best 3.807@44000 since 1 (20380s)
    [sparse_res_k7_Dh112_nnz16_s170] conc(top16)=0.343 l1c=3.0e-03
    [sparse_res_k7_Dh112_nnz16_s170] step 46000 lr 2.50e-03 plateau mon 3.830 best 3.807@44000 since 2 (20700s)
    [sparse_res_k7_Dh112_nnz16_s170] conc(top16)=0.349 l1c=3.0e-03
    [sparse_res_k7_Dh112_nnz16_s170] step 47000 lr 2.50e-03 plateau mon 3.811 best 3.807@44000 since 3 (21022s)
    [sparse_res_k7_Dh112_nnz16_s170] conc(top16)=0.350 l1c=3.0e-03
    [sparse_res_k7_Dh112_nnz16_s170] step 48000 lr 2.50e-03 plateau mon 3.788 best 3.788@48000 since 0 (21345s)
    [sparse_res_k7_Dh112_nnz16_s170] conc(top16)=0.352 l1c=3.0e-03
    [sparse_res_k7_Dh112_nnz16_s170] step 49000 lr 2.50e-03 plateau mon 3.811 best 3.788@48000 since 1 (21667s)
    [sparse_res_k7_Dh112_nnz16_s170] conc(top16)=0.357 l1c=3.0e-03
    [sparse_res_k7_Dh112_nnz16_s170] step 50000 lr 2.50e-03 plateau mon 3.800 best 3.788@48000 since 2 (21989s)
    [sparse_res_k7_Dh112_nnz16_s170] conc(top16)=0.359 l1c=3.0e-03
    [sparse_res_k7_Dh112_nnz16_s170] step 51000 lr 2.50e-03 plateau mon 3.816 best 3.788@48000 since 3 (22309s)
    [sparse_res_k7_Dh112_nnz16_s170] conc(top16)=0.362 l1c=3.0e-03
    [sparse_res_k7_Dh112_nnz16_s170] step 52000 lr 2.50e-03 plateau mon 3.803 best 3.788@48000 since 4 (22632s)
    [sparse_res_k7_Dh112_nnz16_s170] conc(top16)=0.363 l1c=3.0e-03
    [sparse_res_k7_Dh112_nnz16_s170] step 53000 lr 2.50e-03 plateau mon 3.807 best 3.788@48000 since 5 (22956s)
    [sparse_res_k7_Dh112_nnz16_s170] conc(top16)=0.367 l1c=3.0e-03
    [sparse_res_k7_Dh112_nnz16_s170] step 54000 lr 2.50e-03 plateau mon 3.792 best 3.788@48000 since 6 (23281s)
    [sparse_res_k7_Dh112_nnz16_s170] conc(top16)=0.369 l1c=3.0e-03
    [sparse_res_k7_Dh112_nnz16_s170] step 55000 lr 2.50e-03 plateau mon 3.800 best 3.788@48000 since 7 (23606s)
    [sparse_res_k7_Dh112_nnz16_s170] conc(top16)=0.371 l1c=3.0e-03
    [sparse_res_k7_Dh112_nnz16_s170] step 56000 lr 2.50e-03 plateau mon 3.764 best 3.764@56000 since 0 (23924s)
    [sparse_res_k7_Dh112_nnz16_s170] conc(top16)=0.375 l1c=3.0e-03
    [sparse_res_k7_Dh112_nnz16_s170] step 57000 lr 2.50e-03 plateau mon 3.779 best 3.764@56000 since 1 (24221s)
    [sparse_res_k7_Dh112_nnz16_s170] conc(top16)=0.377 l1c=3.0e-03
    [sparse_res_k7_Dh112_nnz16_s170] step 58000 lr 2.50e-03 plateau mon 3.789 best 3.764@56000 since 2 (24513s)
    [sparse_res_k7_Dh112_nnz16_s170] conc(top16)=0.380 l1c=3.0e-03
    [sparse_res_k7_Dh112_nnz16_s170] step 59000 lr 2.50e-03 plateau mon 3.763 best 3.764@56000 since 3 (24827s)
    [sparse_res_k7_Dh112_nnz16_s170] conc(top16)=0.382 l1c=3.0e-03
    [sparse_res_k7_Dh112_nnz16_s170] step 60000 lr 2.50e-03 plateau mon 3.779 best 3.764@56000 since 4 (25132s)
    [sparse_res_k7_Dh112_nnz16_s170] conc(top16)=0.384 l1c=3.0e-03
    [sparse_res_k7_Dh112_nnz16_s170] step 61000 lr 2.50e-03 plateau mon 3.787 best 3.764@56000 since 5 (31524s)
    [sparse_res_k7_Dh112_nnz16_s170] conc(top16)=0.388 l1c=3.0e-03
    [sparse_res_k7_Dh112_nnz16_s170] step 62000 lr 2.50e-03 plateau mon 3.784 best 3.764@56000 since 6 (31846s)
    [sparse_res_k7_Dh112_nnz16_s170] conc(top16)=0.389 l1c=3.0e-03
    [sparse_res_k7_Dh112_nnz16_s170] step 63000 lr 2.50e-03 plateau mon 3.783 best 3.764@56000 since 7 (32141s)
    [sparse_res_k7_Dh112_nnz16_s170] conc(top16)=0.389 l1c=3.0e-03
    [sparse_res_k7_Dh112_nnz16_s170] step 64000 lr 2.50e-03 plateau mon 3.784 best 3.764@56000 since 8 (32443s)
    [sparse_res_k7_Dh112_nnz16_s170] -> DECAY triggered at step 64000
    [sparse_res_k7_Dh112_nnz16_s170] conc(top16)=0.393 l1c=3.0e-03
    [sparse_res_k7_Dh112_nnz16_s170] step 65000 lr 2.26e-03 decay mon 3.773 best 3.764@56000 since 9 (32759s)
    [sparse_res_k7_Dh112_nnz16_s170] conc(top16)=0.399 l1c=3.0e-03
    [sparse_res_k7_Dh112_nnz16_s170] step 66000 lr 1.64e-03 decay mon 3.732 best 3.732@66000 since 0 (33059s)
    [sparse_res_k7_Dh112_nnz16_s170] conc(top16)=0.403 l1c=3.0e-03
    [sparse_res_k7_Dh112_nnz16_s170] step 67000 lr 8.78e-04 decay mon 3.710 best 3.710@67000 since 0 (33354s)
    [sparse_res_k7_Dh112_nnz16_s170] conc(top16)=0.407 l1c=3.0e-03
    [sparse_res_k7_Dh112_nnz16_s170] step 68000 lr 2.57e-04 decay mon 3.671 best 3.671@68000 since 0 (33646s)
    [sparse_res_k7_Dh112_nnz16_s170] conc(top16)=0.410 l1c=3.0e-03
    [sparse_res_k7_Dh112_nnz16_s170] step 69000 lr 2.00e-05 decay mon 3.667 best 3.667@69000 since 0 (33943s)
  DONE sparse2/sparse_res_k7_Dh112_nnz16_s170/seed1: 232.1KB (i8 189.5+pke 22.64+f32 19.9) float 3.610 int8 ppl 3.614 t1 0.61    [sparse_res_k7_Dh112_nnz16_s170] conc(top16)=0.410 l1c=3.0e-03
    [sparse_res_k7_Dh112_nnz16_s170] step 69000 lr 2.00e-05 decay mon 3.    [sparse_res_k7_Dh112_nnz8_s170] conc(top8)=0.200 l1c=1.5e-04
    [sparse_res_k7_Dh112_nnz8_s170] step 1000 lr 2.50e-03 plateau mon 11.746 best 11.746@1000 since 0 (293s)
    [sparse_res_k7_Dh112_nnz8_s170] conc(top8)=0.203 l1c=3.0e-04
    [sparse_res_k7_Dh112_nnz8_s170] step 2000 lr 2.50e-03 plateau mon 12.965 best 11.746@1000 since 1 (587s)
    [sparse_res_k7_Dh112_nnz8_s170] conc(top8)=0.201 l1c=4.5e-04
    [sparse_res_k7_Dh112_nnz8_s170] step 3000 lr 2.50e-03 plateau mon 13.610 best 11.746@1000 since 2 (879s)
    [sparse_res_k7_Dh112_nnz8_s170] conc(top8)=0.199 l1c=6.0e-04
    [sparse_res_k7_Dh112_nnz8_s170] step 4000 lr 2.50e-03 plateau mon 13.821 best 11.746@1000 since 3 (1171s)
    [sparse_res_k7_Dh112_nnz8_s170] conc(top8)=0.199 l1c=7.5e-04
    [sparse_res_k7_Dh112_nnz8_s170] step 5000 lr 2.50e-03 plateau mon 14.591 best 11.746@1000 since 4 (1461s)
    [sparse_res_k7_Dh112_nnz8_s170] conc(top8)=0.199 l1c=9.0e-04
    [sparse_res_k7_Dh112_nnz8_s170] step 6000 lr 2.50e-03 plateau mon 14.090 best 11.746@1000 since 5 (1751s)
    [sparse_res_k7_Dh112_nnz8_s170] conc(top8)=0.199 l1c=1.0e-03
    [sparse_res_k7_Dh112_nnz8_s170] step 7000 lr 2.50e-03 plateau mon 14.446 best 11.746@1000 since 6 (2045s)
    [sparse_res_k7_Dh112_nnz8_s170] conc(top8)=0.200 l1c=1.2e-03
    [sparse_res_k7_Dh112_nnz8_s170] step 8000 lr 2.50e-03 plateau mon 13.882 best 11.746@1000 since 7 (2340s)
    [sparse_res_k7_Dh112_nnz8_s170] conc(top8)=0.200 l1c=1.3e-03
    [sparse_res_k7_Dh112_nnz8_s170] step 9000 lr 2.50e-03 plateau mon 14.158 best 11.746@1000 since 8 (2635s)
    [sparse_res_k7_Dh112_nnz8_s170] -> DECAY triggered at step 9000
    [sparse_res_k7_Dh112_nnz8_s170] conc(top8)=0.200 l1c=1.5e-03
    [sparse_res_k7_Dh112_nnz8_s170] step 10000 lr 2.26e-03 decay mon 13.562 best 11.746@1000 since 9 (3009s)
    [sparse_res_k7_Dh112_nnz8_s170] conc(top8)=0.201 l1c=1.6e-03
    [sparse_res_k7_Dh112_nnz8_s170] step 11000 lr 1.64e-03 decay mon 14.526 best 11.746@1000 since 10 (3329s)
    [sparse_res_k7_Dh112_nnz8_s170] conc(top8)=0.201 l1c=1.8e-03
    [sparse_res_k7_Dh112_nnz8_s170] step 12000 lr 8.78e-04 decay mon 15.308 best 11.746@1000 since 11 (3633s)
    [sparse_res_k7_Dh112_nnz8_s170] conc(top8)=0.201 l1c=1.9e-03
    [sparse_res_k7_Dh112_nnz8_s170] step 13000 lr 2.57e-04 decay mon 15.618 best 11.746@1000 since 12 (3937s)
    [sparse_res_k7_Dh112_nnz8_s170] conc(top8)=0.201 l1c=2.1e-03
    [sparse_res_k7_Dh112_nnz8_s170] step 14000 lr 2.00e-05 decay mon 15.755 best 11.746@1000 since 13 (4277s)
  DONE sparse2/sparse_res_k7_Dh112_nnz8_s170/seed0: 224.2KB (i8 189.5+pke 14.77+f32 19.9) float 5.076 int8 ppl 11.265 t1 0.306     [sparse_res_k7_Dh112_nnz8_s170] conc(top8)=0.201 l1c=2.1e-03
    [sparse_res_k7_Dh112_nnz8_s170] step 14000 lr 2.00e-05 decay mon 15.    [sparse_res_k7_Dh112_nnz8_s170] conc(top8)=0.199 l1c=1.5e-04
    [sparse_res_k7_Dh112_nnz8_s170] step 1000 lr 2.50e-03 plateau mon 15.236 best 15.236@1000 since 0 (344s)
    [sparse_res_k7_Dh112_nnz8_s170] conc(top8)=0.203 l1c=3.0e-04
    [sparse_res_k7_Dh112_nnz8_s170] step 2000 lr 2.50e-03 plateau mon 15.635 best 15.236@1000 since 1 (693s)
    [sparse_res_k7_Dh112_nnz8_s170] conc(top8)=0.202 l1c=4.5e-04
    [sparse_res_k7_Dh112_nnz8_s170] step 3000 lr 2.50e-03 plateau mon 15.392 best 15.236@1000 since 2 (1033s)
    [sparse_res_k7_Dh112_nnz8_s170] conc(top8)=0.201 l1c=6.0e-04
    [sparse_res_k7_Dh112_nnz8_s170] step 4000 lr 2.50e-03 plateau mon 15.954 best 15.236@1000 since 3 (1371s)
    [sparse_res_k7_Dh112_nnz8_s170] conc(top8)=0.201 l1c=7.5e-04
    [sparse_res_k7_Dh112_nnz8_s170] step 5000 lr 2.50e-03 plateau mon 15.988 best 15.236@1000 since 4 (1705s)
    [sparse_res_k7_Dh112_nnz8_s170] conc(top8)=0.200 l1c=9.0e-04
    [sparse_res_k7_Dh112_nnz8_s170] step 6000 lr 2.50e-03 plateau mon 15.494 best 15.236@1000 since 5 (2034s)
    [sparse_res_k7_Dh112_nnz8_s170] conc(top8)=0.201 l1c=1.0e-03
    [sparse_res_k7_Dh112_nnz8_s170] step 7000 lr 2.50e-03 plateau mon 14.975 best 14.975@7000 since 0 (2368s)
    [sparse_res_k7_Dh112_nnz8_s170] conc(top8)=0.201 l1c=1.2e-03
    [sparse_res_k7_Dh112_nnz8_s170] step 8000 lr 2.50e-03 plateau mon 15.054 best 14.975@7000 since 1 (2726s)
    [sparse_res_k7_Dh112_nnz8_s170] conc(top8)=0.201 l1c=1.3e-03
    [sparse_res_k7_Dh112_nnz8_s170] step 9000 lr 2.50e-03 plateau mon 14.361 best 14.361@9000 since 0 (3031s)
    [sparse_res_k7_Dh112_nnz8_s170] conc(top8)=0.201 l1c=1.5e-03
    [sparse_res_k7_Dh112_nnz8_s170] step 10000 lr 2.50e-03 plateau mon 14.374 best 14.361@9000 since 1 (3316s)
    [sparse_res_k7_Dh112_nnz8_s170] conc(top8)=0.201 l1c=1.6e-03
    [sparse_res_k7_Dh112_nnz8_s170] step 11000 lr 2.50e-03 plateau mon 14.592 best 14.361@9000 since 2 (3599s)
    [sparse_res_k7_Dh112_nnz8_s170] conc(top8)=0.202 l1c=1.8e-03
    [sparse_res_k7_Dh112_nnz8_s170] step 12000 lr 2.50e-03 plateau mon 14.054 best 14.054@12000 since 0 (3884s)
    [sparse_res_k7_Dh112_nnz8_s170] conc(top8)=0.202 l1c=1.9e-03
    [sparse_res_k7_Dh112_nnz8_s170] step 13000 lr 2.50e-03 plateau mon 14.300 best 14.054@12000 since 1 (4169s)
    [sparse_res_k7_Dh112_nnz8_s170] conc(top8)=0.203 l1c=2.1e-03
    [sparse_res_k7_Dh112_nnz8_s170] step 14000 lr 2.50e-03 plateau mon 14.268 best 14.054@12000 since 2 (4454s)
    [sparse_res_k7_Dh112_nnz8_s170] conc(top8)=0.203 l1c=2.2e-03
    [sparse_res_k7_Dh112_nnz8_s170] step 15000 lr 2.50e-03 plateau mon 13.661 best 13.661@15000 since 0 (4740s)
    [sparse_res_k7_Dh112_nnz8_s170] conc(top8)=0.203 l1c=2.4e-03
    [sparse_res_k7_Dh112_nnz8_s170] step 16000 lr 2.50e-03 plateau mon 13.529 best 13.529@16000 since 0 (5026s)
    [sparse_res_k7_Dh112_nnz8_s170] conc(top8)=0.204 l1c=2.5e-03
    [sparse_res_k7_Dh112_nnz8_s170] step 17000 lr 2.50e-03 plateau mon 13.675 best 13.529@16000 since 1 (5314s)
1c=2.4e-03
    [sparse_res_k7_Dh112_nnz8_s170] step 16000 lr 2.50e-03 plateau mon 13.529 best 13.529@16000 since 0 (4988s)
    [sparse_res_k7_Dh112_nnz8_s170] conc(top8)=0.204 l1c=2.5e-03
    [sparse_res_k7_Dh112_nnz8_s170] step 17000 lr 2.50e-03 plateau mon 13.675 best 13.529@16000 since 1 (5274s)
=== sparse2 done Fri Sep 18 16:25:07 EDT 2026 ===
=== fuse start Fri Sep 18 16:28:45 EDT 2026 ===
device cuda torch 2.10.0+cu130
train 19,625,263 val 432,739  eval 200x400 = 80,000 positions

=== PHASE fuse (2-branch curriculum, to convergence) ===
  RUN  fuse/fuse_s170_k7D16/seed0
    [fuse_s170_k7D16:preGRU] step 1000 plateau mon 4.748 best 4.748@1000 since 0 (141s)
    [fuse_s170_k7D16:preGRU] step 2000 plateau mon 4.263 best 4.263@2000 since 0 (310s)
    [fuse_s170_k7D16:preGRU] step 3000 plateau mon 4.126 best 4.126@3000 since 0 (479s)
    [fuse_s170_k7D16:preGRU] step 4000 plateau mon 4.054 best 4.054@4000 since 0 (645s)
    [fuse_s170_k7D16:preGRU] step 5000 plateau mon 4.003 best 4.003@5000 since 0 (808s)
    [fuse_s170_k7D16:preGRU] step 6000 plateau mon 3.994 best 3.994@6000 since 0 (969s)
    [fuse_s170_k7D16:preGRU] step 7000 plateau mon 3.981 best 3.981@7000 since 0 (1131s)
    [fuse_s170_k7D16:preGRU] step 8000 plateau mon 3.955 best 3.955@8000 since 0 (1294s)
    [fuse_s170_k7D16:preGRU] step 9000 plateau mon 3.927 best 3.927@9000 since 0 (1456s)
    [fuse_s170_k7D16:preGRU] step 10000 plateau mon 3.907 best 3.907@10000 since 0 (1618s)
    [fuse_s170_k7D16:preGRU] step 11000 plateau mon 3.911 best 3.907@10000 since 1 (1778s)
    [fuse_s170_k7D16:preGRU] step 12000 plateau mon 3.890 best 3.890@12000 since 0 (1937s)
    [fuse_s170_k7D16:preGRU] step 13000 plateau mon 3.875 best 3.875@13000 since 0 (2098s)
    [fuse_s170_k7D16:preGRU] step 14000 plateau mon 3.872 best 3.872@14000 since 0 (2257s)
    [fuse_s170_k7D16:preGRU] step 15000 plateau mon 3.874 best 3.872@14000 since 1 (2416s)
    [fuse_s170_k7D16:preGRU] step 16000 plateau mon 3.866 best 3.866@16000 since 0 (2586s)
    [fuse_s170_k7D16:preGRU] step 17000 plateau mon 3.852 best 3.852@17000 since 0 (2755s)
    [fuse_s170_k7D16:preGRU] step 18000 plateau mon 3.839 best 3.839@18000 since 0 (2932s)
    [fuse_s170_k7D16:preGRU] step 19000 plateau mon 3.858 best 3.839@18000 since 1 (3109s)
    [fuse_s170_k7D16:preGRU] step 20000 plateau mon 3.859 best 3.839@18000 since 2 (3278s)
    [fuse_s170_k7D16:preGRU] step 21000 plateau mon 3.856 best 3.839@18000 since 3 (3443s)
    [fuse_s170_k7D16:preGRU] step 22000 plateau mon 3.852 best 3.839@18000 since 4 (3607s)
    [fuse_s170_k7D16:preGRU] step 23000 plateau mon 3.845 best 3.839@18000 since 5 (3772s)
    [fuse_s170_k7D16:preGRU] step 24000 plateau mon 3.869 best 3.839@18000 since 6 (3937s)
    [fuse_s170_k7D16:preGRU] step 25000 plateau mon 3.828 best 3.828@25000 since 0 (4102s)
    [fuse_s170_k7D16:preGRU] step 26000 plateau mon 3.841 best 3.828@25000 since 1 (4267s)
    [fuse_s170_k7D16:preGRU] step 27000 plateau mon 3.850 best 3.828@25000 since 2 (4432s)
    [fuse_s170_k7D16:preGRU] step 28000 plateau mon 3.825 best 3.825@28000 since 0 (4598s)
    [fuse_s170_k7D16:preGRU] step 29000 plateau mon 3.830 best 3.825@28000 since 1 (4760s)
    [fuse_s170_k7D16:preGRU] step 30000 plateau mon 3.837 best 3.825@28000 since 2 (4922s)
    [fuse_s170_k7D16:preGRU] step 31000 plateau mon 3.831 best 3.825@28000 since 3 (5083s)
    [fuse_s170_k7D16:preGRU] step 32000 plateau mon 3.807 best 3.807@32000 since 0 (5247s)
    [fuse_s170_k7D16:preGRU] step 33000 plateau mon 3.833 best 3.807@32000 since 1 (5415s)
    [fuse_s170_k7D16:preGRU] step 34000 plateau mon 3.820 best 3.807@32000 since 2 (5582s)
    [fuse_s170_k7D16:preGRU] step 35000 plateau mon 3.810 best 3.807@32000 since 3 (5744s)
    [fuse_s170_k7D16:preGRU] step 36000 plateau mon 3.810 best 3.807@32000 since 4 (5906s)
    [fuse_s170_k7D16:preGRU] step 37000 plateau mon 3.821 best 3.807@32000 since 5 (6068s)
    [fuse_s170_k7D16:preGRU] step 38000 plateau mon 3.810 best 3.807@32000 since 6 (6228s)
    [fuse_s170_k7D16:preGRU] step 39000 plateau mon 3.804 best 3.804@39000 since 0 (6386s)
    [fuse_s170_k7D16:preGRU] step 40000 plateau mon 3.809 best 3.804@39000 since 1 (6543s)
    [fuse_s170_k7D16:preGRU] step 41000 plateau mon 3.814 best 3.804@39000 since 2 (6702s)
    [fuse_s170_k7D16:preGRU] step 42000 plateau mon 3.796 best 3.796@42000 since 0 (6861s)
    [fuse_s170_k7D16:preGRU] step 43000 plateau mon 3.812 best 3.796@42000 since 1 (7018s)
    [fuse_s170_k7D16:preGRU] step 44000 plateau mon 3.803 best 3.796@42000 since 2 (7175s)
    [fuse_s170_k7D16:preGRU] step 45000 plateau mon 3.818 best 3.796@42000 since 3 (7332s)
    [fuse_s170_k7D16:preGRU] step 46000 plateau mon 3.805 best 3.796@42000 since 4 (7489s)
    [fuse_s170_k7D16:preGRU] step 47000 plateau mon 3.799 best 3.796@42000 since 5 (7646s)
    [fuse_s170_k7D16:preGRU] step 48000 plateau mon 3.800 best 3.796@42000 since 6 (7802s)
    [fuse_s170_k7D16:preGRU] step 49000 plateau mon 3.803 best 3.796@42000 since 7 (7960s)
    [fuse_s170_k7D16:preGRU] step 50000 plateau mon 3.799 best 3.796@42000 since 8 (8117s)
    [fuse_s170_k7D16:preGRU] step 51000 decay mon 3.775 best 3.775@51000 since 0 (8274s)
    [fuse_s170_k7D16:preGRU] step 52000 decay mon 3.778 best 3.775@51000 since 1 (8432s)
    [fuse_s170_k7D16:preGRU] step 53000 decay mon 3.760 best 3.760@53000 since 0 (8589s)
    [fuse_s170_k7D16:preGRU] step 54000 decay mon 3.743 best 3.743@54000 since 0 (8745s)
    [fuse_s170_k7D16:preGRU] step 55000 decay mon 3.737 best 3.737@55000 since 0 (8902s)
  [fuse] GRU-branch pretrained {'best_step': 55000, 'mon_ppl': 3.737, 'stop_reason': 'decayed'}
    [fuse_s170_k7D16:prePKE] step 1000 plateau mon 7.440 best 7.440@1000 since 0 (12s)
    [fuse_s170_k7D16:prePKE] step 2000 plateau mon 6.318 best 6.318@2000 since 0 (24s)
    [fuse_s170_k7D16:prePKE] step 3000 plateau mon 6.108 best 6.108@3000 since 0 (36s)
    [fuse_s170_k7D16:prePKE] step 4000 plateau mon 6.028 best 6.028@4000 since 0 (48s)
    [fuse_s170_k7D16:prePKE] step 5000 plateau mon 5.960 best 5.960@5000 since 0 (60s)
    [fuse_s170_k7D16:prePKE] step 6000 plateau mon 5.939 best 5.939@6000 since 0 (72s)
    [fuse_s170_k7D16:prePKE] step 7000 plateau mon 5.908 best 5.908@7000 since 0 (83s)
    [fuse_s170_k7D16:prePKE] step 8000 plateau mon 5.855 best 5.855@8000 since 0 (95s)
    [fuse_s170_k7D16:prePKE] step 9000 plateau mon 5.837 best 5.837@9000 since 0 (107s)
    [fuse_s170_k7D16:prePKE] step 10000 plateau mon 5.833 best 5.833@10000 since 0 (119s)
    [fuse_s170_k7D16:prePKE] step 11000 plateau mon 5.816 best 5.816@11000 since 0 (131s)
    [fuse_s170_k7D16:prePKE] step 12000 plateau mon 5.782 best 5.782@12000 since 0 (143s)
    [fuse_s170_k7D16:prePKE] step 13000 plateau mon 5.766 best 5.766@13000 since 0 (155s)
    [fuse_s170_k7D16:prePKE] step 14000 plateau mon 5.741 best 5.741@14000 since 0 (166s)
    [fuse_s170_k7D16:prePKE] step 15000 plateau mon 5.743 best 5.741@14000 since 1 (178s)
    [fuse_s170_k7D16:prePKE] step 16000 plateau mon 5.732 best 5.732@16000 since 0 (190s)
    [fuse_s170_k7D16:prePKE] step 17000 plateau mon 5.707 best 5.707@17000 since 0 (202s)
    [fuse_s170_k7D16:prePKE] step 18000 plateau mon 5.731 best 5.707@17000 since 1 (214s)
    [fuse_s170_k7D16:prePKE] step 19000 plateau mon 5.730 best 5.707@17000 since 2 (226s)
    [fuse_s170_k7D16:prePKE] step 20000 plateau mon 5.736 best 5.707@17000 since 3 (238s)
    [fuse_s170_k7D16:prePKE] step 21000 plateau mon 5.705 best 5.707@17000 since 4 (250s)
    [fuse_s170_k7D16:prePKE] step 22000 plateau mon 5.726 best 5.707@17000 since 5 (261s)
    [fuse_s170_k7D16:prePKE] step 23000 plateau mon 5.735 best 5.707@17000 since 6 (273s)
    [fuse_s170_k7D16:prePKE] step 24000 plateau mon 5.719 best 5.707@17000 since 7 (285s)
    [fuse_s170_k7D16:prePKE] step 25000 plateau mon 5.717 best 5.707@17000 since 8 (297s)
    [fuse_s170_k7D16:prePKE] step 26000 decay mon 5.716 best 5.707@17000 since 9 (309s)
    [fuse_s170_k7D16:prePKE] step 27000 decay mon 5.706 best 5.707@17000 since 10 (321s)
    [fuse_s170_k7D16:prePKE] step 28000 decay mon 5.680 best 5.680@28000 since 0 (333s)
    [fuse_s170_k7D16:prePKE] step 29000 decay mon 5.671 best 5.671@29000 since 0 (345s)
    [fuse_s170_k7D16:prePKE] step 30000 decay mon 5.670 best 5.671@29000 since 1 (356s)
  [fuse] PKE-branch pretrained {'best_step': 29000, 'mon_ppl': 5.671, 'stop_reason': 'decayed'}
    [fuse_s170_k7D16:A] step 1000 plateau mon 3.935 best 3.935@1000 since 0 (45s)
    [fuse_s170_k7D16:A] step 2000 plateau mon 3.764 best 3.764@2000 since 0 (90s)
    [fuse_s170_k7D16:A] step 3000 plateau mon 3.741 best 3.741@3000 since 0 (135s)
    [fuse_s170_k7D16:A] step 4000 plateau mon 3.740 best 3.741@3000 since 1 (180s)
    [fuse_s170_k7D16:A] step 5000 plateau mon 3.732 best 3.732@5000 since 0 (224s)
    [fuse_s170_k7D16:A] step 6000 plateau mon 3.733 best 3.732@5000 since 1 (269s)
    [fuse_s170_k7D16:A] step 7000 plateau mon 3.730 best 3.730@7000 since 0 (314s)
    [fuse_s170_k7D16:A] step 8000 plateau mon 3.740 best 3.730@7000 since 1 (359s)
    [fuse_s170_k7D16:A] step 9000 plateau mon 3.734 best 3.730@7000 since 2 (403s)
    [fuse_s170_k7D16:A] step 10000 plateau mon 3.736 best 3.730@7000 since 3 (448s)
    [fuse_s170_k7D16:A] step 11000 plateau mon 3.743 best 3.730@7000 since 4 (493s)
    [fuse_s170_k7D16:A] step 12000 plateau mon 3.734 best 3.730@7000 since 5 (537s)
    [fuse_s170_k7D16:A] step 13000 plateau mon 3.732 best 3.730@7000 since 6 (583s)
    [fuse_s170_k7D16:A] step 14000 plateau mon 3.733 best 3.730@7000 since 7 (628s)
    [fuse_s170_k7D16:A] step 15000 plateau mon 3.742 best 3.730@7000 since 8 (673s)
    [fuse_s170_k7D16:A] step 16000 decay mon 3.728 best 3.728@16000 since 0 (718s)
    [fuse_s170_k7D16:A] step 17000 decay mon 3.729 best 3.728@16000 since 1 (762s)
    [fuse_s170_k7D16:A] step 18000 decay mon 3.724 best 3.724@18000 since 0 (807s)
    [fuse_s170_k7D16:A] step 19000 decay mon 3.726 best 3.724@18000 since 1 (852s)
    [fuse_s170_k7D16:A] step 20000 decay mon 3.722 best 3.722@20000 since 0 (897s)
C:\Users\Timeroot\AppData\Local\Packages\PythonSoftwareFoundation.Python.3.13_qbz5n2kfra8p0\LocalCache\local-packages\Python313\site-packages\torch\nn\modules\rnn.py:1415: UserWarning: RNN module weights are not part of single contiguous chunk of memory. This means they need to be compacted at every call, possibly greatly increasing memory usage. To compact weights again call flatten_parameters(). (Triggered internally at C:\actions-runner\_work\pytorch\pytorch\pytorch\aten\src\ATen\native\cudnn\RNN.cpp:1480.)
  result = _VF.gru(
    [fuse_s170_k7D16:B] step 1000 plateau mon 3.772 best 3.772@1000 since 0 (156s)
    [fuse_s170_k7D16:B] step 2000 plateau mon 3.757 best 3.757@2000 since 0 (313s)
    [fuse_s170_k7D16:B] step 3000 plateau mon 3.766 best 3.757@2000 since 1 (473s)
    [fuse_s170_k7D16:B] step 4000 plateau mon 3.755 best 3.755@4000 since 0 (633s)
    [fuse_s170_k7D16:B] step 5000 plateau mon 3.744 best 3.744@5000 since 0 (791s)
    [fuse_s170_k7D16:B] step 6000 plateau mon 3.763 best 3.744@5000 since 1 (951s)
    [fuse_s170_k7D16:B] step 7000 plateau mon 3.761 best 3.744@5000 since 2 (1110s)
    [fuse_s170_k7D16:B] step 8000 plateau mon 3.761 best 3.744@5000 since 3 (1267s)
    [fuse_s170_k7D16:B] step 9000 plateau mon 3.746 best 3.744@5000 since 4 (1424s)
    [fuse_s170_k7D16:B] step 10000 plateau mon 3.743 best 3.744@5000 since 5 (1581s)
    [fuse_s170_k7D16:B] step 11000 plateau mon 3.759 best 3.744@5000 since 6 (1738s)
    [fuse_s170_k7D16:B] step 12000 plateau mon 3.749 best 3.744@5000 since 7 (1895s)
    [fuse_s170_k7D16:B] step 13000 plateau mon 3.726 best 3.726@13000 since 0 (2052s)
    [fuse_s170_k7D16:B] step 14000 plateau mon 3.727 best 3.726@13000 since 1 (2209s)
    [fuse_s170_k7D16:B] step 15000 plateau mon 3.736 best 3.726@13000 since 2 (2366s)
    [fuse_s170_k7D16:B] step 16000 plateau mon 3.734 best 3.726@13000 since 3 (2523s)
    [fuse_s170_k7D16:B] step 17000 plateau mon 3.729 best 3.726@13000 since 4 (2680s)
    [fuse_s170_k7D16:B] step 18000 plateau mon 3.732 best 3.726@13000 since 5 (2837s)
    [fuse_s170_k7D16:B] step 19000 plateau mon 3.734 best 3.726@13000 since 6 (2994s)
    [fuse_s170_k7D16:B] step 20000 plateau mon 3.742 best 3.726@13000 since 7 (3152s)
    [fuse_s170_k7D16:B] step 21000 plateau mon 3.720 best 3.720@21000 since 0 (3309s)
    [fuse_s170_k7D16:B] step 22000 plateau mon 3.736 best 3.720@21000 since 1 (3466s)
    [fuse_s170_k7D16:B] step 23000 plateau mon 3.735 best 3.720@21000 since 2 (3623s)
    [fuse_s170_k7D16:B] step 24000 plateau mon 3.742 best 3.720@21000 since 3 (3781s)
    [fuse_s170_k7D16:B] step 25000 plateau mon 3.740 best 3.720@21000 since 4 (3938s)
    [fuse_s170_k7D16:B] step 26000 plateau mon 3.727 best 3.720@21000 since 5 (4095s)
    [fuse_s170_k7D16:B] step 27000 plateau mon 3.740 best 3.720@21000 since 6 (4252s)
    [fuse_s170_k7D16:B] step 28000 plateau mon 3.715 best 3.715@28000 since 0 (4409s)
    [fuse_s170_k7D16:B] step 29000 plateau mon 3.718 best 3.715@28000 since 1 (4566s)
    [fuse_s170_k7D16:B] step 30000 plateau mon 3.731 best 3.715@28000 since 2 (4723s)
    [fuse_s170_k7D16:B] step 31000 plateau mon 3.724 best 3.715@28000 since 3 (4880s)
    [fuse_s170_k7D16:B] step 32000 plateau mon 3.717 best 3.715@28000 since 4 (5038s)
    [fuse_s170_k7D16:B] step 33000 plateau mon 3.736 best 3.715@28000 since 5 (5195s)
    [fuse_s170_k7D16:B] step 34000 plateau mon 3.707 best 3.707@34000 since 0 (5353s)
    [fuse_s170_k7D16:B] step 35000 plateau mon 3.696 best 3.696@35000 since 0 (5510s)
    [fuse_s170_k7D16:B] step 36000 plateau mon 3.710 best 3.696@35000 since 1 (5667s)
    [fuse_s170_k7D16:B] step 37000 plateau mon 3.724 best 3.696@35000 since 2 (5824s)
    [fuse_s170_k7D16:B] step 38000 plateau mon 3.721 best 3.696@35000 since 3 (5981s)
    [fuse_s170_k7D16:B] step 39000 plateau mon 3.686 best 3.686@39000 since 0 (6139s)
    [fuse_s170_k7D16:B] step 40000 plateau mon 3.719 best 3.686@39000 since 1 (6296s)
    [fuse_s170_k7D16:B] step 41000 plateau mon 3.721 best 3.686@39000 since 2 (6453s)
    [fuse_s170_k7D16:B] step 42000 plateau mon 3.704 best 3.686@39000 since 3 (6611s)
    [fuse_s170_k7D16:B] step 43000 plateau mon 3.711 best 3.686@39000 since 4 (6769s)
    [fuse_s170_k7D16:B] step 44000 plateau mon 3.716 best 3.686@39000 since 5 (6926s)
    [fuse_s170_k7D16:B] step 45000 plateau mon 3.721 best 3.686@39000 since 6 (7084s)
    [fuse_s170_k7D16:B] step 46000 plateau mon 3.702 best 3.686@39000 since 7 (7242s)
    [fuse_s170_k7D16:B] step 47000 plateau mon 3.704 best 3.686@39000 since 8 (7399s)
    [fuse_s170_k7D16:B] step 48000 decay mon 3.701 best 3.686@39000 since 9 (7557s)
    [fuse_s170_k7D16:B] step 49000 decay mon 3.688 best 3.686@39000 since 10 (7715s)
    [fuse_s170_k7D16:B] step 50000 decay mon 3.656 best 3.656@50000 since 0 (7873s)
    [fuse_s170_k7D16:B] step 51000 decay mon 3.645 best 3.645@51000 since 0 (8031s)
    [fuse_s170_k7D16:B] step 52000 decay mon 3.639 best 3.639@52000 since 0 (8189s)
  DONE fuse/fuse_s170_k7D16/seed0: 212.8KB | PhaseA int8 3.703 -> PhaseB int8 3.630  (delta -0.073) [appended]
  RUN  fuse/fuse_s170_k7D16/seed1
  [fuse] loaded GRU-branch cache _fusecache_gru_152_64_48_1.pt
  [fuse] loaded PKE-branch cache _fusecache_pke_7_16_48_128_1.pt
    [fuse_s170_k7D16:A] step 1000 plateau mon 3.943 best 3.943@1000 since 0 (46s)
    [fuse_s170_k7D16:A] step 2000 plateau mon 3.763 best 3.763@2000 since 0 (91s)
    [fuse_s170_k7D16:A] step 3000 plateau mon 3.743 best 3.743@3000 since 0 (137s)
    [fuse_s170_k7D16:A] step 4000 plateau mon 3.733 best 3.733@4000 since 0 (182s)
    [fuse_s170_k7D16:A] step 5000 plateau mon 3.735 best 3.733@4000 since 1 (227s)
    [fuse_s170_k7D16:A] step 6000 plateau mon 3.738 best 3.733@4000 since 2 (272s)
    [fuse_s170_k7D16:A] step 7000 plateau mon 3.735 best 3.733@4000 since 3 (318s)
    [fuse_s170_k7D16:A] step 8000 plateau mon 3.741 best 3.733@4000 since 4 (363s)
    [fuse_s170_k7D16:A] step 9000 plateau mon 3.740 best 3.733@4000 since 5 (408s)
    [fuse_s170_k7D16:A] step 10000 plateau mon 3.721 best 3.721@10000 since 0 (453s)
    [fuse_s170_k7D16:A] step 11000 plateau mon 3.737 best 3.721@10000 since 1 (498s)
    [fuse_s170_k7D16:A] step 12000 plateau mon 3.734 best 3.721@10000 since 2 (543s)
    [fuse_s170_k7D16:A] step 13000 plateau mon 3.732 best 3.721@10000 since 3 (588s)
    [fuse_s170_k7D16:A] step 14000 plateau mon 3.735 best 3.721@10000 since 4 (633s)
    [fuse_s170_k7D16:A] step 15000 plateau mon 3.729 best 3.721@10000 since 5 (678s)
    [fuse_s170_k7D16:A] step 16000 plateau mon 3.736 best 3.721@10000 since 6 (723s)
    [fuse_s170_k7D16:A] step 17000 plateau mon 3.738 best 3.721@10000 since 7 (768s)
    [fuse_s170_k7D16:A] step 18000 plateau mon 3.744 best 3.721@10000 since 8 (813s)
    [fuse_s170_k7D16:A] step 19000 decay mon 3.736 best 3.721@10000 since 9 (858s)
    [fuse_s170_k7D16:A] step 20000 decay mon 3.737 best 3.721@10000 since 10 (903s)
    [fuse_s170_k7D16:A] step 21000 decay mon 3.736 best 3.721@10000 since 11 (947s)
    [fuse_s170_k7D16:A] step 22000 decay mon 3.725 best 3.721@10000 since 12 (993s)
    [fuse_s170_k7D16:A] step 23000 decay mon 3.725 best 3.721@10000 since 13 (1038s)
    [fuse_s170_k7D16:B] step 1000 plateau mon 3.774 best 3.774@1000 since 0 (157s)
    [fuse_s170_k7D16:B] step 2000 plateau mon 3.769 best 3.769@2000 since 0 (320s)
    [fuse_s170_k7D16:B] step 3000 plateau mon 3.754 best 3.754@3000 since 0 (480s)
    [fuse_s170_k7D16:B] step 4000 plateau mon 3.745 best 3.745@4000 since 0 (643s)
    [fuse_s170_k7D16:B] step 5000 plateau mon 3.762 best 3.745@4000 since 1 (808s)
    [fuse_s170_k7D16:B] step 6000 plateau mon 3.749 best 3.745@4000 since 2 (971s)
    [fuse_s170_k7D16:B] step 7000 plateau mon 3.731 best 3.731@7000 since 0 (1133s)
    [fuse_s170_k7D16:B] step 8000 plateau mon 3.755 best 3.731@7000 since 1 (1297s)
    [fuse_s170_k7D16:B] step 9000 plateau mon 3.744 best 3.731@7000 since 2 (1462s)
    [fuse_s170_k7D16:B] step 10000 plateau mon 3.747 best 3.731@7000 since 3 (1626s)
    [fuse_s170_k7D16:B] step 11000 plateau mon 3.742 best 3.731@7000 since 4 (1790s)
    [fuse_s170_k7D16:B] step 12000 plateau mon 3.736 best 3.731@7000 since 5 (1956s)
    [fuse_s170_k7D16:B] step 13000 plateau mon 3.749 best 3.731@7000 since 6 (2120s)
    [fuse_s170_k7D16:B] step 14000 plateau mon 3.747 best 3.731@7000 since 7 (2286s)
    [fuse_s170_k7D16:B] step 15000 plateau mon 3.738 best 3.731@7000 since 8 (2450s)
    [fuse_s170_k7D16:B] step 16000 decay mon 3.735 best 3.731@7000 since 9 (2613s)
    [fuse_s170_k7D16:B] step 17000 decay mon 3.721 best 3.721@17000 since 0 (2775s)
    [fuse_s170_k7D16:B] step 18000 decay mon 3.691 best 3.691@18000 since 0 (2937s)
    [fuse_s170_k7D16:B] step 19000 decay mon 3.679 best 3.679@19000 since 0 (3098s)
    [fuse_s170_k7D16:B] step 20000 decay mon 3.670 best 3.670@20000 since 0 (3260s)
  DONE fuse/fuse_s170_k7D16/seed1: 212.8KB | PhaseA int8 3.701 -> PhaseB int8 3.652  (delta -0.049) [appended]
  RUN  fuse/fuse_s360_k7D16/seed0
    [fuse_s360_k7D16:preGRU] step 1000 plateau mon 4.449 best 4.449@1000 since 0 (168s)
    [fuse_s360_k7D16:preGRU] step 2000 plateau mon 4.090 best 4.090@2000 since 0 (336s)
    [fuse_s360_k7D16:preGRU] step 3000 plateau mon 3.984 best 3.984@3000 since 0 (503s)
    [fuse_s360_k7D16:preGRU] step 4000 plateau mon 3.921 best 3.921@4000 since 0 (671s)
    [fuse_s360_k7D16:preGRU] step 5000 plateau mon 3.889 best 3.889@5000 since 0 (838s)
    [fuse_s360_k7D16:preGRU] step 6000 plateau mon 3.854 best 3.854@6000 since 0 (1007s)
    [fuse_s360_k7D16:preGRU] step 7000 plateau mon 3.840 best 3.840@7000 since 0 (1174s)
    [fuse_s360_k7D16:preGRU] step 8000 plateau mon 3.833 best 3.833@8000 since 0 (1342s)
    [fuse_s360_k7D16:preGRU] step 9000 plateau mon 3.838 best 3.833@8000 since 1 (1511s)
    [fuse_s360_k7D16:preGRU] step 10000 plateau mon 3.829 best 3.829@10000 since 0 (1679s)
    [fuse_s360_k7D16:preGRU] step 11000 plateau mon 3.843 best 3.829@10000 since 1 (1847s)
    [fuse_s360_k7D16:preGRU] step 12000 plateau mon 3.830 best 3.829@10000 since 2 (2015s)
    [fuse_s360_k7D16:preGRU] step 13000 plateau mon 3.813 best 3.813@13000 since 0 (2184s)
    [fuse_s360_k7D16:preGRU] step 14000 plateau mon 3.818 best 3.813@13000 since 1 (2352s)
    [fuse_s360_k7D16:preGRU] step 15000 plateau mon 3.813 best 3.813@13000 since 2 (2521s)
    [fuse_s360_k7D16:preGRU] step 16000 plateau mon 3.827 best 3.813@13000 since 3 (2690s)
    [fuse_s360_k7D16:preGRU] step 17000 plateau mon 3.808 best 3.808@17000 since 0 (2864s)
    [fuse_s360_k7D16:preGRU] step 18000 plateau mon 3.803 best 3.803@18000 since 0 (3041s)
    [fuse_s360_k7D16:preGRU] step 19000 plateau mon 3.802 best 3.803@18000 since 1 (3216s)
    [fuse_s360_k7D16:preGRU] step 20000 plateau mon 3.810 best 3.803@18000 since 2 (3396s)
    [fuse_s360_k7D16:preGRU] step 21000 plateau mon 3.793 best 3.793@21000 since 0 (3578s)
    [fuse_s360_k7D16:preGRU] step 22000 plateau mon 3.803 best 3.793@21000 since 1 (3760s)
    [fuse_s360_k7D16:preGRU] step 23000 plateau mon 3.800 best 3.793@21000 since 2 (3941s)
    [fuse_s360_k7D16:preGRU] step 24000 plateau mon 3.795 best 3.793@21000 since 3 (4124s)
    [fuse_s360_k7D16:preGRU] step 25000 plateau mon 3.798 best 3.793@21000 since 4 (4306s)
    [fuse_s360_k7D16:preGRU] step 26000 plateau mon 3.755 best 3.755@26000 since 0 (4484s)
    [fuse_s360_k7D16:preGRU] step 27000 plateau mon 3.805 best 3.755@26000 since 1 (4659s)
    [fuse_s360_k7D16:preGRU] step 28000 plateau mon 3.755 best 3.755@26000 since 2 (4834s)
    [fuse_s360_k7D16:preGRU] step 29000 plateau mon 3.799 best 3.755@26000 since 3 (5009s)
    [fuse_s360_k7D16:preGRU] step 30000 plateau mon 3.784 best 3.755@26000 since 4 (5185s)
    [fuse_s360_k7D16:preGRU] step 31000 plateau mon 3.783 best 3.755@26000 since 5 (5368s)
    [fuse_s360_k7D16:preGRU] step 32000 plateau mon 3.779 best 3.755@26000 since 6 (5551s)
    [fuse_s360_k7D16:preGRU] step 33000 plateau mon 3.776 best 3.755@26000 since 7 (5732s)
    [fuse_s360_k7D16:preGRU] step 34000 plateau mon 3.765 best 3.755@26000 since 8 (5915s)
    [fuse_s360_k7D16:preGRU] step 35000 decay mon 3.768 best 3.755@26000 since 9 (6094s)
    [fuse_s360_k7D16:preGRU] step 36000 decay mon 3.737 best 3.737@36000 since 0 (6264s)
    [fuse_s360_k7D16:preGRU] step 37000 decay mon 3.698 best 3.698@37000 since 0 (6431s)
    [fuse_s360_k7D16:preGRU] step 38000 decay mon 3.682 best 3.682@38000 since 0 (6597s)
    [fuse_s360_k7D16:preGRU] step 39000 decay mon 3.672 best 3.672@39000 since 0 (6764s)
  [fuse] GRU-branch pretrained {'best_step': 39000, 'mon_ppl': 3.672, 'stop_reason': 'decayed'}
  [fuse] loaded PKE-branch cache _fusecache_pke_7_16_48_128_1.pt
    [fuse_s360_k7D16:A] step 1000 plateau mon 3.762 best 3.762@1000 since 0 (49s)
    [fuse_s360_k7D16:A] step 2000 plateau mon 3.684 best 3.684@2000 since 0 (96s)
    [fuse_s360_k7D16:A] step 3000 plateau mon 3.687 best 3.684@2000 since 1 (138s)
    [fuse_s360_k7D16:A] step 4000 plateau mon 3.690 best 3.684@2000 since 2 (175s)
    [fuse_s360_k7D16:A] step 5000 plateau mon 3.691 best 3.684@2000 since 3 (211s)
    [fuse_s360_k7D16:A] step 6000 plateau mon 3.694 best 3.684@2000 since 4 (249s)
    [fuse_s360_k7D16:A] step 7000 plateau mon 3.687 best 3.684@2000 since 5 (295s)
    [fuse_s360_k7D16:A] step 8000 plateau mon 3.706 best 3.684@2000 since 6 (340s)
    [fuse_s360_k7D16:A] step 9000 plateau mon 3.698 best 3.684@2000 since 7 (379s)
    [fuse_s360_k7D16:A] step 10000 plateau mon 3.697 best 3.684@2000 since 8 (415s)
    [fuse_s360_k7D16:A] step 11000 decay mon 3.702 best 3.684@2000 since 9 (451s)
    [fuse_s360_k7D16:A] step 12000 decay mon 3.692 best 3.684@2000 since 10 (489s)
    [fuse_s360_k7D16:A] step 13000 decay mon 3.682 best 3.682@13000 since 0 (533s)
    [fuse_s360_k7D16:A] step 14000 decay mon 3.680 best 3.680@14000 since 0 (581s)
    [fuse_s360_k7D16:A] step 15000 decay mon 3.679 best 3.680@14000 since 1 (625s)
    [fuse_s360_k7D16:B] step 1000 plateau mon 3.777 best 3.777@1000 since 0 (162s)
    [fuse_s360_k7D16:B] step 2000 plateau mon 3.755 best 3.755@2000 since 0 (335s)
    [fuse_s360_k7D16:B] step 3000 plateau mon 3.786 best 3.755@2000 since 1 (504s)
    [fuse_s360_k7D16:B] step 4000 plateau mon 3.778 best 3.755@2000 since 2 (672s)
    [fuse_s360_k7D16:B] step 5000 plateau mon 3.776 best 3.755@2000 since 3 (839s)
    [fuse_s360_k7D16:B] step 6000 plateau mon 3.772 best 3.755@2000 since 4 (1006s)
    [fuse_s360_k7D16:B] step 7000 plateau mon 3.767 best 3.755@2000 since 5 (1172s)
    [fuse_s360_k7D16:B] step 8000 plateau mon 3.769 best 3.755@2000 since 6 (1339s)
    [fuse_s360_k7D16:B] step 9000 plateau mon 3.768 best 3.755@2000 since 7 (1506s)
    [fuse_s360_k7D16:B] step 10000 plateau mon 3.767 best 3.755@2000 since 8 (1674s)
    [fuse_s360_k7D16:B] step 11000 decay mon 3.765 best 3.755@2000 since 9 (1841s)
    [fuse_s360_k7D16:B] step 12000 decay mon 3.730 best 3.730@12000 since 0 (2008s)
    [fuse_s360_k7D16:B] step 13000 decay mon 3.702 best 3.702@13000 since 0 (2175s)
    [fuse_s360_k7D16:B] step 14000 decay mon 3.691 best 3.691@14000 since 0 (2342s)
    [fuse_s360_k7D16:B] step 15000 decay mon 3.680 best 3.680@15000 since 0 (2508s)
  DONE fuse/fuse_s360_k7D16/seed0: 477.9KB | PhaseA int8 3.377 -> PhaseB int8 3.354  (delta -0.023) [appended]
run_pke: all requested work complete.
=== fuse done Sat Sep 19 01:31:33 EDT 2026 ===
=== grok_fmlp start Sat Sep 19 01:32:42 EDT 2026 ===
device cuda torch 2.10.0+cu130
train 19,625,263 val 432,739  eval 200x400 = 80,000 positions

=== PHASE grok (fmlp) ===
    [grok_fmlp_conv] step 1000 lr 2.50e-03 plateau mon 4.944 best 4.944@1000 since 0 (125s)
    [grok_fmlp_conv] step 2000 lr 2.50e-03 plateau mon 4.367 best 4.367@2000 since 0 (263s)
    [grok_fmlp_conv] step 3000 lr 2.50e-03 plateau mon 4.180 best 4.180@3000 since 0 (418s)
    [grok_fmlp_conv] step 4000 lr 2.50e-03 plateau mon 4.125 best 4.125@4000 since 0 (562s)
    [grok_fmlp_conv] step 5000 lr 2.50e-03 plateau mon 4.054 best 4.054@5000 since 0 (704s)
    [grok_fmlp_conv] step 6000 lr 2.50e-03 plateau mon 4.008 best 4.008@6000 since 0 (850s)
    [grok_fmlp_conv] step 7000 lr 2.50e-03 plateau mon 3.985 best 3.985@7000 since 0 (997s)
    [grok_fmlp_conv] step 8000 lr 2.50e-03 plateau mon 3.958 best 3.958@8000 since 0 (1138s)
    [grok_fmlp_conv] step 9000 lr 2.50e-03 plateau mon 3.961 best 3.958@8000 since 1 (1284s)
    [grok_fmlp_conv] step 10000 lr 2.50e-03 plateau mon 3.934 best 3.934@10000 since 0 (1434s)
    [grok_fmlp_conv] step 11000 lr 2.50e-03 plateau mon 3.936 best 3.934@10000 since 1 (1580s)
    [grok_fmlp_conv] step 12000 lr 2.50e-03 plateau mon 3.912 best 3.912@12000 since 0 (1728s)
    [grok_fmlp_conv] step 13000 lr 2.50e-03 plateau mon 3.888 best 3.888@13000 since 0 (1872s)
    [grok_fmlp_conv] step 14000 lr 2.50e-03 plateau mon 3.875 best 3.875@14000 since 0 (2020s)
    [grok_fmlp_conv] step 15000 lr 2.50e-03 plateau mon 3.881 best 3.875@14000 since 1 (2167s)
    [grok_fmlp_conv] step 16000 lr 2.50e-03 plateau mon 3.853 best 3.853@16000 since 0 (2311s)
    [grok_fmlp_conv] step 17000 lr 2.50e-03 plateau mon 3.864 best 3.853@16000 since 1 (2460s)
    [grok_fmlp_conv] step 18000 lr 2.50e-03 plateau mon 3.863 best 3.853@16000 since 2 (2608s)
    [grok_fmlp_conv] step 19000 lr 2.50e-03 plateau mon 3.862 best 3.853@16000 since 3 (2756s)
    [grok_fmlp_conv] step 20000 lr 2.50e-03 plateau mon 3.861 best 3.853@16000 since 4 (2901s)
    [grok_fmlp_conv] step 21000 lr 2.50e-03 plateau mon 3.861 best 3.853@16000 since 5 (3049s)
    [grok_fmlp_conv] step 22000 lr 2.50e-03 plateau mon 3.852 best 3.853@16000 since 6 (3195s)
    [grok_fmlp_conv] step 23000 lr 2.50e-03 plateau mon 3.852 best 3.853@16000 since 7 (3343s)
    [grok_fmlp_conv] step 24000 lr 2.50e-03 plateau mon 3.853 best 3.853@16000 since 8 (3492s)
    [grok_fmlp_conv] -> DECAY triggered at step 24000
    [grok_fmlp_conv] step 25000 lr 2.26e-03 decay mon 3.851 best 3.853@16000 since 9 (3638s)
    [grok_fmlp_conv] step 26000 lr 1.64e-03 decay mon 3.818 best 3.818@26000 since 0 (3783s)
    [grok_fmlp_conv] step 27000 lr 8.78e-04 decay mon 3.790 best 3.790@27000 since 0 (3933s)
    [grok_fmlp_conv] step 28000 lr 2.57e-04 decay mon 3.772 best 3.772@28000 since 0 (4082s)
    [grok_fmlp_conv] step 29000 lr 2.00e-05 decay mon 3.762 best 3.762@29000 since 0 (4227s)
C:\Users\Timeroot\AppData\Local\Packages\PythonSoftwareFoundation.Python.3.13_qbz5n2kfra8p0\LocalCache\local-packages\Python313\site-packages\torch\nn\modules\rnn.py:1415: UserWarning: RNN module weights are not part of single contiguous chunk of memory. This means they need to be compacted at every call, possibly greatly increasing memory usage. To compact weights again call flatten_parameters(). (Triggered internally at C:\actions-runner\_work\pytorch\pytorch\pytorch\aten\src\ATen\native\cudnn\RNN.cpp:1480.)
  result = _VF.gru(
[grok_fmlp] converged N=29000 conv_mon=3.7620 conv_int8_ppl=3.7279; extending 232000 steps (warm restart peak 2.6e-3)
    [grok_fmlp] ext 2000/232000 gstep 31000 lr 2.60e-03 mon 3.8114 best 3.7620@29000 (300s)
    [grok_fmlp] ext 4000/232000 gstep 33000 lr 2.60e-03 mon 3.8080 best 3.7620@29000 (596s)
    [grok_fmlp] ext 6000/232000 gstep 35000 lr 2.60e-03 mon 3.7952 best 3.7620@29000 (893s)
    [grok_fmlp] ext 8000/232000 gstep 37000 lr 2.59e-03 mon 3.7927 best 3.7620@29000 (1188s)
    [grok_fmlp] ext 10000/232000 gstep 39000 lr 2.59e-03 mon 3.7724 best 3.7620@29000 (1484s)
    [grok_fmlp] ext 12000/232000 gstep 41000 lr 2.58e-03 mon 3.7871 best 3.7620@29000 (1783s)
    [grok_fmlp] ext 14000/232000 gstep 43000 lr 2.58e-03 mon 3.7914 best 3.7620@29000 (2078s)
    [grok_fmlp] ext 16000/232000 gstep 45000 lr 2.57e-03 mon 3.7738 best 3.7620@29000 (2373s)
    [grok_fmlp] ext 18000/232000 gstep 47000 lr 2.56e-03 mon 3.7704 best 3.7620@29000 (2672s)
    [grok_fmlp] ext 20000/232000 gstep 49000 lr 2.55e-03 mon 3.7763 best 3.7620@29000 (2963s)
    [grok_fmlp] ext 22000/232000 gstep 51000 lr 2.54e-03 mon 3.7755 best 3.7620@29000 (3264s)
    [grok_fmlp] ext 24000/232000 gstep 53000 lr 2.53e-03 mon 3.7752 best 3.7620@29000 (3556s)
    [grok_fmlp] ext 26000/232000 gstep 55000 lr 2.52e-03 mon 3.7754 best 3.7620@29000 (3855s)
    [grok_fmlp] ext 28000/232000 gstep 57000 lr 2.51e-03 mon 3.7728 best 3.7620@29000 (4153s)
    [grok_fmlp] ext 30000/232000 gstep 59000 lr 2.50e-03 mon 3.7534 best 3.7534@59000 (4449s)
    [grok_fmlp] ext 32000/232000 gstep 61000 lr 2.48e-03 mon 3.7671 best 3.7534@59000 (4746s)
    [grok_fmlp] ext 34000/232000 gstep 63000 lr 2.47e-03 mon 3.7795 best 3.7534@59000 (5044s)
    [grok_fmlp] ext 36000/232000 gstep 65000 lr 2.45e-03 mon 3.7775 best 3.7534@59000 (5336s)
    [grok_fmlp] ext 38000/232000 gstep 67000 lr 2.44e-03 mon 3.7565 best 3.7534@59000 (5636s)
    [grok_fmlp] ext 40000/232000 gstep 69000 lr 2.42e-03 mon 3.7665 best 3.7534@59000 (5932s)
    [grok_fmlp] ext 42000/232000 gstep 71000 lr 2.40e-03 mon 3.7329 best 3.7329@71000 (6230s)
    [grok_fmlp] ext 44000/232000 gstep 73000 lr 2.38e-03 mon 3.7589 best 3.7329@71000 (6526s)
    [grok_fmlp] ext 46000/232000 gstep 75000 lr 2.36e-03 mon 3.7583 best 3.7329@71000 (6824s)
    [grok_fmlp] ext 48000/232000 gstep 77000 lr 2.34e-03 mon 3.7773 best 3.7329@71000 (7119s)
    [grok_fmlp] ext 50000/232000 gstep 79000 lr 2.32e-03 mon 3.7760 best 3.7329@71000 (7418s)
    [grok_fmlp] ext 52000/232000 gstep 81000 lr 2.30e-03 mon 3.7700 best 3.7329@71000 (7716s)
    [grok_fmlp] ext 54000/232000 gstep 83000 lr 2.27e-03 mon 3.7567 best 3.7329@71000 (8012s)
    [grok_fmlp] ext 56000/232000 gstep 85000 lr 2.25e-03 mon 3.7467 best 3.7329@71000 (8309s)
    [grok_fmlp] ext 58000/232000 gstep 87000 lr 2.22e-03 mon 3.7656 best 3.7329@71000 (8607s)
    [grok_fmlp] ext 60000/232000 gstep 89000 lr 2.20e-03 mon 3.7584 best 3.7329@71000 (8905s)
    [grok_fmlp] ext 62000/232000 gstep 91000 lr 2.17e-03 mon 3.7610 best 3.7329@71000 (9203s)
    [grok_fmlp] ext 64000/232000 gstep 93000 lr 2.15e-03 mon 3.7431 best 3.7329@71000 (9498s)
    [grok_fmlp] ext 66000/232000 gstep 95000 lr 2.12e-03 mon 3.7362 best 3.7329@71000 (9798s)
    [grok_fmlp] ext 68000/232000 gstep 97000 lr 2.09e-03 mon 3.7605 best 3.7329@71000 (10097s)
    [grok_fmlp] ext 70000/232000 gstep 99000 lr 2.07e-03 mon 3.7579 best 3.7329@71000 (10393s)
    [grok_fmlp] ext 72000/232000 gstep 101000 lr 2.04e-03 mon 3.7337 best 3.7329@71000 (10692s)
    [grok_fmlp] ext 74000/232000 gstep 103000 lr 2.01e-03 mon 3.7387 best 3.7329@71000 (10994s)
    [grok_fmlp] ext 76000/232000 gstep 105000 lr 1.98e-03 mon 3.7389 best 3.7329@71000 (11294s)
    [grok_fmlp] ext 78000/232000 gstep 107000 lr 1.95e-03 mon 3.7446 best 3.7329@71000 (11595s)
    [grok_fmlp] ext 80000/232000 gstep 109000 lr 1.92e-03 mon 3.7302 best 3.7302@109000 (11891s)
    [grok_fmlp] ext 82000/232000 gstep 111000 lr 1.89e-03 mon 3.7375 best 3.7302@109000 (12194s)
    [grok_fmlp] ext 84000/232000 gstep 113000 lr 1.85e-03 mon 3.7259 best 3.7259@113000 (12490s)
    [grok_fmlp] ext 86000/232000 gstep 115000 lr 1.82e-03 mon 3.7292 best 3.7259@113000 (12791s)
    [grok_fmlp] ext 88000/232000 gstep 117000 lr 1.79e-03 mon 3.7322 best 3.7259@113000 (13087s)
    [grok_fmlp] ext 90000/232000 gstep 119000 lr 1.76e-03 mon 3.7287 best 3.7259@113000 (13387s)
    [grok_fmlp] ext 92000/232000 gstep 121000 lr 1.72e-03 mon 3.7320 best 3.7259@113000 (13687s)
    [grok_fmlp] ext 94000/232000 gstep 123000 lr 1.69e-03 mon 3.7375 best 3.7259@113000 (13987s)
    [grok_fmlp] ext 96000/232000 gstep 125000 lr 1.66e-03 mon 3.7174 best 3.7174@125000 (14287s)
    [grok_fmlp] ext 98000/232000 gstep 127000 lr 1.62e-03 mon 3.7256 best 3.7174@125000 (14584s)
    [grok_fmlp] ext 100000/232000 gstep 129000 lr 1.59e-03 mon 3.7295 best 3.7174@125000 (14884s)
    [grok_fmlp] ext 102000/232000 gstep 131000 lr 1.56e-03 mon 3.7284 best 3.7174@125000 (15190s)
    [grok_fmlp] ext 104000/232000 gstep 133000 lr 1.52e-03 mon 3.7190 best 3.7174@125000 (15494s)
    [grok_fmlp] ext 106000/232000 gstep 135000 lr 1.49e-03 mon 3.7186 best 3.7174@125000 (15795s)
    [grok_fmlp] ext 108000/232000 gstep 137000 lr 1.45e-03 mon 3.7312 best 3.7174@125000 (16096s)
    [grok_fmlp] ext 110000/232000 gstep 139000 lr 1.42e-03 mon 3.7324 best 3.7174@125000 (16401s)
    [grok_fmlp] ext 112000/232000 gstep 141000 lr 1.38e-03 mon 3.7194 best 3.7174@125000 (16702s)
    [grok_fmlp] ext 114000/232000 gstep 143000 lr 1.35e-03 mon 3.7285 best 3.7174@125000 (17004s)
    [grok_fmlp] ext 116000/232000 gstep 145000 lr 1.31e-03 mon 3.7241 best 3.7174@125000 (17322s)
    [grok_fmlp] ext 118000/232000 gstep 147000 lr 1.28e-03 mon 3.7199 best 3.7174@125000 (17634s)
    [grok_fmlp] ext 120000/232000 gstep 149000 lr 1.24e-03 mon 3.7253 best 3.7174@125000 (17948s)
    [grok_fmlp] ext 122000/232000 gstep 151000 lr 1.21e-03 mon 3.7191 best 3.7174@125000 (18260s)
    [grok_fmlp] ext 124000/232000 gstep 153000 lr 1.17e-03 mon 3.7216 best 3.7174@125000 (18571s)
    [grok_fmlp] ext 126000/232000 gstep 155000 lr 1.14e-03 mon 3.7127 best 3.7127@155000 (18884s)
    [grok_fmlp] ext 128000/232000 gstep 157000 lr 1.10e-03 mon 3.7196 best 3.7127@155000 (19197s)
    [grok_fmlp] ext 130000/232000 gstep 159000 lr 1.07e-03 mon 3.7234 best 3.7127@155000 (19508s)
    [grok_fmlp] ext 132000/232000 gstep 161000 lr 1.03e-03 mon 3.7124 best 3.7124@161000 (19822s)
    [grok_fmlp] ext 134000/232000 gstep 163000 lr 1.00e-03 mon 3.7078 best 3.7078@163000 (20135s)
    [grok_fmlp] ext 136000/232000 gstep 165000 lr 9.67e-04 mon 3.7012 best 3.7012@165000 (20448s)
    [grok_fmlp] ext 138000/232000 gstep 167000 lr 9.33e-04 mon 3.7157 best 3.7012@165000 (20762s)
    [grok_fmlp] ext 140000/232000 gstep 169000 lr 9.00e-04 mon 3.7034 best 3.7012@165000 (21075s)
    [grok_fmlp] ext 142000/232000 gstep 171000 lr 8.67e-04 mon 3.6986 best 3.6986@171000 (21387s)
    [grok_fmlp] ext 144000/232000 gstep 173000 lr 8.34e-04 mon 3.7076 best 3.6986@171000 (21698s)
    [grok_fmlp] ext 146000/232000 gstep 175000 lr 8.02e-04 mon 3.7068 best 3.6986@171000 (22013s)
    [grok_fmlp] ext 148000/232000 gstep 177000 lr 7.70e-04 mon 3.7135 best 3.6986@171000 (22326s)
    [grok_fmlp] ext 150000/232000 gstep 179000 lr 7.39e-04 mon 3.6956 best 3.6956@179000 (22639s)
    [grok_fmlp] ext 152000/232000 gstep 181000 lr 7.07e-04 mon 3.6993 best 3.6956@179000 (22953s)
    [grok_fmlp] ext 154000/232000 gstep 183000 lr 6.77e-04 mon 3.6926 best 3.6926@183000 (23268s)
    [grok_fmlp] ext 156000/232000 gstep 185000 lr 6.46e-04 mon 3.7000 best 3.6926@183000 (23583s)
    [grok_fmlp] ext 158000/232000 gstep 187000 lr 6.17e-04 mon 3.6953 best 3.6926@183000 (23897s)
    [grok_fmlp] ext 160000/232000 gstep 189000 lr 5.87e-04 mon 3.7037 best 3.6926@183000 (24212s)
    [grok_fmlp] ext 162000/232000 gstep 191000 lr 5.59e-04 mon 3.6993 best 3.6926@183000 (24527s)
    [grok_fmlp] ext 164000/232000 gstep 193000 lr 5.31e-04 mon 3.6851 best 3.6851@193000 (24841s)
    [grok_fmlp] ext 166000/232000 gstep 195000 lr 5.03e-04 mon 3.6938 best 3.6851@193000 (25154s)
    [grok_fmlp] ext 168000/232000 gstep 197000 lr 4.76e-04 mon 3.6948 best 3.6851@193000 (25470s)
    [grok_fmlp] ext 170000/232000 gstep 199000 lr 4.50e-04 mon 3.7010 best 3.6851@193000 (25785s)
    [grok_fmlp] ext 172000/232000 gstep 201000 lr 4.24e-04 mon 3.6941 best 3.6851@193000 (26100s)
    [grok_fmlp] ext 174000/232000 gstep 203000 lr 3.99e-04 mon 3.6914 best 3.6851@193000 (26413s)
    [grok_fmlp] ext 176000/232000 gstep 205000 lr 3.74e-04 mon 3.6960 best 3.6851@193000 (26726s)
    [grok_fmlp] ext 178000/232000 gstep 207000 lr 3.51e-04 mon 3.6897 best 3.6851@193000 (27041s)
    [grok_fmlp] ext 180000/232000 gstep 209000 lr 3.28e-04 mon 3.6889 best 3.6851@193000 (27355s)
    [grok_fmlp] ext 182000/232000 gstep 211000 lr 3.05e-04 mon 3.6854 best 3.6851@193000 (27670s)
    [grok_fmlp] ext 184000/232000 gstep 213000 lr 2.84e-04 mon 3.6900 best 3.6851@193000 (27985s)
    [grok_fmlp] ext 186000/232000 gstep 215000 lr 2.63e-04 mon 3.6801 best 3.6801@215000 (28301s)
    [grok_fmlp] ext 188000/232000 gstep 217000 lr 2.43e-04 mon 3.6849 best 3.6801@215000 (28615s)
    [grok_fmlp] ext 190000/232000 gstep 219000 lr 2.24e-04 mon 3.6865 best 3.6801@215000 (28929s)
    [grok_fmlp] ext 192000/232000 gstep 221000 lr 2.05e-04 mon 3.6883 best 3.6801@215000 (29239s)
    [grok_fmlp] ext 194000/232000 gstep 223000 lr 1.87e-04 mon 3.6820 best 3.6801@215000 (29554s)
    [grok_fmlp] ext 196000/232000 gstep 225000 lr 1.71e-04 mon 3.6863 best 3.6801@215000 (29870s)
    [grok_fmlp] ext 198000/232000 gstep 227000 lr 1.55e-04 mon 3.6845 best 3.6801@215000 (30186s)
    [grok_fmlp] ext 200000/232000 gstep 229000 lr 1.40e-04 mon 3.6833 best 3.6801@215000 (30501s)
    [grok_fmlp] ext 202000/232000 gstep 231000 lr 1.25e-04 mon 3.6849 best 3.6801@215000 (30816s)
    [grok_fmlp] ext 204000/232000 gstep 233000 lr 1.12e-04 mon 3.6827 best 3.6801@215000 (31130s)
    [grok_fmlp] ext 206000/232000 gstep 235000 lr 9.93e-05 mon 3.6836 best 3.6801@215000 (31445s)
    [grok_fmlp] ext 208000/232000 gstep 237000 lr 8.77e-05 mon 3.6817 best 3.6801@215000 (31759s)
    [grok_fmlp] ext 210000/232000 gstep 239000 lr 7.70e-05 mon 3.6834 best 3.6801@215000 (32074s)
    [grok_fmlp] ext 212000/232000 gstep 241000 lr 6.71e-05 mon 3.6840 best 3.6801@215000 (32389s)
    [grok_fmlp] ext 214000/232000 gstep 243000 lr 5.82e-05 mon 3.6823 best 3.6801@215000 (32704s)
    [grok_fmlp] ext 216000/232000 gstep 245000 lr 5.02e-05 mon 3.6815 best 3.6801@215000 (33021s)
    [grok_fmlp] ext 218000/232000 gstep 247000 lr 4.32e-05 mon 3.6820 best 3.6801@215000 (33336s)
    [grok_fmlp] ext 220000/232000 gstep 249000 lr 3.70e-05 mon 3.6834 best 3.6801@215000 (33652s)
    [grok_fmlp] ext 222000/232000 gstep 251000 lr 3.18e-05 mon 3.6835 best 3.6801@215000 (33969s)
    [grok_fmlp] ext 224000/232000 gstep 253000 lr 2.76e-05 mon 3.6832 best 3.6801@215000 (34285s)
    [grok_fmlp] ext 226000/232000 gstep 255000 lr 2.43e-05 mon 3.6827 best 3.6801@215000 (34600s)
    [grok_fmlp] ext 228000/232000 gstep 257000 lr 2.19e-05 mon 3.6820 best 3.6801@215000 (34916s)
    [grok_fmlp] ext 230000/232000 gstep 259000 lr 2.05e-05 mon 3.6821 best 3.6801@215000 (35232s)
    [grok_fmlp] ext 232000/232000 gstep 261000 lr 2.00e-05 mon 3.6843 best 3.6801@215000 (35547s)
[grok_fmlp] DONE: converged int8 3.7279 -> extended-8x int8 3.6544 (delta -0.0735) best_mon 3.6801@gstep215000 -> grok_fmlp_traj.json
run_pke: all requested work complete.
=== grok_fmlp done Sat Sep 19 12:35:59 EDT 2026 ===
=== grok_fuse start Sat Sep 19 12:36:34 EDT 2026 ===
device cuda torch 2.10.0+cu130
train 19,625,263 val 432,739  eval 200x400 = 80,000 positions

=== PHASE grok (fuse) ===
  [fuse] loaded GRU-branch cache _fusecache_gru_152_64_48_1.pt
  [fuse] loaded PKE-branch cache _fusecache_pke_7_16_48_128_1.pt
    [grok_fuse_conv:A] step 1000 plateau mon 3.940 best 3.940@1000 since 0 (43s)
    [grok_fuse_conv:A] step 2000 plateau mon 3.763 best 3.763@2000 since 0 (87s)
    [grok_fuse_conv:A] step 3000 plateau mon 3.746 best 3.746@3000 since 0 (132s)
    [grok_fuse_conv:A] step 4000 plateau mon 3.749 best 3.746@3000 since 1 (176s)
    [grok_fuse_conv:A] step 5000 plateau mon 3.737 best 3.737@5000 since 0 (222s)
    [grok_fuse_conv:A] step 6000 plateau mon 3.741 best 3.737@5000 since 1 (268s)
    [grok_fuse_conv:A] step 7000 plateau mon 3.730 best 3.730@7000 since 0 (316s)
    [grok_fuse_conv:A] step 8000 plateau mon 3.738 best 3.730@7000 since 1 (364s)
    [grok_fuse_conv:A] step 9000 plateau mon 3.734 best 3.730@7000 since 2 (410s)
    [grok_fuse_conv:A] step 10000 plateau mon 3.734 best 3.730@7000 since 3 (455s)
    [grok_fuse_conv:A] step 11000 plateau mon 3.745 best 3.730@7000 since 4 (500s)
    [grok_fuse_conv:A] step 12000 plateau mon 3.738 best 3.730@7000 since 5 (546s)
    [grok_fuse_conv:A] step 13000 plateau mon 3.734 best 3.730@7000 since 6 (594s)
    [grok_fuse_conv:A] step 14000 plateau mon 3.732 best 3.730@7000 since 7 (640s)
    [grok_fuse_conv:A] step 15000 plateau mon 3.744 best 3.730@7000 since 8 (686s)
    [grok_fuse_conv:A] step 16000 decay mon 3.732 best 3.730@7000 since 9 (731s)
    [grok_fuse_conv:A] step 17000 decay mon 3.731 best 3.730@7000 since 10 (778s)
    [grok_fuse_conv:A] step 18000 decay mon 3.726 best 3.726@18000 since 0 (825s)
    [grok_fuse_conv:A] step 19000 decay mon 3.729 best 3.726@18000 since 1 (871s)
    [grok_fuse_conv:A] step 20000 decay mon 3.725 best 3.726@18000 since 2 (916s)
C:\Users\Timeroot\AppData\Local\Packages\PythonSoftwareFoundation.Python.3.13_qbz5n2kfra8p0\LocalCache\local-packages\Python313\site-packages\torch\nn\modules\rnn.py:1415: UserWarning: RNN module weights are not part of single contiguous chunk of memory. This means they need to be compacted at every call, possibly greatly increasing memory usage. To compact weights again call flatten_parameters(). (Triggered internally at C:\actions-runner\_work\pytorch\pytorch\pytorch\aten\src\ATen\native\cudnn\RNN.cpp:1480.)
  result = _VF.gru(
    [grok_fuse_conv:B] step 1000 plateau mon 3.772 best 3.772@1000 since 0 (153s)
    [grok_fuse_conv:B] step 2000 plateau mon 3.762 best 3.762@2000 since 0 (310s)
    [grok_fuse_conv:B] step 3000 plateau mon 3.759 best 3.759@3000 since 0 (464s)
    [grok_fuse_conv:B] step 4000 plateau mon 3.770 best 3.759@3000 since 1 (623s)
    [grok_fuse_conv:B] step 5000 plateau mon 3.749 best 3.749@5000 since 0 (777s)
    [grok_fuse_conv:B] step 6000 plateau mon 3.775 best 3.749@5000 since 1 (931s)
    [grok_fuse_conv:B] step 7000 plateau mon 3.759 best 3.749@5000 since 2 (1085s)
    [grok_fuse_conv:B] step 8000 plateau mon 3.759 best 3.749@5000 since 3 (1241s)
    [grok_fuse_conv:B] step 9000 plateau mon 3.765 best 3.749@5000 since 4 (1395s)
    [grok_fuse_conv:B] step 10000 plateau mon 3.758 best 3.749@5000 since 5 (1549s)
    [grok_fuse_conv:B] step 11000 plateau mon 3.760 best 3.749@5000 since 6 (1706s)
    [grok_fuse_conv:B] step 12000 plateau mon 3.776 best 3.749@5000 since 7 (1861s)
    [grok_fuse_conv:B] step 13000 plateau mon 3.750 best 3.749@5000 since 8 (2016s)
    [grok_fuse_conv:B] step 14000 decay mon 3.733 best 3.733@14000 since 0 (2169s)
    [grok_fuse_conv:B] step 15000 decay mon 3.735 best 3.733@14000 since 1 (2326s)
    [grok_fuse_conv:B] step 16000 decay mon 3.708 best 3.708@16000 since 0 (2481s)
    [grok_fuse_conv:B] step 17000 decay mon 3.682 best 3.682@17000 since 0 (2635s)
    [grok_fuse_conv:B] step 18000 decay mon 3.680 best 3.682@17000 since 1 (2790s)
[grok_fuse] converged N=17000 conv_mon=3.6820 conv_int8_ppl=3.6562; extending 136000 steps (warm restart peak 2.6e-3)
    [grok_fuse] ext 2000/136000 gstep 19000 lr 2.60e-03 mon 3.7504 best 3.6820@17000 (316s)
    [grok_fuse] ext 4000/136000 gstep 21000 lr 2.60e-03 mon 3.7338 best 3.6820@17000 (626s)
    [grok_fuse] ext 6000/136000 gstep 23000 lr 2.59e-03 mon 3.7507 best 3.6820@17000 (939s)
    [grok_fuse] ext 8000/136000 gstep 25000 lr 2.58e-03 mon 3.7290 best 3.6820@17000 (1250s)
    [grok_fuse] ext 10000/136000 gstep 27000 lr 2.57e-03 mon 3.7179 best 3.6820@17000 (1561s)
    [grok_fuse] ext 12000/136000 gstep 29000 lr 2.55e-03 mon 3.7358 best 3.6820@17000 (1875s)
    [grok_fuse] ext 14000/136000 gstep 31000 lr 2.54e-03 mon 3.7165 best 3.6820@17000 (2187s)
    [grok_fuse] ext 16000/136000 gstep 33000 lr 2.52e-03 mon 3.7173 best 3.6820@17000 (2499s)
    [grok_fuse] ext 18000/136000 gstep 35000 lr 2.49e-03 mon 3.7066 best 3.6820@17000 (2810s)
    [grok_fuse] ext 20000/136000 gstep 37000 lr 2.47e-03 mon 3.7304 best 3.6820@17000 (3119s)
    [grok_fuse] ext 22000/136000 gstep 39000 lr 2.44e-03 mon 3.7125 best 3.6820@17000 (3431s)
    [grok_fuse] ext 24000/136000 gstep 41000 lr 2.41e-03 mon 3.7104 best 3.6820@17000 (3741s)
    [grok_fuse] ext 26000/136000 gstep 43000 lr 2.38e-03 mon 3.7218 best 3.6820@17000 (4052s)
    [grok_fuse] ext 28000/136000 gstep 45000 lr 2.34e-03 mon 3.7073 best 3.6820@17000 (4368s)
    [grok_fuse] ext 30000/136000 gstep 47000 lr 2.31e-03 mon 3.7426 best 3.6820@17000 (4679s)
    [grok_fuse] ext 32000/136000 gstep 49000 lr 2.27e-03 mon 3.7299 best 3.6820@17000 (4991s)
    [grok_fuse] ext 34000/136000 gstep 51000 lr 2.23e-03 mon 3.7107 best 3.6820@17000 (5304s)
    [grok_fuse] ext 36000/136000 gstep 53000 lr 2.18e-03 mon 3.6989 best 3.6820@17000 (5616s)
    [grok_fuse] ext 38000/136000 gstep 55000 lr 2.14e-03 mon 3.6938 best 3.6820@17000 (5928s)
    [grok_fuse] ext 40000/136000 gstep 57000 lr 2.09e-03 mon 3.7181 best 3.6820@17000 (6237s)
    [grok_fuse] ext 42000/136000 gstep 59000 lr 2.04e-03 mon 3.6890 best 3.6820@17000 (6554s)
    [grok_fuse] ext 44000/136000 gstep 61000 lr 1.99e-03 mon 3.7029 best 3.6820@17000 (6866s)
    [grok_fuse] ext 46000/136000 gstep 63000 lr 1.94e-03 mon 3.6856 best 3.6820@17000 (7177s)
    [grok_fuse] ext 48000/136000 gstep 65000 lr 1.89e-03 mon 3.7018 best 3.6820@17000 (7490s)
    [grok_fuse] ext 50000/136000 gstep 67000 lr 1.84e-03 mon 3.6924 best 3.6820@17000 (7801s)
    [grok_fuse] ext 52000/136000 gstep 69000 lr 1.78e-03 mon 3.6973 best 3.6820@17000 (8113s)
    [grok_fuse] ext 54000/136000 gstep 71000 lr 1.73e-03 mon 3.6824 best 3.6820@17000 (8427s)
    [grok_fuse] ext 56000/136000 gstep 73000 lr 1.67e-03 mon 3.6796 best 3.6796@73000 (8738s)
    [grok_fuse] ext 58000/136000 gstep 75000 lr 1.61e-03 mon 3.6718 best 3.6718@75000 (9053s)
    [grok_fuse] ext 60000/136000 gstep 77000 lr 1.55e-03 mon 3.6804 best 3.6718@75000 (9366s)
    [grok_fuse] ext 62000/136000 gstep 79000 lr 1.49e-03 mon 3.6832 best 3.6718@75000 (9678s)
    [grok_fuse] ext 64000/136000 gstep 81000 lr 1.43e-03 mon 3.6857 best 3.6718@75000 (9990s)
    [grok_fuse] ext 66000/136000 gstep 83000 lr 1.37e-03 mon 3.6813 best 3.6718@75000 (10303s)
    [grok_fuse] ext 68000/136000 gstep 85000 lr 1.31e-03 mon 3.7152 best 3.6718@75000 (10618s)
    [grok_fuse] ext 70000/136000 gstep 87000 lr 1.25e-03 mon 3.6699 best 3.6699@87000 (10930s)
    [grok_fuse] ext 72000/136000 gstep 89000 lr 1.20e-03 mon 3.6647 best 3.6647@89000 (11243s)
    [grok_fuse] ext 74000/136000 gstep 91000 lr 1.14e-03 mon 3.6684 best 3.6647@89000 (11555s)
    [grok_fuse] ext 76000/136000 gstep 93000 lr 1.08e-03 mon 3.6612 best 3.6612@93000 (11869s)
    [grok_fuse] ext 78000/136000 gstep 95000 lr 1.02e-03 mon 3.6629 best 3.6612@93000 (12183s)
    [grok_fuse] ext 80000/136000 gstep 97000 lr 9.61e-04 mon 3.6621 best 3.6612@93000 (12496s)
    [grok_fuse] ext 82000/136000 gstep 99000 lr 9.03e-04 mon 3.6683 best 3.6612@93000 (12808s)
    [grok_fuse] ext 84000/136000 gstep 101000 lr 8.47e-04 mon 3.6572 best 3.6572@101000 (13124s)
    [grok_fuse] ext 86000/136000 gstep 103000 lr 7.92e-04 mon 3.6651 best 3.6572@101000 (13442s)
    [grok_fuse] ext 88000/136000 gstep 105000 lr 7.38e-04 mon 3.6598 best 3.6572@101000 (13756s)
    [grok_fuse] ext 90000/136000 gstep 107000 lr 6.85e-04 mon 3.6590 best 3.6572@101000 (14070s)
    [grok_fuse] ext 92000/136000 gstep 109000 lr 6.33e-04 mon 3.6550 best 3.6550@109000 (14384s)
    [grok_fuse] ext 94000/136000 gstep 111000 lr 5.83e-04 mon 3.6697 best 3.6550@109000 (14698s)
    [grok_fuse] ext 96000/136000 gstep 113000 lr 5.35e-04 mon 3.6526 best 3.6526@113000 (15011s)
    [grok_fuse] ext 98000/136000 gstep 115000 lr 4.88e-04 mon 3.6549 best 3.6526@113000 (15327s)
    [grok_fuse] ext 100000/136000 gstep 117000 lr 4.43e-04 mon 3.6449 best 3.6449@117000 (15642s)
    [grok_fuse] ext 102000/136000 gstep 119000 lr 3.99e-04 mon 3.6444 best 3.6444@119000 (15955s)
    [grok_fuse] ext 104000/136000 gstep 121000 lr 3.58e-04 mon 3.6426 best 3.6426@121000 (16270s)
    [grok_fuse] ext 106000/136000 gstep 123000 lr 3.19e-04 mon 3.6438 best 3.6426@121000 (16582s)
    [grok_fuse] ext 108000/136000 gstep 125000 lr 2.82e-04 mon 3.6451 best 3.6426@121000 (16896s)
    [grok_fuse] ext 110000/136000 gstep 127000 lr 2.47e-04 mon 3.6427 best 3.6426@121000 (17209s)
    [grok_fuse] ext 112000/136000 gstep 129000 lr 2.14e-04 mon 3.6375 best 3.6375@129000 (17523s)
    [grok_fuse] ext 114000/136000 gstep 131000 lr 1.84e-04 mon 3.6408 best 3.6375@129000 (17836s)
    [grok_fuse] ext 116000/136000 gstep 133000 lr 1.56e-04 mon 3.6382 best 3.6375@129000 (18151s)
    [grok_fuse] ext 118000/136000 gstep 135000 lr 1.30e-04 mon 3.6403 best 3.6375@129000 (18464s)
    [grok_fuse] ext 120000/136000 gstep 137000 lr 1.08e-04 mon 3.6398 best 3.6375@129000 (18778s)
    [grok_fuse] ext 122000/136000 gstep 139000 lr 8.72e-05 mon 3.6382 best 3.6375@129000 (19089s)
    [grok_fuse] ext 124000/136000 gstep 141000 lr 6.95e-05 mon 3.6356 best 3.6356@141000 (19402s)
    [grok_fuse] ext 126000/136000 gstep 143000 lr 5.44e-05 mon 3.6356 best 3.6356@141000 (19714s)
    [grok_fuse] ext 128000/136000 gstep 145000 lr 4.21e-05 mon 3.6366 best 3.6356@141000 (20031s)
    [grok_fuse] ext 130000/136000 gstep 147000 lr 3.24e-05 mon 3.6351 best 3.6351@147000 (20325s)
    [grok_fuse] ext 132000/136000 gstep 149000 lr 2.55e-05 mon 3.6362 best 3.6351@147000 (20613s)
    [grok_fuse] ext 134000/136000 gstep 151000 lr 2.14e-05 mon 3.6341 best 3.6341@151000 (20898s)
    [grok_fuse] ext 136000/136000 gstep 153000 lr 2.00e-05 mon 3.6346 best 3.6341@151000 (21173s)
[grok_fuse] DONE: converged int8 3.6562 -> extended-8x int8 3.6188 (delta -0.0374) best_mon 3.6341@gstep151000 -> grok_fuse_traj.json
run_pke: all requested work complete.
=== grok_fuse done Sat Sep 19 19:31:41 EDT 2026 ===
=== grok_fuse_s360 start Sat Sep 19 22:35:01 EDT 2026 ===
device cuda torch 2.10.0+cu130
train 19,625,263 val 432,739  eval 200x400 = 80,000 positions

=== PHASE grok (fuse_s360) ===
  [fuse] loaded GRU-branch cache _fusecache_gru_272_96_64_1.pt
  [fuse] loaded PKE-branch cache _fusecache_pke_7_16_48_128_1.pt
    [grok_fuse_s360_conv:A] step 1000 plateau mon 3.539 best 3.539@1000 since 0 (30s)
    [grok_fuse_s360_conv:A] step 2000 plateau mon 3.459 best 3.459@2000 since 0 (70s)
    [grok_fuse_s360_conv:A] step 3000 plateau mon 3.458 best 3.459@2000 since 1 (117s)
    [grok_fuse_s360_conv:A] step 4000 plateau mon 3.464 best 3.459@2000 since 2 (165s)
    [grok_fuse_s360_conv:A] step 5000 plateau mon 3.458 best 3.459@2000 since 3 (214s)
    [grok_fuse_s360_conv:A] step 6000 plateau mon 3.463 best 3.459@2000 since 4 (263s)
    [grok_fuse_s360_conv:A] step 7000 plateau mon 3.454 best 3.454@7000 since 0 (313s)
    [grok_fuse_s360_conv:A] step 8000 plateau mon 3.472 best 3.454@7000 since 1 (364s)
    [grok_fuse_s360_conv:A] step 9000 plateau mon 3.458 best 3.454@7000 since 2 (416s)
    [grok_fuse_s360_conv:A] step 10000 plateau mon 3.465 best 3.454@7000 since 3 (467s)
    [grok_fuse_s360_conv:A] step 11000 plateau mon 3.467 best 3.454@7000 since 4 (519s)
    [grok_fuse_s360_conv:A] step 12000 plateau mon 3.462 best 3.454@7000 since 5 (573s)
    [grok_fuse_s360_conv:A] step 13000 plateau mon 3.455 best 3.454@7000 since 6 (626s)
    [grok_fuse_s360_conv:A] step 14000 plateau mon 3.460 best 3.454@7000 since 7 (670s)
    [grok_fuse_s360_conv:A] step 15000 plateau mon 3.470 best 3.454@7000 since 8 (710s)
    [grok_fuse_s360_conv:A] step 16000 decay mon 3.453 best 3.454@7000 since 9 (750s)
    [grok_fuse_s360_conv:A] step 17000 decay mon 3.456 best 3.454@7000 since 10 (797s)
    [grok_fuse_s360_conv:A] step 18000 decay mon 3.451 best 3.451@18000 since 0 (845s)
    [grok_fuse_s360_conv:A] step 19000 decay mon 3.453 best 3.451@18000 since 1 (896s)
    [grok_fuse_s360_conv:A] step 20000 decay mon 3.448 best 3.448@20000 since 0 (949s)
C:\Users\Timeroot\AppData\Local\Packages\PythonSoftwareFoundation.Python.3.13_qbz5n2kfra8p0\LocalCache\local-packages\Python313\site-packages\torch\nn\modules\rnn.py:1415: UserWarning: RNN module weights are not part of single contiguous chunk of memory. This means they need to be compacted at every call, possibly greatly increasing memory usage. To compact weights again call flatten_parameters(). (Triggered internally at C:\actions-runner\_work\pytorch\pytorch\pytorch\aten\src\ATen\native\cudnn\RNN.cpp:1480.)
  result = _VF.gru(
    [grok_fuse_s360_conv:B] step 1000 plateau mon 3.531 best 3.531@1000 since 0 (189s)
    [grok_fuse_s360_conv:B] step 2000 plateau mon 3.520 best 3.520@2000 since 0 (368s)
    [grok_fuse_s360_conv:B] step 3000 plateau mon 3.536 best 3.520@2000 since 1 (544s)
    [grok_fuse_s360_conv:B] step 4000 plateau mon 3.537 best 3.520@2000 since 2 (720s)
    [grok_fuse_s360_conv:B] step 5000 plateau mon 3.527 best 3.520@2000 since 3 (903s)
    [grok_fuse_s360_conv:B] step 6000 plateau mon 3.510 best 3.510@6000 since 0 (1082s)
    [grok_fuse_s360_conv:B] step 7000 plateau mon 3.510 best 3.510@6000 since 1 (1249s)
    [grok_fuse_s360_conv:B] step 8000 plateau mon 3.544 best 3.510@6000 since 2 (1415s)
    [grok_fuse_s360_conv:B] step 9000 plateau mon 3.528 best 3.510@6000 since 3 (1581s)
    [grok_fuse_s360_conv:B] step 10000 plateau mon 3.535 best 3.510@6000 since 4 (1746s)
    [grok_fuse_s360_conv:B] step 11000 plateau mon 3.518 best 3.510@6000 since 5 (1909s)
    [grok_fuse_s360_conv:B] step 12000 plateau mon 3.514 best 3.510@6000 since 6 (2074s)
    [grok_fuse_s360_conv:B] step 13000 plateau mon 3.511 best 3.510@6000 since 7 (2239s)
    [grok_fuse_s360_conv:B] step 14000 plateau mon 3.526 best 3.510@6000 since 8 (2405s)
    [grok_fuse_s360_conv:B] step 15000 decay mon 3.500 best 3.500@15000 since 0 (2569s)
    [grok_fuse_s360_conv:B] step 16000 decay mon 3.473 best 3.473@16000 since 0 (2735s)
    [grok_fuse_s360_conv:B] step 17000 decay mon 3.446 best 3.446@17000 since 0 (2904s)
    [grok_fuse_s360_conv:B] step 18000 decay mon 3.418 best 3.418@18000 since 0 (3068s)
    [grok_fuse_s360_conv:B] step 19000 decay mon 3.418 best 3.418@18000 since 1 (3233s)
[grok_fuse_s360] N=18000 conv_int8_ppl=3.3614 extending to 144000 steps (HELD-HIGH LR peak 2.6e-3)
    [grok_fuse_s360] ext 2000/144000 gstep 20000 lr 2.60e-03 mon 3.5147 best 3.4180@18000 (370s)
    [grok_fuse_s360] ext 4000/144000 gstep 22000 lr 2.59e-03 mon 3.5262 best 3.4180@18000 (736s)
    [grok_fuse_s360] ext 6000/144000 gstep 24000 lr 2.59e-03 mon 3.5192 best 3.4180@18000 (1105s)
    [grok_fuse_s360] ext 8000/144000 gstep 26000 lr 2.59e-03 mon 3.5402 best 3.4180@18000 (1472s)
    [grok_fuse_s360] ext 10000/144000 gstep 28000 lr 2.59e-03 mon 3.5279 best 3.4180@18000 (1839s)
    [grok_fuse_s360] ext 12000/144000 gstep 30000 lr 2.58e-03 mon 3.5243 best 3.4180@18000 (2205s)
    [grok_fuse_s360] ext 14000/144000 gstep 32000 lr 2.58e-03 mon 3.5187 best 3.4180@18000 (2573s)
    [grok_fuse_s360] ext 16000/144000 gstep 34000 lr 2.58e-03 mon 3.5171 best 3.4180@18000 (2939s)
    [grok_fuse_s360] ext 18000/144000 gstep 36000 lr 2.57e-03 mon 3.5150 best 3.4180@18000 (3305s)
    [grok_fuse_s360] ext 20000/144000 gstep 38000 lr 2.57e-03 mon 3.4973 best 3.4180@18000 (3673s)
    [grok_fuse_s360] ext 22000/144000 gstep 40000 lr 2.57e-03 mon 3.5150 best 3.4180@18000 (4039s)
    [grok_fuse_s360] ext 24000/144000 gstep 42000 lr 2.56e-03 mon 3.5062 best 3.4180@18000 (4406s)
    [grok_fuse_s360] ext 26000/144000 gstep 44000 lr 2.56e-03 mon 3.5079 best 3.4180@18000 (4772s)
    [grok_fuse_s360] ext 28000/144000 gstep 46000 lr 2.56e-03 mon 3.5111 best 3.4180@18000 (5139s)
    [grok_fuse_s360] ext 30000/144000 gstep 48000 lr 2.56e-03 mon 3.5256 best 3.4180@18000 (5507s)
    [grok_fuse_s360] ext 32000/144000 gstep 50000 lr 2.55e-03 mon 3.5082 best 3.4180@18000 (5873s)
    [grok_fuse_s360] ext 34000/144000 gstep 52000 lr 2.55e-03 mon 3.5044 best 3.4180@18000 (6241s)
    [grok_fuse_s360] ext 36000/144000 gstep 54000 lr 2.55e-03 mon 3.5186 best 3.4180@18000 (6608s)
    [grok_fuse_s360] ext 38000/144000 gstep 56000 lr 2.54e-03 mon 3.5199 best 3.4180@18000 (6974s)
    [grok_fuse_s360] ext 40000/144000 gstep 58000 lr 2.54e-03 mon 3.4979 best 3.4180@18000 (7342s)
    [grok_fuse_s360] ext 42000/144000 gstep 60000 lr 2.54e-03 mon 3.5085 best 3.4180@18000 (7709s)
    [grok_fuse_s360] ext 44000/144000 gstep 62000 lr 2.53e-03 mon 3.5164 best 3.4180@18000 (8076s)
    [grok_fuse_s360] ext 46000/144000 gstep 64000 lr 2.53e-03 mon 3.5275 best 3.4180@18000 (8444s)
    [grok_fuse_s360] ext 48000/144000 gstep 66000 lr 2.53e-03 mon 3.5221 best 3.4180@18000 (8811s)
    [grok_fuse_s360] ext 50000/144000 gstep 68000 lr 2.53e-03 mon 3.4885 best 3.4180@18000 (9180s)
=== grok_readout1 fuse_s360 Sun Sep 20 02:23:48 EDT 2026 ===
device cuda torch 2.10.0+cu130
train 19,625,263 val 432,739  eval 200x400 = 80,000 positions

=== PHASE grok (fuse_s360 READOUT) ===
[grok_readout fuse_s360] annealing a COPY of ext-40000 hot ckpt (8000 steps, 2.3e-03->2e-05)
C:\Users\Timeroot\AppData\Local\Packages\PythonSoftwareFoundation.Python.3.13_qbz5n2kfra8p0\LocalCache\local-packages\Python313\site-packages\torch\nn\modules\rnn.py:1415: UserWarning: RNN module weights are not part of single contiguous chunk of memory. This means they need to be compacted at every call, possibly greatly increasing memory usage. To compact weights again call flatten_parameters(). (Triggered internally at C:\actions-runner\_work\pytorch\pytorch\pytorch\aten\src\ATen\native\cudnn\RNN.cpp:1480.)
  result = _VF.gru(
Traceback (most recent call last):
  File "C:\Users\Timeroot\azoth\firmware_re\cfw\run_pke.py", line 1006, in <module>
    main()
    ~~~~^^
  File "C:\Users\Timeroot\azoth\firmware_re\cfw\run_pke.py", line 988, in main
    grok_readout(args.grok_which, tr, va, seqs, tgt)
    ~~~~~~~~~~~~^^^^^^^^^^^^^^^^^^^^^^^^^^^^^^^^^^^^
  File "C:\Users\Timeroot\azoth\firmware_re\cfw\run_pke.py", line 664, in grok_readout
    print(f"[grok_readout {which}] ext-{ext_step}: annealed int8 ppl {q[0]:.4f} "
    ~~~~~^^^^^^^^^^^^^^^^^^^^^^^^^^^^^^^^^^^^^^^^^^^^^^^^^^^^^^^^^^^^^^^^^^^^^^^^
          f"(t1 {q[1]:.3f}) \u0394 vs {ref} = {q[0]-ref:+.4f}  -> grok_{which}_readouts.csv "
          ^^^^^^^^^^^^^^^^^^^^^^^^^^^^^^^^^^^^^^^^^^^^^^^^^^^^^^^^^^^^^^^^^^^^^^^^^^^^^^
          f"(hot ckpt untouched)", flush=True)
          ^^^^^^^^^^^^^^^^^^^^^^^^^^^^^^^^^^^^
  File "C:\Program Files\WindowsApps\PythonSoftwareFoundation.Python.3.13_3.13.3824.0_x64__qbz5n2kfra8p0\Lib\encodings\cp1252.py", line 19, in encode
    return codecs.charmap_encode(input,self.errors,encoding_table)[0]
           ~~~~~~~~~~~~~~~~~~~~~^^^^^^^^^^^^^^^^^^^^^^^^^^^^^^^^^^
UnicodeEncodeError: 'charmap' codec can't encode character '\u0394' in position 72: character maps to <undefined>
=== grok_readout1 done Sun Sep 20 02:45:41 EDT 2026 ===
=== grok_fuse_s360 resume Sun Sep 20 02:46:48 EDT 2026 ===
device cuda torch 2.10.0+cu130
train 19,625,263 val 432,739  eval 200x400 = 80,000 positions

=== PHASE grok (fuse_s360) ===
[grok_fuse_s360] CONTINUE from _grok_ckpt_fuse_s360.pt (skip convergence)
[grok_fuse_s360] N=0 conv_int8_ppl=n/a(continue) extending to 144000 steps (HELD-HIGH LR peak 2.6e-3)
    [grok_fuse_s360] RESUMED ext step 40000/144000 (N=18000)
    [grok_fuse_s360] ext 42000/144000 gstep 60000 lr 2.54e-03 mon 3.5094 best 3.4180@18000 (320s)
    [grok_fuse_s360] ext 44000/144000 gstep 62000 lr 2.53e-03 mon 3.5092 best 3.4180@18000 (645s)
    [grok_fuse_s360] ext 46000/144000 gstep 64000 lr 2.53e-03 mon 3.4974 best 3.4180@18000 (970s)
    [grok_fuse_s360] ext 48000/144000 gstep 66000 lr 2.53e-03 mon 3.5075 best 3.4180@18000 (1296s)
    [grok_fuse_s360] ext 50000/144000 gstep 68000 lr 2.53e-03 mon 3.5958 best 3.4180@18000 (1621s)
    [grok_fuse_s360] ext 52000/144000 gstep 70000 lr 2.52e-03 mon 3.4946 best 3.4180@18000 (1945s)
    [grok_fuse_s360] ext 54000/144000 gstep 72000 lr 2.52e-03 mon 3.5073 best 3.4180@18000 (2276s)
    [grok_fuse_s360] ext 56000/144000 gstep 74000 lr 2.52e-03 mon 3.4810 best 3.4180@18000 (2610s)
    [grok_fuse_s360] ext 58000/144000 gstep 76000 lr 2.51e-03 mon 3.5098 best 3.4180@18000 (2942s)
    [grok_fuse_s360] ext 60000/144000 gstep 78000 lr 2.51e-03 mon 3.4902 best 3.4180@18000 (3276s)
    [grok_fuse_s360] ext 62000/144000 gstep 80000 lr 2.51e-03 mon 3.5111 best 3.4180@18000 (3610s)
    [grok_fuse_s360] ext 64000/144000 gstep 82000 lr 2.50e-03 mon 3.4989 best 3.4180@18000 (3943s)
    [grok_fuse_s360] ext 66000/144000 gstep 84000 lr 2.50e-03 mon 3.4972 best 3.4180@18000 (4276s)
    [grok_fuse_s360] ext 68000/144000 gstep 86000 lr 2.50e-03 mon 3.4985 best 3.4180@18000 (4610s)
    [grok_fuse_s360] ext 70000/144000 gstep 88000 lr 2.50e-03 mon 3.4921 best 3.4180@18000 (4943s)
    [grok_fuse_s360] ext 72000/144000 gstep 90000 lr 2.49e-03 mon 3.4961 best 3.4180@18000 (5276s)
    [grok_fuse_s360] ext 74000/144000 gstep 92000 lr 2.49e-03 mon 3.5025 best 3.4180@18000 (5611s)
    [grok_fuse_s360] ext 76000/144000 gstep 94000 lr 2.49e-03 mon 3.5036 best 3.4180@18000 (5944s)
    [grok_fuse_s360] ext 78000/144000 gstep 96000 lr 2.48e-03 mon 3.4824 best 3.4180@18000 (6277s)
    [grok_fuse_s360] ext 80000/144000 gstep 98000 lr 2.48e-03 mon 3.5182 best 3.4180@18000 (6611s)
    [grok_fuse_s360] ext 82000/144000 gstep 100000 lr 2.48e-03 mon 3.5136 best 3.4180@18000 (6944s)
    [grok_fuse_s360] ext 84000/144000 gstep 102000 lr 2.47e-03 mon 3.4754 best 3.4180@18000 (7277s)
    [grok_fuse_s360] ext 86000/144000 gstep 104000 lr 2.47e-03 mon 3.5001 best 3.4180@18000 (7611s)
    [grok_fuse_s360] ext 88000/144000 gstep 106000 lr 2.47e-03 mon 3.4926 best 3.4180@18000 (7946s)
    [grok_fuse_s360] ext 90000/144000 gstep 108000 lr 2.47e-03 mon 3.4892 best 3.4180@18000 (8278s)
    [grok_fuse_s360] ext 92000/144000 gstep 110000 lr 2.46e-03 mon 3.4857 best 3.4180@18000 (8611s)
    [grok_fuse_s360] ext 94000/144000 gstep 112000 lr 2.46e-03 mon 3.4769 best 3.4180@18000 (8945s)
    [grok_fuse_s360] ext 96000/144000 gstep 114000 lr 2.46e-03 mon 3.5168 best 3.4180@18000 (9278s)
    [grok_fuse_s360] ext 98000/144000 gstep 116000 lr 2.45e-03 mon 3.4924 best 3.4180@18000 (9610s)
    [grok_fuse_s360] ext 100000/144000 gstep 118000 lr 2.45e-03 mon 3.4883 best 3.4180@18000 (9944s)
    [grok_fuse_s360] ext 102000/144000 gstep 120000 lr 2.45e-03 mon 3.5090 best 3.4180@18000 (10276s)
    [grok_fuse_s360] ext 104000/144000 gstep 122000 lr 2.44e-03 mon 3.5156 best 3.4180@18000 (10610s)
    [grok_fuse_s360] ext 106000/144000 gstep 124000 lr 2.44e-03 mon 3.4898 best 3.4180@18000 (10943s)
    [grok_fuse_s360] ext 108000/144000 gstep 126000 lr 2.44e-03 mon 3.4881 best 3.4180@18000 (11275s)
    [grok_fuse_s360] ext 110000/144000 gstep 128000 lr 2.44e-03 mon 3.4828 best 3.4180@18000 (11607s)
    [grok_fuse_s360] ext 112000/144000 gstep 130000 lr 2.43e-03 mon 3.4822 best 3.4180@18000 (11941s)
    [grok_fuse_s360] ext 114000/144000 gstep 132000 lr 2.43e-03 mon 3.4807 best 3.4180@18000 (12275s)
    [grok_fuse_s360] ext 116000/144000 gstep 134000 lr 2.43e-03 mon 3.4701 best 3.4180@18000 (12607s)
    [grok_fuse_s360] ext 118000/144000 gstep 136000 lr 2.42e-03 mon 3.4872 best 3.4180@18000 (12940s)
    [grok_fuse_s360] ext 120000/144000 gstep 138000 lr 2.42e-03 mon 3.4790 best 3.4180@18000 (13273s)
    [grok_fuse_s360] ext 122000/144000 gstep 140000 lr 2.42e-03 mon 3.5047 best 3.4180@18000 (13607s)
    [grok_fuse_s360] ext 124000/144000 gstep 142000 lr 2.41e-03 mon 3.4946 best 3.4180@18000 (13940s)
    [grok_fuse_s360] ext 126000/144000 gstep 144000 lr 2.41e-03 mon 3.4714 best 3.4180@18000 (14272s)
    [grok_fuse_s360] ext 128000/144000 gstep 146000 lr 2.41e-03 mon 3.5152 best 3.4180@18000 (14605s)
    [grok_fuse_s360] ext 130000/144000 gstep 148000 lr 2.41e-03 mon 3.4827 best 3.4180@18000 (14939s)
    [grok_fuse_s360] ext 132000/144000 gstep 150000 lr 2.40e-03 mon 3.5472 best 3.4180@18000 (15271s)
    [grok_fuse_s360] ext 134000/144000 gstep 152000 lr 2.40e-03 mon 3.4852 best 3.4180@18000 (15604s)
    [grok_fuse_s360] ext 136000/144000 gstep 154000 lr 2.40e-03 mon 3.4758 best 3.4180@18000 (15939s)
    [grok_fuse_s360] ext 138000/144000 gstep 156000 lr 2.39e-03 mon 3.4848 best 3.4180@18000 (16271s)
    [grok_fuse_s360] ext 140000/144000 gstep 158000 lr 2.39e-03 mon 3.4768 best 3.4180@18000 (16604s)
    [grok_fuse_s360] ext 142000/144000 gstep 160000 lr 2.39e-03 mon 3.4894 best 3.4180@18000 (16938s)
    [grok_fuse_s360] ext 144000/144000 gstep 162000 lr 2.38e-03 mon 3.4867 best 3.4180@18000 (17271s)
C:\Users\Timeroot\AppData\Local\Packages\PythonSoftwareFoundation.Python.3.13_qbz5n2kfra8p0\LocalCache\local-packages\Python313\site-packages\torch\nn\modules\rnn.py:1415: UserWarning: RNN module weights are not part of single contiguous chunk of memory. This means they need to be compacted at every call, possibly greatly increasing memory usage. To compact weights again call flatten_parameters(). (Triggered internally at C:\actions-runner\_work\pytorch\pytorch\pytorch\aten\src\ATen\native\cudnn\RNN.cpp:1480.)
  result = _VF.gru(
[grok_fuse_s360] DONE: converged int8 n/a(continue) -> extended int8 3.3614 best_mon 3.4180@gstep18000 -> grok_fuse_s360_traj.json
run_pke: all requested work complete.
=== grok_fuse_s360 done Sun Sep 20 07:34:53 EDT 2026 ===
=== grok_readout2 fuse_s360 Sun Sep 20 07:35:35 EDT 2026 ===
device cuda torch 2.10.0+cu130
train 19,625,263 val 432,739  eval 200x400 = 80,000 positions

=== PHASE grok (fuse_s360 READOUT) ===
[grok_readout fuse_s360] annealing a COPY of ext-140000 hot ckpt (8000 steps, 2.3e-03->2e-05)
C:\Users\Timeroot\AppData\Local\Packages\PythonSoftwareFoundation.Python.3.13_qbz5n2kfra8p0\LocalCache\local-packages\Python313\site-packages\torch\nn\modules\rnn.py:1415: UserWarning: RNN module weights are not part of single contiguous chunk of memory. This means they need to be compacted at every call, possibly greatly increasing memory usage. To compact weights again call flatten_parameters(). (Triggered internally at C:\actions-runner\_work\pytorch\pytorch\pytorch\aten\src\ATen\native\cudnn\RNN.cpp:1480.)
  result = _VF.gru(
[grok_readout fuse_s360] ext-140000: annealed int8 ppl 3.3139 (t1 0.644) delta vs 3.354 = -0.0401  -> grok_fuse_s360_readouts.csv (hot ckpt untouched)
run_pke: all requested work complete.
=== grok_readout2 done Sun Sep 20 07:57:26 EDT 2026 ===
=== export_fmlp_res start Sun Sep 20 07:59:44 EDT 2026 ===
training fmlp_res_k7_D8_Hf2kD_s170 to convergence ...
    [export_fmlpres] step 1000 lr 2.50e-03 plateau mon 4.830 best 4.830@1000 since 0 (132s)
    [export_fmlpres] step 2000 lr 2.50e-03 plateau mon 4.264 best 4.264@2000 since 0 (279s)
    [export_fmlpres] step 3000 lr 2.50e-03 plateau mon 4.108 best 4.108@3000 since 0 (426s)
    [export_fmlpres] step 4000 lr 2.50e-03 plateau mon 4.034 best 4.034@4000 since 0 (573s)
    [export_fmlpres] step 5000 lr 2.50e-03 plateau mon 3.990 best 3.990@5000 since 0 (719s)
    [export_fmlpres] step 6000 lr 2.50e-03 plateau mon 3.969 best 3.969@6000 since 0 (868s)
    [export_fmlpres] step 7000 lr 2.50e-03 plateau mon 3.943 best 3.943@7000 since 0 (1016s)
    [export_fmlpres] step 8000 lr 2.50e-03 plateau mon 3.927 best 3.927@8000 since 0 (1162s)
    [export_fmlpres] step 9000 lr 2.50e-03 plateau mon 3.890 best 3.890@9000 since 0 (1310s)
    [export_fmlpres] step 10000 lr 2.50e-03 plateau mon 3.883 best 3.883@10000 since 0 (1456s)
    [export_fmlpres] step 11000 lr 2.50e-03 plateau mon 3.868 best 3.868@11000 since 0 (1605s)
    [export_fmlpres] step 12000 lr 2.50e-03 plateau mon 3.856 best 3.856@12000 since 0 (1750s)
    [export_fmlpres] step 13000 lr 2.50e-03 plateau mon 3.851 best 3.851@13000 since 0 (1900s)
    [export_fmlpres] step 14000 lr 2.50e-03 plateau mon 3.858 best 3.851@13000 since 1 (2045s)
    [export_fmlpres] step 15000 lr 2.50e-03 plateau mon 3.831 best 3.831@15000 since 0 (2194s)
    [export_fmlpres] step 16000 lr 2.50e-03 plateau mon 3.820 best 3.820@16000 since 0 (2340s)
    [export_fmlpres] step 17000 lr 2.50e-03 plateau mon 3.842 best 3.820@16000 since 1 (2488s)
    [export_fmlpres] step 18000 lr 2.50e-03 plateau mon 3.817 best 3.817@18000 since 0 (2635s)
    [export_fmlpres] step 19000 lr 2.50e-03 plateau mon 3.815 best 3.817@18000 since 1 (2782s)
    [export_fmlpres] step 20000 lr 2.50e-03 plateau mon 3.822 best 3.817@18000 since 2 (2929s)
    [export_fmlpres] step 21000 lr 2.50e-03 plateau mon 3.796 best 3.796@21000 since 0 (3074s)
    [export_fmlpres] step 22000 lr 2.50e-03 plateau mon 3.799 best 3.796@21000 since 1 (3222s)
    [export_fmlpres] step 23000 lr 2.50e-03 plateau mon 3.818 best 3.796@21000 since 2 (3369s)
    [export_fmlpres] step 24000 lr 2.50e-03 plateau mon 3.802 best 3.796@21000 since 3 (3516s)
    [export_fmlpres] step 25000 lr 2.50e-03 plateau mon 3.785 best 3.785@25000 since 0 (3663s)
    [export_fmlpres] step 26000 lr 2.50e-03 plateau mon 3.798 best 3.785@25000 since 1 (3812s)
    [export_fmlpres] step 27000 lr 2.50e-03 plateau mon 3.786 best 3.785@25000 since 2 (3958s)
    [export_fmlpres] step 28000 lr 2.50e-03 plateau mon 3.786 best 3.785@25000 since 3 (4107s)
    [export_fmlpres] step 29000 lr 2.50e-03 plateau mon 3.796 best 3.785@25000 since 4 (4254s)
    [export_fmlpres] step 30000 lr 2.50e-03 plateau mon 3.793 best 3.785@25000 since 5 (4402s)
    [export_fmlpres] step 31000 lr 2.50e-03 plateau mon 3.789 best 3.785@25000 since 6 (4549s)
    [export_fmlpres] step 32000 lr 2.50e-03 plateau mon 3.774 best 3.774@32000 since 0 (4697s)
    [export_fmlpres] step 33000 lr 2.50e-03 plateau mon 3.778 best 3.774@32000 since 1 (4842s)
    [export_fmlpres] step 34000 lr 2.50e-03 plateau mon 3.766 best 3.766@34000 since 0 (4992s)
    [export_fmlpres] step 35000 lr 2.50e-03 plateau mon 3.771 best 3.766@34000 since 1 (5139s)
    [export_fmlpres] step 36000 lr 2.50e-03 plateau mon 3.771 best 3.766@34000 since 2 (5292s)
    [export_fmlpres] step 37000 lr 2.50e-03 plateau mon 3.775 best 3.766@34000 since 3 (5440s)
    [export_fmlpres] step 38000 lr 2.50e-03 plateau mon 3.772 best 3.766@34000 since 4 (5578s)
    [export_fmlpres] step 39000 lr 2.50e-03 plateau mon 3.777 best 3.766@34000 since 5 (5725s)
    [export_fmlpres] step 40000 lr 2.50e-03 plateau mon 3.767 best 3.766@34000 since 6 (5857s)
    [export_fmlpres] step 41000 lr 2.50e-03 plateau mon 3.757 best 3.757@41000 since 0 (6006s)
    [export_fmlpres] step 42000 lr 2.50e-03 plateau mon 3.773 best 3.757@41000 since 1 (6135s)
    [export_fmlpres] step 43000 lr 2.50e-03 plateau mon 3.768 best 3.757@41000 since 2 (6280s)
    [export_fmlpres] step 44000 lr 2.50e-03 plateau mon 3.754 best 3.754@44000 since 0 (6408s)
    [export_fmlpres] step 45000 lr 2.50e-03 plateau mon 3.763 best 3.754@44000 since 1 (6552s)
    [export_fmlpres] step 46000 lr 2.50e-03 plateau mon 3.753 best 3.754@44000 since 2 (6680s)
    [export_fmlpres] step 47000 lr 2.50e-03 plateau mon 3.768 best 3.754@44000 since 3 (6820s)
    [export_fmlpres] step 48000 lr 2.50e-03 plateau mon 3.757 best 3.754@44000 since 4 (6949s)
    [export_fmlpres] step 49000 lr 2.50e-03 plateau mon 3.763 best 3.754@44000 since 5 (7086s)
    [export_fmlpres] step 50000 lr 2.50e-03 plateau mon 3.755 best 3.754@44000 since 6 (7215s)
    [export_fmlpres] step 51000 lr 2.50e-03 plateau mon 3.745 best 3.745@51000 since 0 (7360s)
    [export_fmlpres] step 52000 lr 2.50e-03 plateau mon 3.742 best 3.742@52000 since 0 (7500s)
    [export_fmlpres] step 53000 lr 2.50e-03 plateau mon 3.758 best 3.742@52000 since 1 (7657s)
    [export_fmlpres] step 54000 lr 2.50e-03 plateau mon 3.751 best 3.742@52000 since 2 (7790s)
    [export_fmlpres] step 55000 lr 2.50e-03 plateau mon 3.766 best 3.742@52000 since 3 (7940s)
    [export_fmlpres] step 56000 lr 2.50e-03 plateau mon 3.743 best 3.742@52000 since 4 (8073s)
    [export_fmlpres] step 57000 lr 2.50e-03 plateau mon 3.735 best 3.735@57000 since 0 (8225s)
    [export_fmlpres] step 58000 lr 2.50e-03 plateau mon 3.745 best 3.735@57000 since 1 (8367s)
    [export_fmlpres] step 59000 lr 2.50e-03 plateau mon 3.748 best 3.735@57000 since 2 (8506s)
    [export_fmlpres] step 60000 lr 2.50e-03 plateau mon 3.727 best 3.727@60000 since 0 (8647s)
    [export_fmlpres] step 61000 lr 2.50e-03 plateau mon 3.743 best 3.727@60000 since 1 (8786s)
    [export_fmlpres] step 62000 lr 2.50e-03 plateau mon 3.740 best 3.727@60000 since 2 (8926s)
    [export_fmlpres] step 63000 lr 2.50e-03 plateau mon 3.739 best 3.727@60000 since 3 (9063s)
    [export_fmlpres] step 64000 lr 2.50e-03 plateau mon 3.743 best 3.727@60000 since 4 (9202s)
    [export_fmlpres] step 65000 lr 2.50e-03 plateau mon 3.751 best 3.727@60000 since 5 (9338s)
    [export_fmlpres] step 66000 lr 2.50e-03 plateau mon 3.733 best 3.727@60000 since 6 (9474s)
    [export_fmlpres] step 67000 lr 2.50e-03 plateau mon 3.748 best 3.727@60000 since 7 (9620s)
    [export_fmlpres] step 68000 lr 2.50e-03 plateau mon 3.743 best 3.727@60000 since 8 (9750s)
    [export_fmlpres] step 69000 lr 2.50e-03 plateau mon 3.744 best 3.727@60000 since 9 (9893s)
    [export_fmlpres] step 70000 lr 2.50e-03 plateau mon 3.750 best 3.727@60000 since 10 (10021s)
    [export_fmlpres] -> DECAY triggered at step 70000
    [export_fmlpres] step 71000 lr 2.26e-03 decay mon 3.722 best 3.722@71000 since 0 (10159s)
    [export_fmlpres] step 72000 lr 1.64e-03 decay mon 3.719 best 3.719@72000 since 0 (10287s)
    [export_fmlpres] step 73000 lr 8.78e-04 decay mon 3.686 best 3.686@73000 since 0 (10426s)
    [export_fmlpres] step 74000 lr 2.57e-04 decay mon 3.680 best 3.680@74000 since 0 (10554s)
    [export_fmlpres] step 75000 lr 2.00e-05 decay mon 3.666 best 3.666@75000 since 0 (10696s)
C:\Users\Timeroot\AppData\Local\Packages\PythonSoftwareFoundation.Python.3.13_qbz5n2kfra8p0\LocalCache\local-packages\Python313\site-packages\torch\nn\modules\rnn.py:1415: UserWarning: RNN module weights are not part of single contiguous chunk of memory. This means they need to be compacted at every call, possibly greatly increasing memory usage. To compact weights again call flatten_parameters(). (Triggered internally at C:\actions-runner\_work\pytorch\pytorch\pytorch\aten\src\ATen\native\cudnn\RNN.cpp:1480.)
  result = _VF.gru(
converged: float 3.6443 int8 3.6489 t1 0.6155 t3 0.8067 | 192.8KB (i8 165.5+pke 7.88+f32 19.5) best@75000 decayed (10702s)
exported nn_fmlp_res_193k.bin (197440 B / 192.8KB) + .json + .h  (10702s)
=== EXPORT DONE ===
=== export_fmlp_res done Sun Sep 20 10:58:12 EDT 2026 ===
=== r1_anneal start Sun Sep 20 13:38:27 EDT 2026 ===
device cuda torch 2.10.0+cu130
train 19,625,263 val 432,739  eval 200x400 = 80,000 positions

=== PHASE rank1head (rank1 anneal) ===
[fs360-anneal] annealing ext-140000 hot ckpt 8000 steps
C:\Users\Timeroot\AppData\Local\Packages\PythonSoftwareFoundation.Python.3.13_qbz5n2kfra8p0\LocalCache\local-packages\Python313\site-packages\torch\nn\modules\rnn.py:1415: UserWarning: RNN module weights are not part of single contiguous chunk of memory. This means they need to be compacted at every call, possibly greatly increasing memory usage. To compact weights again call flatten_parameters(). (Triggered internally at C:\actions-runner\_work\pytorch\pytorch\pytorch\aten\src\ATen\native\cudnn\RNN.cpp:1480.)
  result = _VF.gru(
[fs360-anneal] saved _fuse_s360_annealed.pt int8 3.3138 (ref 3.314)
run_pke: all requested work complete.
=== r1_anneal done Sun Sep 20 13:59:23 EDT 2026 ===
=== r1_rank1_p1 start Sun Sep 20 13:59:47 EDT 2026 ===
device cuda torch 2.10.0+cu130
train 19,625,263 val 432,739  eval 200x400 = 80,000 positions

=== PHASE rank1head (rank1 p1) ===
    [r1head_rank1_p1] step 2000 plateau mon 3.392 best 3.392@2000 since 0 (404s)
    [r1head_rank1_p1] step 4000 plateau mon 3.388 best 3.388@4000 since 0 (804s)
    [r1head_rank1_p1] step 6000 plateau mon 3.392 best 3.388@4000 since 1 (1204s)
    [r1head_rank1_p1] step 8000 plateau mon 3.395 best 3.388@4000 since 2 (1604s)
Traceback (most recent call last):
  File "C:\Users\Timeroot\azoth\firmware_re\cfw\run_pke.py", line 1105, in <module>
    main()
    ~~~~^^
  File "C:\Users\Timeroot\azoth\firmware_re\cfw\run_pke.py", line 1090, in main
    rank1head_run(args.r1_variant, args.r1_phase, tr, va, seqs, tgt)
    ~~~~~~~~~~~~~^^^^^^^^^^^^^^^^^^^^^^^^^^^^^^^^^^^^^^^^^^^^^^^^^^^
  File "C:\Users\Timeroot\azoth\firmware_re\cfw\run_pke.py", line 790, in rank1head_run
    m = _wsd_train(net, lambda n, x: n(x, "fuse"), params, tr, va_t, mon_x, mon_y, tag, 0,
                   patience=10, eval_every=2000, decay_steps=8000, max_steps=steps)
  File "C:\Users\Timeroot\azoth\firmware_re\cfw\run_pke.py", line 492, in _wsd_train
    opt.zero_grad(); loss.backward()
                     ~~~~~~~~~~~~~^^
  File "C:\Users\Timeroot\AppData\Local\Packages\PythonSoftwareFoundation.Python.3.13_qbz5n2kfra8p0\LocalCache\local-packages\Python313\site-packages\torch\_tensor.py", line 630, in backward
    torch.autograd.backward(
    ~~~~~~~~~~~~~~~~~~~~~~~^
        self, gradient, retain_graph, create_graph, inputs=inputs
        ^^^^^^^^^^^^^^^^^^^^^^^^^^^^^^^^^^^^^^^^^^^^^^^^^^^^^^^^^
    )
    ^
  File "C:\Users\Timeroot\AppData\Local\Packages\PythonSoftwareFoundation.Python.3.13_qbz5n2kfra8p0\LocalCache\local-packages\Python313\site-packages\torch\autograd\__init__.py", line 364, in backward
    _engine_run_backward(
    ~~~~~~~~~~~~~~~~~~~~^
        tensors,
        ^^^^^^^^
    ...<5 lines>...
        accumulate_grad=True,
        ^^^^^^^^^^^^^^^^^^^^^
    )
    ^
  File "C:\Users\Timeroot\AppData\Local\Packages\PythonSoftwareFoundation.Python.3.13_qbz5n2kfra8p0\LocalCache\local-packages\Python313\site-packages\torch\autograd\graph.py", line 865, in _engine_run_backward
    return Variable._execution_engine.run_backward(  # Calls into the C++ engine to run the backward pass
           ~~~~~~~~~~~~~~~~~~~~~~~~~~~~~~~~~~~~~~~^^^^^^^^^^^^^^^^^^^^^^^^^^^^^^^^^^^^^^^^^^^^^^^^^^^^^^^
        t_outputs, *args, **kwargs
        ^^^^^^^^^^^^^^^^^^^^^^^^^^
    )  # Calls into the C++ engine to run the backward pass
    ^
torch.AcceleratorError: CUDA error: out of memory
Search for `cudaErrorMemoryAllocation' in https://docs.nvidia.com/cuda/cuda-runtime-api/group__CUDART__TYPES.html for more information.
CUDA kernel errors might be asynchronously reported at some other API call, so the stacktrace below might be incorrect.
For debugging consider passing CUDA_LAUNCH_BLOCKING=1
Compile with `TORCH_USE_CUDA_DSA` to enable device-side assertions.

=== r1_rank1_p1 relaunch Sun Sep 20 14:32:32 EDT 2026 ===
device cuda torch 2.10.0+cu130
train 19,625,263 val 432,739  eval 200x400 = 80,000 positions

=== PHASE rank1head (rank1 p1) ===
C:\Users\Timeroot\azoth\firmware_re\cfw\run_pke.py:397: UserWarning: expandable_segments not supported on this platform (Triggered internally at C:\actions-runner\_work\pytorch\pytorch\pytorch\c10/cuda/CUDAAllocatorConfig.h:39.)
  x = torch.stack([va_t[i:i+S]     for i in idx]).to(DEV)
    [r1head_rank1_p1] step 2000 plateau mon 3.422 best 3.422@2000 since 0 (215s)
    [r1head_rank1_p1] step 4000 plateau mon 3.411 best 3.411@4000 since 0 (433s)
    [r1head_rank1_p1] step 6000 plateau mon 3.421 best 3.411@4000 since 1 (647s)
    [r1head_rank1_p1] step 8000 plateau mon 3.415 best 3.411@4000 since 2 (860s)
    [r1head_rank1_p1] step 10000 plateau mon 3.419 best 3.411@4000 since 3 (1068s)
    [r1head_rank1_p1] step 12000 plateau mon 3.429 best 3.411@4000 since 4 (1283s)
    [r1head_rank1_p1] step 14000 plateau mon 3.423 best 3.411@4000 since 5 (1493s)
    [r1head_rank1_p1] step 16000 plateau mon 3.430 best 3.411@4000 since 6 (1689s)
    [r1head_rank1_p1] step 18000 plateau mon 3.411 best 3.411@4000 since 7 (1892s)
    [r1head_rank1_p1] step 20000 plateau mon 3.425 best 3.411@4000 since 8 (2103s)
    [r1head_rank1_p1] step 22000 plateau mon 3.422 best 3.411@4000 since 9 (2337s)
    [r1head_rank1_p1] step 24000 plateau mon 3.424 best 3.411@4000 since 10 (2565s)
    [r1head_rank1_p1] step 26000 decay mon 3.419 best 3.411@4000 since 11 (2774s)
    [r1head_rank1_p1] step 28000 decay mon 3.405 best 3.405@28000 since 0 (3110s)
    [r1head_rank1_p1] step 30000 decay mon 3.400 best 3.400@30000 since 0 (3308s)
    [r1head_rank1_p1] step 32000 decay mon 3.396 best 3.396@32000 since 0 (3517s)
C:\Users\Timeroot\AppData\Local\Packages\PythonSoftwareFoundation.Python.3.13_qbz5n2kfra8p0\LocalCache\local-packages\Python313\site-packages\torch\nn\modules\rnn.py:1415: UserWarning: RNN module weights are not part of single contiguous chunk of memory. This means they need to be compacted at every call, possibly greatly increasing memory usage. To compact weights again call flatten_parameters(). (Triggered internally at C:\actions-runner\_work\pytorch\pytorch\pytorch\aten\src\ATen\native\cudnn\RNN.cpp:1480.)
  result = _VF.gru(
[r1head_rank1_p1] DONE: int8 3.3229 (t1 0.644) vs bare-fuse 3.314 = +0.0089 | 513.8KB | head-block params 34596 MACs 34560 (decayed)
run_pke: all requested work complete.
=== r1_rank1_p1 done Sun Sep 20 15:31:21 EDT 2026 ===
=== r1_std_p1 start Sun Sep 20 16:12:32 EDT 2026 ===
device cuda torch 2.10.0+cu130
train 19,625,263 val 432,739  eval 200x400 = 80,000 positions

=== PHASE rank1head (std p1) ===
C:\Users\Timeroot\azoth\firmware_re\cfw\run_pke.py:397: UserWarning: expandable_segments not supported on this platform (Triggered internally at C:\actions-runner\_work\pytorch\pytorch\pytorch\c10/cuda/CUDAAllocatorConfig.h:39.)
  x = torch.stack([va_t[i:i+S]     for i in idx]).to(DEV)
    [r1head_std_p1] step 2000 plateau mon 3.419 best 3.419@2000 since 0 (54s)
    [r1head_std_p1] step 4000 plateau mon 3.409 best 3.409@4000 since 0 (118s)
    [r1head_std_p1] step 6000 plateau mon 3.419 best 3.409@4000 since 1 (185s)
    [r1head_std_p1] step 8000 plateau mon 3.412 best 3.409@4000 since 2 (250s)
    [r1head_std_p1] step 10000 plateau mon 3.416 best 3.409@4000 since 3 (317s)
    [r1head_std_p1] step 12000 plateau mon 3.426 best 3.409@4000 since 4 (384s)
    [r1head_std_p1] step 14000 plateau mon 3.420 best 3.409@4000 since 5 (451s)
    [r1head_std_p1] step 16000 plateau mon 3.427 best 3.409@4000 since 6 (517s)
    [r1head_std_p1] step 18000 plateau mon 3.410 best 3.409@4000 since 7 (584s)
    [r1head_std_p1] step 20000 plateau mon 3.421 best 3.409@4000 since 8 (651s)
    [r1head_std_p1] step 22000 plateau mon 3.418 best 3.409@4000 since 9 (718s)
    [r1head_std_p1] step 24000 plateau mon 3.420 best 3.409@4000 since 10 (785s)
    [r1head_std_p1] step 26000 decay mon 3.416 best 3.409@4000 since 11 (852s)
    [r1head_std_p1] step 28000 decay mon 3.401 best 3.401@28000 since 0 (919s)
    [r1head_std_p1] step 30000 decay mon 3.395 best 3.395@30000 since 0 (986s)
    [r1head_std_p1] step 32000 decay mon 3.392 best 3.392@32000 since 0 (1052s)
C:\Users\Timeroot\AppData\Local\Packages\PythonSoftwareFoundation.Python.3.13_qbz5n2kfra8p0\LocalCache\local-packages\Python313\site-packages\torch\nn\modules\rnn.py:1415: UserWarning: RNN module weights are not part of single contiguous chunk of memory. This means they need to be compacted at every call, possibly greatly increasing memory usage. To compact weights again call flatten_parameters(). (Triggered internally at C:\actions-runner\_work\pytorch\pytorch\pytorch\aten\src\ATen\native\cudnn\RNN.cpp:1480.)
  result = _VF.gru(
[r1head_std_p1] DONE: int8 3.3185 (t1 0.644) vs bare-fuse 3.314 = +0.0045 | 513.8KB | head-block params 34596 MACs 34560 (decayed)
run_pke: all requested work complete.
=== r1_std_p1 done Sun Sep 20 16:30:17 EDT 2026 ===
=== r1_rank1_p2 start Sun Sep 20 16:30:17 EDT 2026 ===
device cuda torch 2.10.0+cu130
train 19,625,263 val 432,739  eval 200x400 = 80,000 positions

=== PHASE rank1head (rank1 p2) ===
C:\Users\Timeroot\azoth\firmware_re\cfw\run_pke.py:397: UserWarning: expandable_segments not supported on this platform (Triggered internally at C:\actions-runner\_work\pytorch\pytorch\pytorch\c10/cuda/CUDAAllocatorConfig.h:39.)
  x = torch.stack([va_t[i:i+S]     for i in idx]).to(DEV)
    [r1head_rank1_p2] step 2000 plateau mon 3.611 best 3.611@2000 since 0 (305s)
    [r1head_rank1_p2] step 4000 plateau mon 3.603 best 3.603@4000 since 0 (608s)
    [r1head_rank1_p2] step 6000 plateau mon 3.651 best 3.603@4000 since 1 (911s)
    [r1head_rank1_p2] step 8000 plateau mon 3.723 best 3.603@4000 since 2 (1212s)
    [r1head_rank1_p2] step 10000 plateau mon 3.856 best 3.603@4000 since 3 (1515s)
    [r1head_rank1_p2] step 12000 plateau mon 3.813 best 3.603@4000 since 4 (1818s)
    [r1head_rank1_p2] step 14000 plateau mon 3.949 best 3.603@4000 since 5 (2121s)
    [r1head_rank1_p2] step 16000 plateau mon 11.994 best 3.603@4000 since 6 (2426s)
    [r1head_rank1_p2] step 18000 plateau mon 23.940 best 3.603@4000 since 7 (2733s)
    [r1head_rank1_p2] step 20000 plateau mon 26.367 best 3.603@4000 since 8 (3043s)
    [r1head_rank1_p2] step 22000 plateau mon 22.898 best 3.603@4000 since 9 (3355s)
    [r1head_rank1_p2] step 24000 plateau mon 25.754 best 3.603@4000 since 10 (3668s)
    [r1head_rank1_p2] step 26000 decay mon 27.997 best 3.603@4000 since 11 (4005s)
    [r1head_rank1_p2] step 28000 decay mon 33.339 best 3.603@4000 since 12 (4339s)
    [r1head_rank1_p2] step 30000 decay mon 32.918 best 3.603@4000 since 13 (4685s)
    [r1head_rank1_p2] step 32000 decay mon 32.315 best 3.603@4000 since 14 (5033s)
C:\Users\Timeroot\AppData\Local\Packages\PythonSoftwareFoundation.Python.3.13_qbz5n2kfra8p0\LocalCache\local-packages\Python313\site-packages\torch\nn\modules\rnn.py:1415: UserWarning: RNN module weights are not part of single contiguous chunk of memory. This means they need to be compacted at every call, possibly greatly increasing memory usage. To compact weights again call flatten_parameters(). (Triggered internally at C:\actions-runner\_work\pytorch\pytorch\pytorch\aten\src\ATen\native\cudnn\RNN.cpp:1480.)
  result = _VF.gru(
[r1head_rank1_p2] DONE: int8 3.5611 (t1 0.622) vs bare-fuse 3.314 = +0.2471 | 513.8KB | head-block params 34596 MACs 34560 (decayed)
run_pke: all requested work complete.
=== r1_rank1_p2 done Sun Sep 20 17:54:21 EDT 2026 ===
=== r1_std_p2 start Sun Sep 20 17:54:21 EDT 2026 ===
device cuda torch 2.10.0+cu130
train 19,625,263 val 432,739  eval 200x400 = 80,000 positions

=== PHASE rank1head (std p2) ===
C:\Users\Timeroot\azoth\firmware_re\cfw\run_pke.py:397: UserWarning: expandable_segments not supported on this platform (Triggered internally at C:\actions-runner\_work\pytorch\pytorch\pytorch\c10/cuda/CUDAAllocatorConfig.h:39.)
  x = torch.stack([va_t[i:i+S]     for i in idx]).to(DEV)
=== r1_rank1_p2 start Sun Sep 20 17:57:01 EDT 2026 ===
device cuda torch 2.10.0+cu130
train 19,625,263 val 432,739  eval 200x400 = 80,000 positions

=== PHASE rank1head (rank1 p2) ===
C:\Users\Timeroot\azoth\firmware_re\cfw\run_pke.py:397: UserWarning: expandable_segments not supported on this platform (Triggered internally at C:\actions-runner\_work\pytorch\pytorch\pytorch\c10/cuda/CUDAAllocatorConfig.h:39.)
  x = torch.stack([va_t[i:i+S]     for i in idx]).to(DEV)
    [r1head_rank1_p2] step 2000 plateau mon 3.409 best 3.409@2000 since 0 (332s)
    [r1head_rank1_p2] step 4000 plateau mon 3.420 best 3.409@2000 since 1 (689s)
    [r1head_rank1_p2] step 6000 plateau mon 3.417 best 3.409@2000 since 2 (1044s)
    [r1head_rank1_p2] step 8000 plateau mon 3.419 best 3.409@2000 since 3 (1391s)
    [r1head_rank1_p2] step 10000 plateau mon 3.414 best 3.409@2000 since 4 (1746s)
    [r1head_rank1_p2] step 12000 plateau mon 3.412 best 3.409@2000 since 5 (2122s)
    [r1head_rank1_p2] step 14000 plateau mon 3.410 best 3.409@2000 since 6 (2538s)
    [r1head_rank1_p2] step 16000 plateau mon 3.422 best 3.409@2000 since 7 (2920s)
    [r1head_rank1_p2] step 18000 plateau mon 3.408 best 3.409@2000 since 8 (3298s)
    [r1head_rank1_p2] step 20000 plateau mon 3.420 best 3.409@2000 since 9 (3696s)
    [r1head_rank1_p2] step 22000 plateau mon 3.417 best 3.409@2000 since 10 (4049s)
    [r1head_rank1_p2] step 24000 decay mon 3.411 best 3.409@2000 since 11 (4382s)
    [r1head_rank1_p2] step 26000 decay mon 3.404 best 3.404@26000 since 0 (4744s)
    [r1head_rank1_p2] step 28000 decay mon 3.400 best 3.400@28000 since 0 (5069s)
    [r1head_rank1_p2] step 30000 decay mon 3.396 best 3.396@30000 since 0 (5403s)
C:\Users\Timeroot\AppData\Local\Packages\PythonSoftwareFoundation.Python.3.13_qbz5n2kfra8p0\LocalCache\local-packages\Python313\site-packages\torch\nn\modules\rnn.py:1415: UserWarning: RNN module weights are not part of single contiguous chunk of memory. This means they need to be compacted at every call, possibly greatly increasing memory usage. To compact weights again call flatten_parameters(). (Triggered internally at C:\actions-runner\_work\pytorch\pytorch\pytorch\aten\src\ATen\native\cudnn\RNN.cpp:1480.)
  result = _VF.gru(
[r1head_rank1_p2] DONE: int8 3.3163 (t1 0.645) vs bare-fuse 3.314 = +0.0023 | 513.8KB | head-block params 34596 MACs 34560 (decayed)
run_pke: all requested work complete.
=== r1_rank1_p2 done Sun Sep 20 19:27:13 EDT 2026 ===
=== r1_std_p2 start Sun Sep 20 19:27:13 EDT 2026 ===
device cuda torch 2.10.0+cu130
train 19,625,263 val 432,739  eval 200x400 = 80,000 positions

=== PHASE rank1head (std p2) ===
C:\Users\Timeroot\azoth\firmware_re\cfw\run_pke.py:397: UserWarning: expandable_segments not supported on this platform (Triggered internally at C:\actions-runner\_work\pytorch\pytorch\pytorch\c10/cuda/CUDAAllocatorConfig.h:39.)
  x = torch.stack([va_t[i:i+S]     for i in idx]).to(DEV)
    [r1head_std_p2] step 2000 plateau mon 3.399 best 3.399@2000 since 0 (248s)
    [r1head_std_p2] step 4000 plateau mon 3.412 best 3.399@2000 since 1 (482s)
    [r1head_std_p2] step 6000 plateau mon 3.408 best 3.399@2000 since 2 (722s)
    [r1head_std_p2] step 8000 plateau mon 3.407 best 3.399@2000 since 3 (968s)
    [r1head_std_p2] step 10000 plateau mon 3.406 best 3.399@2000 since 4 (1201s)
    [r1head_std_p2] step 12000 plateau mon 3.405 best 3.399@2000 since 5 (1444s)
    [r1head_std_p2] step 14000 plateau mon 3.400 best 3.399@2000 since 6 (1690s)
    [r1head_std_p2] step 16000 plateau mon 3.413 best 3.399@2000 since 7 (1928s)
    [r1head_std_p2] step 18000 plateau mon 3.410 best 3.399@2000 since 8 (2157s)
    [r1head_std_p2] step 20000 plateau mon 3.411 best 3.399@2000 since 9 (2384s)
    [r1head_std_p2] step 22000 plateau mon 3.411 best 3.399@2000 since 10 (2621s)
    [r1head_std_p2] step 24000 decay mon 3.401 best 3.399@2000 since 11 (2879s)
    [r1head_std_p2] step 26000 decay mon 3.399 best 3.399@2000 since 12 (3120s)
    [r1head_std_p2] step 28000 decay mon 3.394 best 3.394@28000 since 0 (3359s)
    [r1head_std_p2] step 30000 decay mon 3.389 best 3.389@30000 since 0 (3616s)
C:\Users\Timeroot\AppData\Local\Packages\PythonSoftwareFoundation.Python.3.13_qbz5n2kfra8p0\LocalCache\local-packages\Python313\site-packages\torch\nn\modules\rnn.py:1415: UserWarning: RNN module weights are not part of single contiguous chunk of memory. This means they need to be compacted at every call, possibly greatly increasing memory usage. To compact weights again call flatten_parameters(). (Triggered internally at C:\actions-runner\_work\pytorch\pytorch\pytorch\aten\src\ATen\native\cudnn\RNN.cpp:1480.)
  result = _VF.gru(
[r1head_std_p2] DONE: int8 3.3132 (t1 0.645) vs bare-fuse 3.314 = -0.0008 | 513.8KB | head-block params 34596 MACs 34560 (decayed)
run_pke: all requested work complete.
=== r1_std_p2 done Sun Sep 20 20:27:42 EDT 2026 ===
=== r1_chain2 done Sun Sep 20 20:27:42 EDT 2026 ===
=== r1ext_chain start Sun Sep 20 20:55:35 EDT 2026 ===
device cuda torch 2.10.0+cu130
train 19,625,263 val 432,739  eval 200x400 = 80,000 positions

=== PHASE r1ext (extend) ===
C:\Users\Timeroot\azoth\firmware_re\cfw\run_pke.py:397: UserWarning: expandable_segments not supported on this platform (Triggered internally at C:\actions-runner\_work\pytorch\pytorch\pytorch\c10/cuda/CUDAAllocatorConfig.h:39.)
  x = torch.stack([va_t[i:i+S]     for i in idx]).to(DEV)
[r1_ext] START from p2 ckpt step 0 -> 60000 (warm 6000 peak 8.0e-04 hold 6.0e-04 clip 0.5)
[r1_ext] step 2000/60000 lr 2.80e-04 mon 3.4120 best 3.4120@2000 (287s)
[r1_ext] step 4000/60000 lr 5.40e-04 mon 3.4375 best 3.4120@2000 (587s)
[r1_ext] step 6000/60000 lr 8.00e-04 mon 3.4551 best 3.4120@2000 (878s)
[r1_ext] step 8000/60000 lr 7.80e-04 mon 3.4410 best 3.4120@2000 (1202s)
[r1_ext] step 10000/60000 lr 7.60e-04 mon 3.4561 best 3.4120@2000 (1541s)
[r1_ext] step 12000/60000 lr 7.40e-04 mon 3.4499 best 3.4120@2000 (1867s)
[r1_ext] step 14000/60000 lr 7.20e-04 mon 3.4365 best 3.4120@2000 (2177s)
[r1_ext] step 16000/60000 lr 7.00e-04 mon 3.4282 best 3.4120@2000 (2502s)
[r1_ext] step 18000/60000 lr 6.80e-04 mon 3.4390 best 3.4120@2000 (2829s)
[r1_ext] step 20000/60000 lr 6.60e-04 mon 3.4323 best 3.4120@2000 (3149s)
[r1_ext] step 22000/60000 lr 6.40e-04 mon 3.4474 best 3.4120@2000 (3477s)
[r1_ext] step 24000/60000 lr 6.20e-04 mon 3.4323 best 3.4120@2000 (3813s)
[r1_ext] step 26000/60000 lr 6.00e-04 mon 3.4413 best 3.4120@2000 (4129s)
[r1_ext] step 28000/60000 lr 6.00e-04 mon 3.4439 best 3.4120@2000 (4461s)
[r1_ext] step 30000/60000 lr 6.00e-04 mon 3.4392 best 3.4120@2000 (4778s)
[r1_ext] step 32000/60000 lr 6.00e-04 mon 3.4324 best 3.4120@2000 (5110s)
[r1_ext] step 34000/60000 lr 6.00e-04 mon 3.4257 best 3.4120@2000 (5442s)
[r1_ext] step 36000/60000 lr 6.00e-04 mon 3.4346 best 3.4120@2000 (5760s)
[r1_ext] step 38000/60000 lr 6.00e-04 mon 3.4389 best 3.4120@2000 (6065s)
[r1_ext] step 40000/60000 lr 6.00e-04 mon 3.4449 best 3.4120@2000 (6387s)
[r1_ext] step 42000/60000 lr 6.00e-04 mon 3.4423 best 3.4120@2000 (6715s)
[r1_ext] step 44000/60000 lr 6.00e-04 mon 3.4252 best 3.4120@2000 (7052s)
[r1_ext] step 46000/60000 lr 6.00e-04 mon 3.4327 best 3.4120@2000 (7379s)
[r1_ext] step 48000/60000 lr 6.00e-04 mon 3.4444 best 3.4120@2000 (7686s)
[r1_ext] step 50000/60000 lr 6.00e-04 mon 3.4486 best 3.4120@2000 (7986s)
[r1_ext] step 52000/60000 lr 6.00e-04 mon 3.4489 best 3.4120@2000 (8286s)
[r1_ext] step 54000/60000 lr 6.00e-04 mon 3.4383 best 3.4120@2000 (8586s)
[r1_ext] step 56000/60000 lr 6.00e-04 mon 3.4279 best 3.4120@2000 (8885s)
[r1_ext] step 58000/60000 lr 6.00e-04 mon 3.4372 best 3.4120@2000 (9184s)
[r1_ext] step 60000/60000 lr 6.00e-04 mon 3.4493 best 3.4120@2000 (9479s)
[r1_ext] DONE ext 60000 best_mon 3.4120@2000
run_pke: all requested work complete.
device cuda torch 2.10.0+cu130
train 19,625,263 val 432,739  eval 200x400 = 80,000 positions

=== PHASE r1ext (readout) ===
C:\Users\Timeroot\azoth\firmware_re\cfw\run_pke.py:397: UserWarning: expandable_segments not supported on this platform (Triggered internally at C:\actions-runner\_work\pytorch\pytorch\pytorch\c10/cuda/CUDAAllocatorConfig.h:39.)
  x = torch.stack([va_t[i:i+S]     for i in idx]).to(DEV)
C:\Users\Timeroot\AppData\Local\Packages\PythonSoftwareFoundation.Python.3.13_qbz5n2kfra8p0\LocalCache\local-packages\Python313\site-packages\torch\nn\modules\rnn.py:1415: UserWarning: RNN module weights are not part of single contiguous chunk of memory. This means they need to be compacted at every call, possibly greatly increasing memory usage. To compact weights again call flatten_parameters(). (Triggered internally at C:\actions-runner\_work\pytorch\pytorch\pytorch\aten\src\ATen\native\cudnn\RNN.cpp:1480.)
  result = _VF.gru(
[r1_readout] ext-60000: annealed int8 3.3256 (t1 0.643) d_vs_3.316 +0.0096 d_vs_3.314 +0.0116 -> r1_ext_readouts.csv
run_pke: all requested work complete.
device cuda torch 2.10.0+cu130
train 19,625,263 val 432,739  eval 200x400 = 80,000 positions

=== PHASE r1ext (extend) ===
C:\Users\Timeroot\azoth\firmware_re\cfw\run_pke.py:397: UserWarning: expandable_segments not supported on this platform (Triggered internally at C:\actions-runner\_work\pytorch\pytorch\pytorch\c10/cuda/CUDAAllocatorConfig.h:39.)
  x = torch.stack([va_t[i:i+S]     for i in idx]).to(DEV)
[r1_ext] CONTINUE step 60000 -> 140000 (warm 6000 peak 8.0e-04 hold 6.0e-04 clip 0.5)
[r1_ext] step 62000/140000 lr 6.00e-04 mon 3.4316 best 3.4120@2000 (282s)
[r1_ext] step 64000/140000 lr 6.00e-04 mon 3.4399 best 3.4120@2000 (573s)
[r1_ext] step 66000/140000 lr 6.00e-04 mon 3.4286 best 3.4120@2000 (857s)
[r1_ext] step 68000/140000 lr 6.00e-04 mon 3.4407 best 3.4120@2000 (1165s)
[r1_ext] step 70000/140000 lr 6.00e-04 mon 3.4292 best 3.4120@2000 (1445s)
[r1_ext] step 72000/140000 lr 6.00e-04 mon 3.4439 best 3.4120@2000 (1743s)
[r1_ext] step 74000/140000 lr 6.00e-04 mon 3.4292 best 3.4120@2000 (2035s)
[r1_ext] step 76000/140000 lr 6.00e-04 mon 3.4468 best 3.4120@2000 (2322s)
[r1_ext] step 78000/140000 lr 6.00e-04 mon 3.4419 best 3.4120@2000 (2605s)
[r1_ext] step 80000/140000 lr 6.00e-04 mon 3.4453 best 3.4120@2000 (2887s)
[r1_ext] step 82000/140000 lr 6.00e-04 mon 3.4538 best 3.4120@2000 (3147s)
[r1_ext] step 84000/140000 lr 6.00e-04 mon 3.4432 best 3.4120@2000 (3450s)
[r1_ext] step 86000/140000 lr 6.00e-04 mon 3.4398 best 3.4120@2000 (3773s)
[r1_ext] step 88000/140000 lr 6.00e-04 mon 3.4390 best 3.4120@2000 (4093s)
[r1_ext] step 90000/140000 lr 6.00e-04 mon 3.4363 best 3.4120@2000 (4422s)
[r1_ext] step 92000/140000 lr 6.00e-04 mon 3.4398 best 3.4120@2000 (4740s)
[r1_ext] step 94000/140000 lr 6.00e-04 mon 3.4370 best 3.4120@2000 (5063s)
[r1_ext] step 96000/140000 lr 6.00e-04 mon 3.4389 best 3.4120@2000 (5379s)
[r1_ext] step 98000/140000 lr 6.00e-04 mon 3.4308 best 3.4120@2000 (5702s)
[r1_ext] step 100000/140000 lr 6.00e-04 mon 3.4507 best 3.4120@2000 (6019s)
[r1_ext] step 102000/140000 lr 6.00e-04 mon 3.4290 best 3.4120@2000 (6331s)
[r1_ext] step 104000/140000 lr 6.00e-04 mon 3.4498 best 3.4120@2000 (6642s)
[r1_ext] step 106000/140000 lr 6.00e-04 mon 3.4556 best 3.4120@2000 (6967s)
[r1_ext] step 108000/140000 lr 6.00e-04 mon 3.4370 best 3.4120@2000 (7281s)
[r1_ext] step 110000/140000 lr 6.00e-04 mon 3.4318 best 3.4120@2000 (7596s)
[r1_ext] step 112000/140000 lr 6.00e-04 mon 3.4463 best 3.4120@2000 (7922s)
[r1_ext] step 114000/140000 lr 6.00e-04 mon 3.4527 best 3.4120@2000 (8231s)
[r1_ext] step 116000/140000 lr 6.00e-04 mon 3.4530 best 3.4120@2000 (8548s)
[r1_ext] step 118000/140000 lr 6.00e-04 mon 3.4360 best 3.4120@2000 (8861s)
[r1_ext] step 120000/140000 lr 6.00e-04 mon 3.4293 best 3.4120@2000 (9172s)
[r1_ext] step 122000/140000 lr 6.00e-04 mon 3.4483 best 3.4120@2000 (9492s)
[r1_ext] step 124000/140000 lr 6.00e-04 mon 3.4460 best 3.4120@2000 (9803s)
[r1_ext] step 126000/140000 lr 6.00e-04 mon 3.4412 best 3.4120@2000 (10112s)
[r1_ext] step 128000/140000 lr 6.00e-04 mon 3.4306 best 3.4120@2000 (10425s)
[r1_ext] step 130000/140000 lr 6.00e-04 mon 3.4458 best 3.4120@2000 (10741s)
[r1_ext] step 132000/140000 lr 6.00e-04 mon 3.4346 best 3.4120@2000 (11060s)
[r1_ext] step 134000/140000 lr 6.00e-04 mon 3.4493 best 3.4120@2000 (11371s)
[r1_ext] step 136000/140000 lr 6.00e-04 mon 3.4391 best 3.4120@2000 (11684s)
[r1_ext] step 138000/140000 lr 6.00e-04 mon 3.4404 best 3.4120@2000 (11995s)
[r1_ext] step 140000/140000 lr 6.00e-04 mon 3.4386 best 3.4120@2000 (12306s)
[r1_ext] DONE ext 140000 best_mon 3.4120@2000
run_pke: all requested work complete.
device cuda torch 2.10.0+cu130
train 19,625,263 val 432,739  eval 200x400 = 80,000 positions

=== PHASE r1ext (readout) ===
C:\Users\Timeroot\azoth\firmware_re\cfw\run_pke.py:397: UserWarning: expandable_segments not supported on this platform (Triggered internally at C:\actions-runner\_work\pytorch\pytorch\pytorch\c10/cuda/CUDAAllocatorConfig.h:39.)
  x = torch.stack([va_t[i:i+S]     for i in idx]).to(DEV)
C:\Users\Timeroot\AppData\Local\Packages\PythonSoftwareFoundation.Python.3.13_qbz5n2kfra8p0\LocalCache\local-packages\Python313\site-packages\torch\nn\modules\rnn.py:1415: UserWarning: RNN module weights are not part of single contiguous chunk of memory. This means they need to be compacted at every call, possibly greatly increasing memory usage. To compact weights again call flatten_parameters(). (Triggered internally at C:\actions-runner\_work\pytorch\pytorch\pytorch\aten\src\ATen\native\cudnn\RNN.cpp:1480.)
  result = _VF.gru(
[r1_readout] ext-140000: annealed int8 3.3264 (t1 0.644) d_vs_3.316 +0.0104 d_vs_3.314 +0.0124 -> r1_ext_readouts.csv
run_pke: all requested work complete.
device cuda torch 2.10.0+cu130
train 19,625,263 val 432,739  eval 200x400 = 80,000 positions

=== PHASE r1ext (extend) ===
C:\Users\Timeroot\azoth\firmware_re\cfw\run_pke.py:397: UserWarning: expandable_segments not supported on this platform (Triggered internally at C:\actions-runner\_work\pytorch\pytorch\pytorch\c10/cuda/CUDAAllocatorConfig.h:39.)
  x = torch.stack([va_t[i:i+S]     for i in idx]).to(DEV)
[r1_ext] CONTINUE step 140000 -> 200000 (warm 6000 peak 8.0e-04 hold 6.0e-04 clip 0.5)
[r1_ext] step 142000/200000 lr 6.00e-04 mon 3.4378 best 3.4120@2000 (317s)
[r1_ext] step 144000/200000 lr 6.00e-04 mon 3.4290 best 3.4120@2000 (637s)
[r1_ext] step 146000/200000 lr 6.00e-04 mon 3.4620 best 3.4120@2000 (954s)
[r1_ext] step 148000/200000 lr 6.00e-04 mon 3.4389 best 3.4120@2000 (1270s)
[r1_ext] step 150000/200000 lr 6.00e-04 mon 3.4360 best 3.4120@2000 (1595s)
[r1_ext] step 152000/200000 lr 6.00e-04 mon 3.4446 best 3.4120@2000 (1912s)
[r1_ext] step 154000/200000 lr 6.00e-04 mon 3.4370 best 3.4120@2000 (2233s)
[r1_ext] step 156000/200000 lr 6.00e-04 mon 3.4443 best 3.4120@2000 (2551s)
[r1_ext] step 158000/200000 lr 6.00e-04 mon 3.4341 best 3.4120@2000 (2868s)
[r1_ext] step 160000/200000 lr 6.00e-04 mon 3.4377 best 3.4120@2000 (3191s)
[r1_ext] step 162000/200000 lr 6.00e-04 mon 3.4361 best 3.4120@2000 (3505s)
[r1_ext] step 164000/200000 lr 6.00e-04 mon 3.4498 best 3.4120@2000 (3828s)
[r1_ext] step 166000/200000 lr 6.00e-04 mon 3.4377 best 3.4120@2000 (4143s)
[r1_ext] step 168000/200000 lr 6.00e-04 mon 3.4451 best 3.4120@2000 (4462s)
[r1_ext] step 170000/200000 lr 6.00e-04 mon 3.4436 best 3.4120@2000 (4781s)
[r1_ext] step 172000/200000 lr 6.00e-04 mon 3.4376 best 3.4120@2000 (5094s)
[r1_ext] step 174000/200000 lr 6.00e-04 mon 3.4388 best 3.4120@2000 (5406s)
[r1_ext] step 176000/200000 lr 6.00e-04 mon 3.4235 best 3.4120@2000 (5727s)
[r1_ext] step 178000/200000 lr 6.00e-04 mon 3.4326 best 3.4120@2000 (6039s)
[r1_ext] step 180000/200000 lr 6.00e-04 mon 3.4320 best 3.4120@2000 (6360s)
[r1_ext] step 182000/200000 lr 6.00e-04 mon 3.4444 best 3.4120@2000 (6672s)
[r1_ext] step 184000/200000 lr 6.00e-04 mon 3.4434 best 3.4120@2000 (6992s)
[r1_ext] step 186000/200000 lr 6.00e-04 mon 3.4401 best 3.4120@2000 (7310s)
[r1_ext] step 188000/200000 lr 6.00e-04 mon 3.4372 best 3.4120@2000 (7620s)
[r1_ext] step 190000/200000 lr 6.00e-04 mon 3.4315 best 3.4120@2000 (7929s)
[r1_ext] step 192000/200000 lr 6.00e-04 mon 3.4319 best 3.4120@2000 (8239s)
[r1_ext] step 194000/200000 lr 6.00e-04 mon 3.4369 best 3.4120@2000 (8554s)
[r1_ext] step 196000/200000 lr 6.00e-04 mon 3.4350 best 3.4120@2000 (8865s)
[r1_ext] step 198000/200000 lr 6.00e-04 mon 3.4402 best 3.4120@2000 (9163s)
[r1_ext] step 200000/200000 lr 6.00e-04 mon 3.4415 best 3.4120@2000 (9476s)
[r1_ext] DONE ext 200000 best_mon 3.4120@2000
run_pke: all requested work complete.
device cuda torch 2.10.0+cu130
train 19,625,263 val 432,739  eval 200x400 = 80,000 positions

=== PHASE r1ext (readout) ===
C:\Users\Timeroot\azoth\firmware_re\cfw\run_pke.py:397: UserWarning: expandable_segments not supported on this platform (Triggered internally at C:\actions-runner\_work\pytorch\pytorch\pytorch\c10/cuda/CUDAAllocatorConfig.h:39.)
  x = torch.stack([va_t[i:i+S]     for i in idx]).to(DEV)
C:\Users\Timeroot\AppData\Local\Packages\PythonSoftwareFoundation.Python.3.13_qbz5n2kfra8p0\LocalCache\local-packages\Python313\site-packages\torch\nn\modules\rnn.py:1415: UserWarning: RNN module weights are not part of single contiguous chunk of memory. This means they need to be compacted at every call, possibly greatly increasing memory usage. To compact weights again call flatten_parameters(). (Triggered internally at C:\actions-runner\_work\pytorch\pytorch\pytorch\aten\src\ATen\native\cudnn\RNN.cpp:1480.)
  result = _VF.gru(
[r1_readout] ext-200000: annealed int8 3.3284 (t1 0.645) d_vs_3.316 +0.0124 d_vs_3.314 +0.0144 -> r1_ext_readouts.csv
run_pke: all requested work complete.
=== r1ext_chain done Mon Sep 21 06:39:18 EDT 2026 ===
